customerID,gender,SeniorCitizen,Partner,Dependents,tenure,PhoneService,MultipleLines,InternetService,OnlineSecurity,OnlineBackup,DeviceProtection,TechSupport,StreamingTV,StreamingMovies,Contract,PaperlessBilling,PaymentMethod,MonthlyCharges,TotalCharges,Churn,DatasetSource
DIG3-00000,Female,0,Yes,No,14,Yes,Yes,Fiber optic,Yes,Yes,No,No,No,Yes,Month-to-month,No,Credit card (automatic),132.59,1804.24,Yes,Digital_Streaming_Cohort
DIG3-00001,Female,0,Yes,No,30,No,No phone service,Fiber optic,Yes,No,No,Yes,Yes,No,Month-to-month,Yes,Credit card (automatic),115.56,3462.77,No,Digital_Streaming_Cohort
DIG3-00002,Male,0,Yes,Yes,5,Yes,Yes,Fiber optic,No,Yes,Yes,No,Yes,No,Month-to-month,Yes,Electronic check,137.71,662.19,Yes,Digital_Streaming_Cohort
DIG3-00003,Male,0,Yes,No,3,Yes,No,Fiber optic,No,No,No,No,No,Yes,Month-to-month,Yes,Electronic check,101.82,310.07,Yes,Digital_Streaming_Cohort
DIG3-00004,Female,0,No,No,24,Yes,Yes,Fiber optic,No,Yes,Yes,No,Yes,No,One year,Yes,Electronic check,129.86,3097.67,No,Digital_Streaming_Cohort
DIG3-00005,Female,0,Yes,Yes,8,Yes,No,Fiber optic,No,No,Yes,No,Yes,Yes,Month-to-month,Yes,Electronic check,121.12,975.78,Yes,Digital_Streaming_Cohort
DIG3-00006,Male,1,No,No,47,Yes,No,Fiber optic,No,Yes,Yes,Yes,Yes,Yes,Month-to-month,No,Bank transfer (automatic),143.3,6667.56,No,Digital_Streaming_Cohort
DIG3-00007,Female,0,No,No,5,Yes,Yes,DSL,Yes,Yes,Yes,No,Yes,Yes,One year,Yes,Bank transfer (automatic),138.41,675.1,Yes,Digital_Streaming_Cohort
DIG3-00008,Female,0,Yes,No,22,Yes,Yes,Fiber optic,No,No,No,Yes,No,Yes,Month-to-month,Yes,Electronic check,124.38,2843.39,Yes,Digital_Streaming_Cohort
DIG3-00009,Male,0,Yes,No,38,Yes,No,DSL,Yes,Yes,No,Yes,Yes,No,One year,Yes,Electronic check,110.23,4080.85,No,Digital_Streaming_Cohort
DIG3-00010,Female,1,Yes,No,38,Yes,No,DSL,Yes,Yes,No,Yes,Yes,No,One year,Yes,Bank transfer (automatic),101.64,3961.98,No,Digital_Streaming_Cohort
DIG3-00011,Male,1,Yes,Yes,18,Yes,No,Fiber optic,No,Yes,Yes,No,Yes,Yes,Month-to-month,No,Bank transfer (automatic),131.3,2269.34,No,Digital_Streaming_Cohort
DIG3-00012,Male,0,Yes,No,10,Yes,Yes,Fiber optic,Yes,Yes,No,No,No,No,Month-to-month,Yes,Bank transfer (automatic),118.02,1154.81,Yes,Digital_Streaming_Cohort
DIG3-00013,Female,1,No,No,72,No,No phone service,Fiber optic,No,Yes,No,No,No,Yes,Two year,Yes,Credit card (automatic),103.17,7297.55,No,Digital_Streaming_Cohort
DIG3-00014,Female,0,No,Yes,7,No,No phone service,DSL,No,No,No,Yes,No,Yes,Month-to-month,No,Electronic check,76.11,536.31,No,Digital_Streaming_Cohort
DIG3-00015,Male,0,No,No,19,Yes,No,Fiber optic,No,No,Yes,Yes,Yes,Yes,Month-to-month,Yes,Mailed check,130.68,2452.3,No,Digital_Streaming_Cohort
DIG3-00016,Male,0,No,Yes,3,Yes,Yes,Fiber optic,No,Yes,Yes,Yes,Yes,Yes,Two year,No,Credit card (automatic),159.56,480.58,No,Digital_Streaming_Cohort
DIG3-00017,Female,0,No,Yes,3,Yes,Yes,DSL,No,Yes,Yes,No,Yes,Yes,Month-to-month,Yes,Electronic check,129.37,388.9,Yes,Digital_Streaming_Cohort
DIG3-00018,Female,0,No,Yes,54,No,No phone service,Fiber optic,No,Yes,No,Yes,Yes,Yes,Month-to-month,Yes,Bank transfer (automatic),127.57,7101.36,Yes,Digital_Streaming_Cohort
DIG3-00019,Male,0,Yes,No,10,Yes,Yes,Fiber optic,No,Yes,Yes,Yes,No,Yes,Month-to-month,Yes,Electronic check,143.51,1476.62,No,Digital_Streaming_Cohort
DIG3-00020,Female,0,Yes,No,11,No,No phone service,Fiber optic,No,No,Yes,Yes,Yes,No,One year,Yes,Credit card (automatic),110.37,1174.89,No,Digital_Streaming_Cohort
DIG3-00021,Female,0,No,No,17,Yes,Yes,Fiber optic,Yes,Yes,No,Yes,Yes,No,Month-to-month,Yes,Electronic check,148.46,2491.85,No,Digital_Streaming_Cohort
DIG3-00022,Male,0,No,No,5,Yes,No,DSL,Yes,Yes,Yes,No,Yes,Yes,One year,Yes,Credit card (automatic),122.95,605.43,Yes,Digital_Streaming_Cohort
DIG3-00023,Male,0,No,Yes,57,Yes,Yes,Fiber optic,Yes,Yes,No,No,No,Yes,Two year,Yes,Credit card (automatic),133.75,7407.9,No,Digital_Streaming_Cohort
DIG3-00024,Male,0,Yes,No,10,Yes,Yes,No,No internet service,No internet service,No internet service,No internet service,No internet service,No internet service,Month-to-month,Yes,Electronic check,51.1,505.05,Yes,Digital_Streaming_Cohort
DIG3-00025,Female,0,Yes,No,10,Yes,Yes,Fiber optic,No,Yes,Yes,No,Yes,Yes,One year,No,Credit card (automatic),150.51,1483.46,No,Digital_Streaming_Cohort
DIG3-00026,Female,0,No,No,21,No,No phone service,Fiber optic,No,No,Yes,Yes,Yes,Yes,Month-to-month,No,Credit card (automatic),126.72,2575.83,No,Digital_Streaming_Cohort
DIG3-00027,Female,0,No,Yes,26,Yes,Yes,Fiber optic,Yes,Yes,No,Yes,Yes,Yes,Month-to-month,No,Bank transfer (automatic),154.7,3959.3,Yes,Digital_Streaming_Cohort
DIG3-00028,Female,0,No,No,4,Yes,Yes,Fiber optic,Yes,Yes,Yes,Yes,No,Yes,Month-to-month,Yes,Credit card (automatic),157.21,609.88,No,Digital_Streaming_Cohort
DIG3-00029,Female,0,Yes,No,48,Yes,No,Fiber optic,No,Yes,No,Yes,No,Yes,One year,Yes,Bank transfer (automatic),119.43,5537.34,No,Digital_Streaming_Cohort
DIG3-00030,Female,0,Yes,No,14,Yes,Yes,Fiber optic,No,No,Yes,No,No,Yes,One year,Yes,Mailed check,124.59,1736.57,No,Digital_Streaming_Cohort
DIG3-00031,Female,0,Yes,No,19,Yes,No,Fiber optic,No,No,Yes,No,Yes,No,One year,No,Bank transfer (automatic),104.12,1905.28,Yes,Digital_Streaming_Cohort
DIG3-00032,Male,0,Yes,No,32,No,No phone service,DSL,No,Yes,No,Yes,Yes,Yes,Two year,No,Mailed check,100.43,3086.84,No,Digital_Streaming_Cohort
DIG3-00033,Male,1,Yes,No,12,Yes,Yes,Fiber optic,No,Yes,Yes,No,No,No,Month-to-month,No,Electronic check,120.14,1414.52,No,Digital_Streaming_Cohort
DIG3-00034,Female,0,Yes,No,9,Yes,No,Fiber optic,No,Yes,Yes,No,No,Yes,Month-to-month,No,Bank transfer (automatic),126.26,1102.02,Yes,Digital_Streaming_Cohort
DIG3-00035,Male,1,No,No,3,Yes,Yes,Fiber optic,Yes,No,No,Yes,No,Yes,Month-to-month,Yes,Credit card (automatic),134.31,414.96,Yes,Digital_Streaming_Cohort
DIG3-00036,Female,0,No,No,8,Yes,No,Fiber optic,Yes,No,No,No,No,Yes,One year,Yes,Credit card (automatic),112.63,922.02,No,Digital_Streaming_Cohort
DIG3-00037,Female,0,No,No,35,Yes,Yes,Fiber optic,No,Yes,No,No,Yes,Yes,One year,Yes,Mailed check,137.97,4712.2,No,Digital_Streaming_Cohort
DIG3-00038,Female,0,Yes,No,3,Yes,No,Fiber optic,No,No,No,No,Yes,Yes,Two year,No,Bank transfer (automatic),115.31,357.74,No,Digital_Streaming_Cohort
DIG3-00039,Female,0,No,No,8,No,No phone service,Fiber optic,Yes,Yes,Yes,Yes,No,Yes,Month-to-month,No,Bank transfer (automatic),131.64,1089.63,Yes,Digital_Streaming_Cohort
DIG3-00040,Male,0,Yes,No,23,Yes,No,Fiber optic,No,Yes,Yes,Yes,Yes,No,Two year,Yes,Credit card (automatic),134.24,3075.45,No,Digital_Streaming_Cohort
DIG3-00041,Male,0,Yes,No,32,No,No phone service,Fiber optic,No,Yes,Yes,No,No,Yes,Month-to-month,No,Electronic check,106.12,3384.81,Yes,Digital_Streaming_Cohort
DIG3-00042,Female,0,Yes,No,12,Yes,No,DSL,Yes,Yes,No,No,Yes,Yes,Month-to-month,Yes,Electronic check,110.25,1293.13,Yes,Digital_Streaming_Cohort
DIG3-00043,Female,0,Yes,No,42,Yes,Yes,Fiber optic,No,Yes,Yes,No,No,No,Two year,No,Credit card (automatic),119.64,4910.96,No,Digital_Streaming_Cohort
DIG3-00044,Male,0,Yes,No,7,Yes,Yes,Fiber optic,Yes,No,No,No,No,No,One year,Yes,Electronic check,109.53,754.11,Yes,Digital_Streaming_Cohort
DIG3-00045,Male,0,No,No,28,Yes,Yes,No,No internet service,No internet service,No internet service,No internet service,No internet service,No internet service,Two year,Yes,Electronic check,54.89,1526.28,No,Digital_Streaming_Cohort
DIG3-00046,Female,0,No,No,9,Yes,No,Fiber optic,No,No,Yes,No,Yes,No,Month-to-month,No,Credit card (automatic),109.92,983.51,No,Digital_Streaming_Cohort
DIG3-00047,Male,0,No,No,3,Yes,Yes,Fiber optic,Yes,No,No,No,Yes,Yes,Month-to-month,No,Credit card (automatic),140.27,436.37,Yes,Digital_Streaming_Cohort
DIG3-00048,Female,0,Yes,No,13,Yes,No,Fiber optic,No,No,Yes,No,Yes,No,Month-to-month,Yes,Credit card (automatic),114.78,1548.29,Yes,Digital_Streaming_Cohort
DIG3-00049,Male,0,Yes,No,66,Yes,No,Fiber optic,Yes,Yes,Yes,Yes,Yes,Yes,Month-to-month,Yes,Credit card (automatic),162.01,10851.37,No,Digital_Streaming_Cohort
DIG3-00050,Female,0,No,Yes,72,Yes,No,DSL,No,No,Yes,Yes,No,No,Two year,Yes,Electronic check,82.47,5777.81,No,Digital_Streaming_Cohort
DIG3-00051,Female,0,No,No,18,No,No phone service,Fiber optic,Yes,No,Yes,No,Yes,No,Month-to-month,Yes,Bank transfer (automatic),111.39,2016.49,No,Digital_Streaming_Cohort
DIG3-00052,Male,0,No,Yes,25,Yes,No,Fiber optic,No,Yes,Yes,No,No,No,One year,Yes,Bank transfer (automatic),108.85,2621.92,No,Digital_Streaming_Cohort
DIG3-00053,Male,0,No,Yes,16,Yes,Yes,DSL,Yes,Yes,No,Yes,Yes,Yes,Month-to-month,Yes,Credit card (automatic),144.19,2273.27,Yes,Digital_Streaming_Cohort
DIG3-00054,Female,0,No,No,6,Yes,Yes,Fiber optic,No,Yes,No,Yes,Yes,No,Month-to-month,Yes,Bank transfer (automatic),136.42,826.39,Yes,Digital_Streaming_Cohort
DIG3-00055,Male,0,No,Yes,16,No,No phone service,Fiber optic,No,Yes,No,Yes,No,Yes,Month-to-month,Yes,Electronic check,113.34,1835.07,No,Digital_Streaming_Cohort
DIG3-00056,Female,0,No,No,1,No,No phone service,DSL,No,Yes,No,Yes,No,No,One year,Yes,Bank transfer (automatic),74.6,75.48,Yes,Digital_Streaming_Cohort
DIG3-00057,Male,0,No,No,26,No,No phone service,No,No internet service,No internet service,No internet service,No internet service,No internet service,No internet service,One year,No,Mailed check,24.89,668.63,No,Digital_Streaming_Cohort
DIG3-00058,Male,0,No,No,16,No,No phone service,Fiber optic,No,Yes,Yes,Yes,Yes,No,Month-to-month,Yes,Electronic check,127.31,1972.45,Yes,Digital_Streaming_Cohort
DIG3-00059,Male,1,No,Yes,25,Yes,No,Fiber optic,No,No,No,Yes,Yes,Yes,Month-to-month,Yes,Electronic check,121.04,3039.85,No,Digital_Streaming_Cohort
DIG3-00060,Male,0,Yes,No,12,Yes,No,DSL,No,No,No,Yes,No,Yes,Month-to-month,Yes,Credit card (automatic),91.88,1140.34,Yes,Digital_Streaming_Cohort
DIG3-00061,Female,0,Yes,No,20,No,No phone service,DSL,No,No,Yes,No,Yes,No,Month-to-month,No,Bank transfer (automatic),79.13,1618.13,Yes,Digital_Streaming_Cohort
DIG3-00062,Female,1,No,No,72,Yes,No,DSL,No,No,Yes,Yes,No,Yes,Month-to-month,No,Bank transfer (automatic),98.57,7310.29,No,Digital_Streaming_Cohort
DIG3-00063,Male,0,No,No,30,Yes,Yes,Fiber optic,No,Yes,No,No,No,Yes,Month-to-month,No,Credit card (automatic),125.54,3797.46,No,Digital_Streaming_Cohort
DIG3-00064,Male,0,Yes,No,40,Yes,No,Fiber optic,No,No,Yes,Yes,No,Yes,Month-to-month,Yes,Mailed check,118.6,4857.41,Yes,Digital_Streaming_Cohort
DIG3-00065,Female,0,Yes,No,30,Yes,No,Fiber optic,Yes,No,Yes,Yes,Yes,No,One year,Yes,Credit card (automatic),130.51,3984.61,No,Digital_Streaming_Cohort
DIG3-00066,Male,0,No,No,2,Yes,No,Fiber optic,Yes,Yes,No,Yes,Yes,Yes,Month-to-month,Yes,Credit card (automatic),145.76,301.93,Yes,Digital_Streaming_Cohort
DIG3-00067,Male,1,No,No,1,Yes,Yes,Fiber optic,Yes,Yes,No,Yes,Yes,No,One year,Yes,Bank transfer (automatic),142.81,145.72,Yes,Digital_Streaming_Cohort
DIG3-00068,Male,0,No,No,8,Yes,No,Fiber optic,No,Yes,No,No,No,Yes,Month-to-month,Yes,Mailed check,110.26,912.95,Yes,Digital_Streaming_Cohort
DIG3-00069,Female,0,Yes,No,72,Yes,Yes,Fiber optic,Yes,No,Yes,No,No,Yes,Month-to-month,Yes,Mailed check,138.95,9870.31,Yes,Digital_Streaming_Cohort
DIG3-00070,Female,0,No,No,26,Yes,Yes,DSL,No,Yes,Yes,No,Yes,No,Month-to-month,Yes,Credit card (automatic),112.06,2993.81,No,Digital_Streaming_Cohort
DIG3-00071,Female,0,No,No,16,Yes,Yes,Fiber optic,Yes,Yes,Yes,No,Yes,Yes,Month-to-month,Yes,Credit card (automatic),162.48,2685.75,Yes,Digital_Streaming_Cohort
DIG3-00072,Female,0,Yes,No,72,No,No phone service,DSL,Yes,Yes,Yes,No,Yes,Yes,Month-to-month,Yes,Electronic check,112.98,8352.02,Yes,Digital_Streaming_Cohort
DIG3-00073,Male,0,No,No,31,No,No phone service,Fiber optic,No,Yes,Yes,No,Yes,Yes,Month-to-month,No,Credit card (automatic),126.97,4018.44,No,Digital_Streaming_Cohort
DIG3-00074,Female,0,Yes,No,72,Yes,Yes,Fiber optic,No,Yes,No,Yes,Yes,No,Month-to-month,Yes,Bank transfer (automatic),135.23,9428.54,No,Digital_Streaming_Cohort
DIG3-00075,Male,0,No,No,12,Yes,No,DSL,No,No,No,No,Yes,Yes,Month-to-month,Yes,Electronic check,94.65,1123.66,Yes,Digital_Streaming_Cohort
DIG3-00076,Female,0,Yes,No,9,Yes,Yes,Fiber optic,No,No,Yes,No,No,No,One year,Yes,Mailed check,109.91,953.63,No,Digital_Streaming_Cohort
DIG3-00077,Female,0,No,Yes,9,No,No phone service,DSL,No,No,Yes,No,Yes,Yes,Month-to-month,Yes,Credit card (automatic),92.89,839.45,No,Digital_Streaming_Cohort
DIG3-00078,Female,0,No,Yes,11,Yes,Yes,DSL,Yes,Yes,No,No,Yes,Yes,Two year,Yes,Mailed check,133.94,1432.06,No,Digital_Streaming_Cohort
DIG3-00079,Male,0,No,No,19,Yes,Yes,Fiber optic,No,Yes,Yes,No,No,No,Month-to-month,No,Electronic check,120.73,2379.05,Yes,Digital_Streaming_Cohort
DIG3-00080,Female,0,No,No,41,Yes,Yes,DSL,No,Yes,Yes,No,Yes,Yes,Month-to-month,No,Credit card (automatic),128.48,5244.32,Yes,Digital_Streaming_Cohort
DIG3-00081,Female,1,No,Yes,48,Yes,Yes,Fiber optic,No,Yes,No,Yes,No,Yes,Month-to-month,Yes,Credit card (automatic),137.33,6619.79,No,Digital_Streaming_Cohort
DIG3-00082,Female,0,Yes,Yes,22,Yes,Yes,DSL,No,No,No,Yes,No,No,Month-to-month,Yes,Credit card (automatic),91.21,2040.59,Yes,Digital_Streaming_Cohort
DIG3-00083,Female,0,No,No,51,Yes,Yes,Fiber optic,No,No,No,No,Yes,No,One year,Yes,Bank transfer (automatic),118.27,6152.55,No,Digital_Streaming_Cohort
DIG3-00084,Female,0,No,Yes,9,Yes,Yes,Fiber optic,Yes,Yes,Yes,No,Yes,Yes,One year,Yes,Bank transfer (automatic),157.34,1437.88,No,Digital_Streaming_Cohort
DIG3-00085,Male,0,Yes,No,18,Yes,Yes,Fiber optic,Yes,Yes,Yes,No,Yes,Yes,One year,Yes,Mailed check,159.73,2760.85,No,Digital_Streaming_Cohort
DIG3-00086,Male,0,No,Yes,7,Yes,Yes,Fiber optic,No,Yes,No,Yes,No,No,Month-to-month,No,Credit card (automatic),118.23,817.21,Yes,Digital_Streaming_Cohort
DIG3-00087,Male,0,No,No,72,Yes,Yes,Fiber optic,No,Yes,No,No,No,No,One year,No,Credit card (automatic),113.68,8383.05,No,Digital_Streaming_Cohort
DIG3-00088,Male,0,Yes,Yes,8,No,No phone service,Fiber optic,No,No,No,No,No,Yes,Month-to-month,Yes,Credit card (automatic),89.68,713.99,No,Digital_Streaming_Cohort
DIG3-00089,Female,0,No,No,13,Yes,No,DSL,No,Yes,No,Yes,Yes,Yes,Two year,Yes,Bank transfer (automatic),115.31,1461.54,No,Digital_Streaming_Cohort
DIG3-00090,Male,0,No,No,41,Yes,No,DSL,Yes,No,Yes,Yes,Yes,Yes,Two year,Yes,Electronic check,131.33,5498.45,Yes,Digital_Streaming_Cohort
DIG3-00091,Female,0,Yes,No,4,Yes,Yes,Fiber optic,Yes,Yes,Yes,No,No,Yes,Month-to-month,Yes,Bank transfer (automatic),148.95,613.17,No,Digital_Streaming_Cohort
DIG3-00092,Female,0,No,No,29,Yes,Yes,DSL,Yes,No,No,No,No,Yes,Month-to-month,Yes,Credit card (automatic),104.07,3005.53,No,Digital_Streaming_Cohort
DIG3-00093,Male,0,Yes,No,18,Yes,No,Fiber optic,No,Yes,Yes,No,Yes,No,Month-to-month,No,Electronic check,124.72,2333.05,Yes,Digital_Streaming_Cohort
DIG3-00094,Male,0,No,No,22,Yes,Yes,DSL,No,Yes,Yes,No,No,No,One year,Yes,Credit card (automatic),95.11,2085.96,No,Digital_Streaming_Cohort
DIG3-00095,Female,0,No,No,3,Yes,Yes,Fiber optic,No,Yes,No,No,No,Yes,Month-to-month,No,Bank transfer (automatic),129.76,397.19,Yes,Digital_Streaming_Cohort
DIG3-00096,Male,0,No,No,3,Yes,No,Fiber optic,Yes,No,No,No,Yes,Yes,One year,Yes,Credit card (automatic),124.32,372.09,Yes,Digital_Streaming_Cohort
DIG3-00097,Female,0,No,Yes,43,Yes,Yes,Fiber optic,No,Yes,Yes,No,No,Yes,Month-to-month,No,Credit card (automatic),133.79,5543.58,No,Digital_Streaming_Cohort
DIG3-00098,Female,0,No,No,22,Yes,Yes,DSL,Yes,No,No,No,Yes,Yes,Month-to-month,Yes,Electronic check,121.85,2769.76,Yes,Digital_Streaming_Cohort
DIG3-00099,Female,0,No,No,2,Yes,No,Fiber optic,No,Yes,Yes,Yes,No,Yes,Month-to-month,No,Electronic check,127.88,250.64,Yes,Digital_Streaming_Cohort
DIG3-00100,Female,0,No,Yes,38,Yes,Yes,Fiber optic,No,No,No,Yes,Yes,Yes,One year,No,Electronic check,144.42,5329.09,Yes,Digital_Streaming_Cohort
DIG3-00101,Male,0,Yes,No,63,Yes,No,Fiber optic,Yes,Yes,Yes,Yes,Yes,Yes,Month-to-month,Yes,Bank transfer (automatic),158.45,10211.95,Yes,Digital_Streaming_Cohort
DIG3-00102,Male,1,Yes,No,48,Yes,Yes,Fiber optic,Yes,No,Yes,No,No,Yes,One year,Yes,Credit card (automatic),136.13,6431.78,No,Digital_Streaming_Cohort
DIG3-00103,Male,0,No,No,9,Yes,Yes,DSL,No,Yes,No,No,Yes,Yes,Month-to-month,Yes,Credit card (automatic),122.46,1061.84,Yes,Digital_Streaming_Cohort
DIG3-00104,Female,0,No,No,1,No,No phone service,DSL,Yes,No,Yes,Yes,No,Yes,Month-to-month,Yes,Electronic check,106.09,105.23,Yes,Digital_Streaming_Cohort
DIG3-00105,Male,0,Yes,No,8,Yes,Yes,Fiber optic,No,Yes,Yes,Yes,Yes,Yes,Month-to-month,Yes,Electronic check,155.67,1262.03,Yes,Digital_Streaming_Cohort
DIG3-00106,Male,0,Yes,No,36,Yes,Yes,DSL,No,Yes,No,No,Yes,Yes,Month-to-month,Yes,Bank transfer (automatic),119.83,4224.2,No,Digital_Streaming_Cohort
DIG3-00107,Male,1,No,No,2,Yes,Yes,Fiber optic,No,Yes,Yes,Yes,Yes,Yes,Two year,Yes,Bank transfer (automatic),163.54,328.12,Yes,Digital_Streaming_Cohort
DIG3-00108,Female,0,No,Yes,13,Yes,Yes,Fiber optic,No,No,No,No,Yes,Yes,Month-to-month,Yes,Bank transfer (automatic),133.35,1796.48,No,Digital_Streaming_Cohort
DIG3-00109,Male,0,No,No,23,Yes,Yes,DSL,No,No,No,No,Yes,No,Month-to-month,Yes,Electronic check,91.04,2137.99,No,Digital_Streaming_Cohort
DIG3-00110,Female,0,Yes,No,66,Yes,Yes,Fiber optic,Yes,Yes,No,No,Yes,No,One year,Yes,Electronic check,135.63,9174.03,No,Digital_Streaming_Cohort
DIG3-00111,Female,0,No,No,12,No,No phone service,Fiber optic,Yes,Yes,No,No,Yes,No,Month-to-month,No,Credit card (automatic),112.89,1312.86,Yes,Digital_Streaming_Cohort
DIG3-00112,Female,0,No,No,1,Yes,Yes,Fiber optic,Yes,Yes,Yes,No,No,No,Month-to-month,Yes,Electronic check,134.82,134.27,Yes,Digital_Streaming_Cohort
DIG3-00113,Male,0,No,No,72,Yes,No,Fiber optic,No,No,No,No,Yes,Yes,Two year,Yes,Bank transfer (automatic),113.56,7987.16,No,Digital_Streaming_Cohort
DIG3-00114,Female,0,Yes,No,17,Yes,No,Fiber optic,No,Yes,Yes,No,Yes,No,Two year,Yes,Credit card (automatic),115.24,1919.05,No,Digital_Streaming_Cohort
DIG3-00115,Female,0,No,No,17,Yes,Yes,Fiber optic,Yes,No,Yes,No,No,Yes,Two year,Yes,Electronic check,136.91,2370.61,No,Digital_Streaming_Cohort
DIG3-00116,Male,0,Yes,No,3,Yes,Yes,DSL,No,No,Yes,No,Yes,Yes,Two year,No,Bank transfer (automatic),118.11,363.68,No,Digital_Streaming_Cohort
DIG3-00117,Female,1,No,Yes,1,No,No phone service,Fiber optic,No,No,Yes,No,Yes,Yes,Month-to-month,Yes,Electronic check,110.93,112.06,Yes,Digital_Streaming_Cohort
DIG3-00118,Female,0,No,Yes,31,Yes,Yes,Fiber optic,Yes,No,No,No,Yes,Yes,One year,Yes,Credit card (automatic),136.24,4054.74,No,Digital_Streaming_Cohort
DIG3-00119,Male,0,Yes,Yes,39,Yes,No,Fiber optic,Yes,No,Yes,Yes,Yes,Yes,Month-to-month,No,Electronic check,146.54,5575.84,Yes,Digital_Streaming_Cohort
DIG3-00120,Male,0,Yes,No,72,Yes,No,DSL,Yes,Yes,Yes,Yes,Yes,No,One year,Yes,Electronic check,116.56,8621.73,No,Digital_Streaming_Cohort
DIG3-00121,Female,0,No,No,8,Yes,Yes,No,No internet service,No internet service,No internet service,No internet service,No internet service,No internet service,One year,Yes,Credit card (automatic),50.85,422.66,No,Digital_Streaming_Cohort
DIG3-00122,Female,0,Yes,No,20,Yes,Yes,DSL,No,No,Yes,No,No,Yes,Month-to-month,Yes,Credit card (automatic),105.44,2186.61,No,Digital_Streaming_Cohort
DIG3-00123,Male,0,No,No,3,No,No phone service,Fiber optic,Yes,Yes,No,Yes,No,No,One year,Yes,Credit card (automatic),103.84,311.22,Yes,Digital_Streaming_Cohort
DIG3-00124,Male,0,Yes,No,19,Yes,No,Fiber optic,Yes,Yes,No,No,Yes,No,Month-to-month,Yes,Credit card (automatic),115.47,2176.42,Yes,Digital_Streaming_Cohort
DIG3-00125,Male,0,No,No,12,Yes,No,Fiber optic,No,Yes,Yes,No,No,No,One year,No,Bank transfer (automatic),105.72,1283.21,No,Digital_Streaming_Cohort
DIG3-00126,Male,0,Yes,No,23,No,No phone service,Fiber optic,No,No,Yes,Yes,No,Yes,Month-to-month,No,Credit card (automatic),108.91,2508.0,No,Digital_Streaming_Cohort
DIG3-00127,Female,0,No,No,34,Yes,Yes,Fiber optic,No,Yes,No,No,Yes,Yes,Month-to-month,No,Credit card (automatic),138.93,4776.65,No,Digital_Streaming_Cohort
DIG3-00128,Male,0,No,No,27,No,No phone service,Fiber optic,Yes,No,Yes,No,No,No,One year,Yes,Credit card (automatic),97.08,2521.89,No,Digital_Streaming_Cohort
DIG3-00129,Female,1,No,Yes,72,No,No phone service,Fiber optic,No,No,Yes,Yes,Yes,Yes,Month-to-month,Yes,Electronic check,120.79,8444.61,No,Digital_Streaming_Cohort
DIG3-00130,Male,0,No,No,25,Yes,Yes,Fiber optic,Yes,No,No,Yes,Yes,Yes,One year,Yes,Bank transfer (automatic),150.73,3622.98,No,Digital_Streaming_Cohort
DIG3-00131,Male,0,No,Yes,68,No,No phone service,Fiber optic,Yes,No,No,Yes,Yes,Yes,Month-to-month,No,Credit card (automatic),119.65,8349.42,Yes,Digital_Streaming_Cohort
DIG3-00132,Male,0,No,No,1,Yes,No,DSL,No,No,No,No,Yes,Yes,Month-to-month,Yes,Bank transfer (automatic),92.9,93.56,Yes,Digital_Streaming_Cohort
DIG3-00133,Female,1,No,No,20,Yes,Yes,No,No internet service,No internet service,No internet service,No internet service,No internet service,No internet service,Month-to-month,Yes,Electronic check,43.24,837.22,No,Digital_Streaming_Cohort
DIG3-00134,Male,0,Yes,No,29,Yes,Yes,Fiber optic,Yes,No,No,No,Yes,Yes,One year,Yes,Credit card (automatic),138.75,3876.51,No,Digital_Streaming_Cohort
DIG3-00135,Female,0,Yes,No,24,Yes,Yes,Fiber optic,Yes,No,Yes,Yes,Yes,No,Month-to-month,Yes,Bank transfer (automatic),143.53,3450.77,Yes,Digital_Streaming_Cohort
DIG3-00136,Female,0,No,Yes,72,Yes,Yes,Fiber optic,Yes,No,No,No,Yes,No,Month-to-month,Yes,Electronic check,125.42,8808.64,Yes,Digital_Streaming_Cohort
DIG3-00137,Male,0,No,No,5,Yes,No,DSL,Yes,No,Yes,Yes,Yes,No,Month-to-month,No,Electronic check,107.84,558.22,Yes,Digital_Streaming_Cohort
DIG3-00138,Female,0,No,Yes,2,Yes,Yes,DSL,No,No,No,Yes,Yes,Yes,Month-to-month,Yes,Bank transfer (automatic),121.03,241.87,Yes,Digital_Streaming_Cohort
DIG3-00139,Male,0,Yes,No,25,Yes,Yes,DSL,Yes,Yes,No,No,Yes,No,Month-to-month,Yes,Electronic check,119.22,3057.5,Yes,Digital_Streaming_Cohort
DIG3-00140,Female,0,Yes,No,6,No,No phone service,No,No internet service,No internet service,No internet service,No internet service,No internet service,No internet service,Month-to-month,Yes,Electronic check,24.18,141.72,Yes,Digital_Streaming_Cohort
DIG3-00141,Male,0,No,Yes,24,No,No phone service,Fiber optic,Yes,Yes,Yes,No,No,Yes,Month-to-month,No,Electronic check,122.07,2896.55,Yes,Digital_Streaming_Cohort
DIG3-00142,Female,1,No,Yes,18,Yes,No,DSL,No,Yes,No,No,No,No,Month-to-month,Yes,Credit card (automatic),72.56,1256.34,Yes,Digital_Streaming_Cohort
DIG3-00143,Female,0,Yes,No,21,No,No phone service,Fiber optic,No,Yes,Yes,Yes,No,Yes,Month-to-month,Yes,Credit card (automatic),121.87,2461.59,Yes,Digital_Streaming_Cohort
DIG3-00144,Female,0,Yes,No,24,Yes,No,DSL,Yes,Yes,Yes,Yes,Yes,No,One year,No,Electronic check,116.67,2798.51,No,Digital_Streaming_Cohort
DIG3-00145,Male,0,No,No,27,Yes,No,Fiber optic,No,No,Yes,No,Yes,Yes,Month-to-month,Yes,Credit card (automatic),119.63,3357.5,No,Digital_Streaming_Cohort
DIG3-00146,Female,0,No,No,37,Yes,No,Fiber optic,No,Yes,Yes,Yes,No,Yes,Month-to-month,Yes,Credit card (automatic),127.13,4828.73,No,Digital_Streaming_Cohort
DIG3-00147,Female,0,No,No,11,Yes,Yes,Fiber optic,No,No,Yes,No,No,Yes,Two year,Yes,Bank transfer (automatic),124.65,1365.3,No,Digital_Streaming_Cohort
DIG3-00148,Male,0,Yes,Yes,4,Yes,Yes,DSL,No,No,Yes,Yes,Yes,No,One year,Yes,Bank transfer (automatic),115.32,457.75,No,Digital_Streaming_Cohort
DIG3-00149,Female,0,No,Yes,24,Yes,Yes,DSL,No,No,No,No,No,No,Two year,Yes,Bank transfer (automatic),75.9,1770.69,No,Digital_Streaming_Cohort
DIG3-00150,Male,0,No,No,3,Yes,Yes,No,No internet service,No internet service,No internet service,No internet service,No internet service,No internet service,One year,Yes,Bank transfer (automatic),53.01,154.51,Yes,Digital_Streaming_Cohort
DIG3-00151,Female,0,No,No,72,Yes,No,Fiber optic,Yes,No,No,No,Yes,No,Two year,Yes,Bank transfer (automatic),114.76,8534.73,No,Digital_Streaming_Cohort
DIG3-00152,Male,0,No,No,26,Yes,Yes,Fiber optic,No,Yes,Yes,Yes,Yes,Yes,Month-to-month,Yes,Bank transfer (automatic),166.06,4360.07,No,Digital_Streaming_Cohort
DIG3-00153,Female,0,No,No,35,Yes,Yes,DSL,Yes,Yes,Yes,No,No,Yes,One year,Yes,Bank transfer (automatic),124.92,4382.91,No,Digital_Streaming_Cohort
DIG3-00154,Male,0,No,No,20,Yes,Yes,Fiber optic,Yes,Yes,Yes,No,Yes,No,Month-to-month,Yes,Mailed check,141.71,2879.24,Yes,Digital_Streaming_Cohort
DIG3-00155,Female,0,No,No,25,Yes,Yes,DSL,Yes,Yes,Yes,No,Yes,Yes,Month-to-month,Yes,Bank transfer (automatic),140.5,3518.53,Yes,Digital_Streaming_Cohort
DIG3-00156,Female,1,No,No,33,Yes,Yes,Fiber optic,No,No,No,No,No,Yes,Month-to-month,Yes,Electronic check,117.69,4014.82,No,Digital_Streaming_Cohort
DIG3-00157,Female,0,No,No,17,Yes,Yes,DSL,Yes,Yes,No,No,No,Yes,Two year,Yes,Electronic check,114.99,2017.28,No,Digital_Streaming_Cohort
DIG3-00158,Male,0,Yes,Yes,9,Yes,Yes,Fiber optic,Yes,Yes,No,No,Yes,No,Month-to-month,Yes,Mailed check,135.83,1191.49,Yes,Digital_Streaming_Cohort
DIG3-00159,Female,0,No,No,37,Yes,Yes,DSL,Yes,Yes,No,Yes,Yes,No,Month-to-month,Yes,Electronic check,127.22,4817.84,No,Digital_Streaming_Cohort
DIG3-00160,Female,1,No,No,18,Yes,No,Fiber optic,No,No,Yes,No,Yes,No,Month-to-month,Yes,Bank transfer (automatic),108.29,1947.5,No,Digital_Streaming_Cohort
DIG3-00161,Female,0,No,Yes,49,Yes,No,Fiber optic,No,Yes,Yes,Yes,No,Yes,Two year,No,Bank transfer (automatic),127.02,6163.07,No,Digital_Streaming_Cohort
DIG3-00162,Female,1,No,Yes,50,No,No phone service,Fiber optic,No,No,No,Yes,Yes,Yes,Month-to-month,Yes,Credit card (automatic),115.69,5584.5,Yes,Digital_Streaming_Cohort
DIG3-00163,Male,0,No,No,12,Yes,Yes,DSL,Yes,No,No,No,Yes,No,One year,Yes,Electronic check,106.03,1320.62,No,Digital_Streaming_Cohort
DIG3-00164,Female,0,Yes,No,29,Yes,No,Fiber optic,No,Yes,Yes,No,Yes,Yes,One year,Yes,Bank transfer (automatic),139.67,4154.28,No,Digital_Streaming_Cohort
DIG3-00165,Male,0,No,No,4,Yes,Yes,Fiber optic,Yes,Yes,No,No,Yes,No,Month-to-month,No,Electronic check,133.53,518.6,Yes,Digital_Streaming_Cohort
DIG3-00166,Female,0,No,Yes,24,Yes,Yes,Fiber optic,Yes,Yes,No,Yes,No,No,Month-to-month,Yes,Credit card (automatic),132.21,3162.95,Yes,Digital_Streaming_Cohort
DIG3-00167,Female,0,No,Yes,72,Yes,No,Fiber optic,No,No,No,Yes,Yes,Yes,Month-to-month,Yes,Credit card (automatic),123.04,8940.84,No,Digital_Streaming_Cohort
DIG3-00168,Male,0,No,No,71,Yes,No,Fiber optic,No,Yes,No,No,No,Yes,Month-to-month,Yes,Credit card (automatic),103.73,7220.95,No,Digital_Streaming_Cohort
DIG3-00169,Female,0,No,No,31,No,No phone service,DSL,Yes,Yes,Yes,No,No,Yes,Month-to-month,Yes,Electronic check,98.92,3164.04,No,Digital_Streaming_Cohort
DIG3-00170,Female,0,Yes,No,34,No,No phone service,Fiber optic,No,No,No,No,No,No,Month-to-month,Yes,Bank transfer (automatic),70.38,2326.68,No,Digital_Streaming_Cohort
DIG3-00171,Female,0,Yes,No,35,Yes,Yes,DSL,Yes,No,Yes,Yes,Yes,No,Month-to-month,Yes,Mailed check,122.79,4191.49,No,Digital_Streaming_Cohort
DIG3-00172,Male,0,No,No,72,No,No phone service,Fiber optic,No,No,Yes,Yes,No,Yes,Month-to-month,No,Credit card (automatic),109.54,7869.12,No,Digital_Streaming_Cohort
DIG3-00173,Female,0,No,No,22,No,No phone service,DSL,No,Yes,No,No,Yes,Yes,Month-to-month,Yes,Mailed check,91.87,2000.4,Yes,Digital_Streaming_Cohort
DIG3-00174,Male,0,No,No,26,No,No phone service,Fiber optic,Yes,Yes,Yes,Yes,Yes,No,Two year,No,Credit card (automatic),124.68,3145.95,No,Digital_Streaming_Cohort
DIG3-00175,Male,0,No,No,14,Yes,Yes,DSL,No,Yes,Yes,No,Yes,No,Month-to-month,Yes,Bank transfer (automatic),115.67,1666.88,Yes,Digital_Streaming_Cohort
DIG3-00176,Female,0,Yes,Yes,2,Yes,Yes,Fiber optic,No,Yes,No,Yes,Yes,No,One year,Yes,Electronic check,136.07,269.99,No,Digital_Streaming_Cohort
DIG3-00177,Female,0,No,Yes,5,Yes,No,Fiber optic,Yes,No,No,Yes,No,Yes,Month-to-month,Yes,Bank transfer (automatic),121.99,604.57,No,Digital_Streaming_Cohort
DIG3-00178,Female,1,Yes,No,13,Yes,No,Fiber optic,Yes,Yes,Yes,No,Yes,No,Month-to-month,Yes,Bank transfer (automatic),126.93,1706.62,Yes,Digital_Streaming_Cohort
DIG3-00179,Female,0,No,No,56,Yes,No,Fiber optic,No,Yes,Yes,No,No,No,Month-to-month,Yes,Bank transfer (automatic),103.98,5628.33,Yes,Digital_Streaming_Cohort
DIG3-00180,Female,0,No,No,1,Yes,Yes,Fiber optic,No,No,Yes,No,Yes,Yes,Month-to-month,Yes,Credit card (automatic),143.97,143.82,Yes,Digital_Streaming_Cohort
DIG3-00181,Male,1,No,No,16,Yes,Yes,DSL,No,Yes,No,No,Yes,No,Month-to-month,Yes,Credit card (automatic),102.77,1599.3,Yes,Digital_Streaming_Cohort
DIG3-00182,Male,0,No,Yes,7,Yes,No,Fiber optic,No,No,No,Yes,Yes,No,One year,No,Credit card (automatic),114.08,774.71,No,Digital_Streaming_Cohort
DIG3-00183,Male,0,No,No,41,Yes,Yes,Fiber optic,Yes,No,No,Yes,No,No,One year,Yes,Electronic check,116.65,4858.42,No,Digital_Streaming_Cohort
DIG3-00184,Male,0,Yes,No,14,Yes,No,Fiber optic,No,Yes,Yes,No,Yes,Yes,Two year,Yes,Bank transfer (automatic),133.37,1921.66,No,Digital_Streaming_Cohort
DIG3-00185,Male,0,No,No,9,Yes,No,Fiber optic,No,No,Yes,Yes,No,Yes,Two year,Yes,Credit card (automatic),117.59,1062.38,No,Digital_Streaming_Cohort
DIG3-00186,Male,0,Yes,No,11,Yes,Yes,Fiber optic,No,Yes,No,No,No,No,One year,Yes,Bank transfer (automatic),106.94,1222.81,Yes,Digital_Streaming_Cohort
DIG3-00187,Female,0,No,No,6,Yes,Yes,No,No internet service,No internet service,No internet service,No internet service,No internet service,No internet service,Two year,Yes,Credit card (automatic),46.96,276.94,No,Digital_Streaming_Cohort
DIG3-00188,Female,0,Yes,No,12,Yes,No,DSL,No,No,No,No,Yes,Yes,One year,Yes,Electronic check,98.77,1170.11,No,Digital_Streaming_Cohort
DIG3-00189,Female,0,No,No,41,Yes,No,Fiber optic,No,No,Yes,No,Yes,Yes,One year,No,Electronic check,121.97,4830.65,Yes,Digital_Streaming_Cohort
DIG3-00190,Female,0,Yes,No,1,Yes,No,Fiber optic,Yes,No,Yes,No,Yes,No,One year,Yes,Electronic check,121.04,121.08,Yes,Digital_Streaming_Cohort
DIG3-00191,Male,0,No,Yes,18,Yes,No,Fiber optic,Yes,Yes,No,Yes,Yes,Yes,Month-to-month,No,Electronic check,145.9,2578.28,No,Digital_Streaming_Cohort
DIG3-00192,Male,0,Yes,No,26,Yes,No,Fiber optic,No,No,Yes,Yes,Yes,Yes,Month-to-month,No,Electronic check,136.61,3670.77,No,Digital_Streaming_Cohort
DIG3-00193,Male,0,No,No,30,Yes,No,Fiber optic,No,No,Yes,No,No,No,One year,Yes,Electronic check,94.6,2942.61,No,Digital_Streaming_Cohort
DIG3-00194,Female,0,Yes,No,72,Yes,No,DSL,Yes,No,No,Yes,No,Yes,Two year,Yes,Electronic check,97.74,6771.55,No,Digital_Streaming_Cohort
DIG3-00195,Female,0,Yes,Yes,6,No,No phone service,Fiber optic,No,No,Yes,Yes,No,Yes,One year,Yes,Credit card (automatic),107.49,635.18,No,Digital_Streaming_Cohort
DIG3-00196,Male,0,No,No,3,Yes,Yes,Fiber optic,Yes,No,Yes,Yes,No,Yes,Two year,Yes,Credit card (automatic),149.55,452.64,Yes,Digital_Streaming_Cohort
DIG3-00197,Female,1,Yes,Yes,33,Yes,Yes,DSL,Yes,Yes,Yes,No,No,No,Month-to-month,Yes,Mailed check,110.69,3791.15,No,Digital_Streaming_Cohort
DIG3-00198,Male,0,Yes,No,4,No,No phone service,DSL,No,No,Yes,No,Yes,No,Month-to-month,Yes,Credit card (automatic),79.27,317.77,No,Digital_Streaming_Cohort
DIG3-00199,Female,0,Yes,No,17,Yes,No,Fiber optic,Yes,No,No,Yes,Yes,Yes,One year,Yes,Credit card (automatic),127.24,2242.72,No,Digital_Streaming_Cohort
DIG3-00200,Male,0,No,No,18,No,No phone service,DSL,Yes,No,No,Yes,No,Yes,Month-to-month,No,Electronic check,85.69,1552.37,Yes,Digital_Streaming_Cohort
DIG3-00201,Male,0,No,No,21,Yes,No,Fiber optic,No,Yes,No,No,No,No,Month-to-month,Yes,Bank transfer (automatic),93.46,2019.22,Yes,Digital_Streaming_Cohort
DIG3-00202,Female,0,No,Yes,4,Yes,No,Fiber optic,No,Yes,No,No,No,Yes,Month-to-month,No,Electronic check,104.8,431.69,Yes,Digital_Streaming_Cohort
DIG3-00203,Male,0,Yes,No,8,Yes,Yes,DSL,No,No,No,No,Yes,Yes,Month-to-month,No,Credit card (automatic),111.29,903.89,Yes,Digital_Streaming_Cohort
DIG3-00204,Female,0,No,Yes,51,Yes,No,Fiber optic,No,Yes,No,No,No,Yes,Month-to-month,Yes,Electronic check,112.11,5849.44,No,Digital_Streaming_Cohort
DIG3-00205,Female,0,No,No,33,Yes,No,Fiber optic,Yes,Yes,Yes,Yes,No,Yes,Month-to-month,Yes,Electronic check,142.12,4738.96,Yes,Digital_Streaming_Cohort
DIG3-00206,Male,0,No,No,39,Yes,Yes,DSL,Yes,No,No,No,Yes,No,Month-to-month,Yes,Bank transfer (automatic),105.87,4222.05,No,Digital_Streaming_Cohort
DIG3-00207,Male,0,Yes,Yes,12,Yes,Yes,Fiber optic,Yes,Yes,No,No,Yes,No,One year,Yes,Electronic check,132.6,1527.7,No,Digital_Streaming_Cohort
DIG3-00208,Male,0,No,No,7,Yes,No,Fiber optic,No,Yes,Yes,No,Yes,Yes,Month-to-month,Yes,Credit card (automatic),129.03,885.56,Yes,Digital_Streaming_Cohort
DIG3-00209,Male,0,No,No,14,Yes,Yes,No,No internet service,No internet service,No internet service,No internet service,No internet service,No internet service,One year,No,Mailed check,53.48,774.01,Yes,Digital_Streaming_Cohort
DIG3-00210,Female,0,No,No,19,Yes,No,Fiber optic,No,Yes,No,No,Yes,Yes,Month-to-month,Yes,Credit card (automatic),128.78,2429.36,Yes,Digital_Streaming_Cohort
DIG3-00211,Female,0,No,Yes,8,Yes,No,DSL,No,No,Yes,No,Yes,Yes,One year,Yes,Electronic check,111.73,918.66,No,Digital_Streaming_Cohort
DIG3-00212,Female,0,Yes,Yes,5,Yes,Yes,DSL,No,No,No,Yes,Yes,No,Two year,Yes,Bank transfer (automatic),106.21,543.64,No,Digital_Streaming_Cohort
DIG3-00213,Male,0,Yes,No,18,Yes,No,DSL,No,No,Yes,No,Yes,Yes,One year,No,Mailed check,102.88,1880.78,No,Digital_Streaming_Cohort
DIG3-00214,Male,0,No,No,12,Yes,Yes,Fiber optic,No,No,No,No,Yes,Yes,One year,Yes,Electronic check,130.87,1568.71,No,Digital_Streaming_Cohort
DIG3-00215,Female,0,Yes,Yes,26,Yes,No,Fiber optic,No,Yes,Yes,Yes,No,No,One year,Yes,Bank transfer (automatic),116.36,2954.3,No,Digital_Streaming_Cohort
DIG3-00216,Female,0,No,No,3,Yes,Yes,Fiber optic,Yes,Yes,No,Yes,No,Yes,Month-to-month,Yes,Bank transfer (automatic),143.26,443.36,Yes,Digital_Streaming_Cohort
DIG3-00217,Male,0,Yes,No,17,Yes,Yes,Fiber optic,No,Yes,Yes,Yes,Yes,No,Month-to-month,Yes,Electronic check,148.58,2572.29,Yes,Digital_Streaming_Cohort
DIG3-00218,Female,0,No,No,20,Yes,Yes,Fiber optic,Yes,Yes,Yes,No,No,No,Two year,Yes,Credit card (automatic),129.35,2649.86,No,Digital_Streaming_Cohort
DIG3-00219,Female,0,No,No,20,No,No phone service,Fiber optic,No,No,No,Yes,Yes,No,Month-to-month,No,Credit card (automatic),100.9,1956.42,Yes,Digital_Streaming_Cohort
DIG3-00220,Male,0,No,No,72,Yes,No,DSL,Yes,No,Yes,No,Yes,No,One year,No,Bank transfer (automatic),99.54,6886.12,No,Digital_Streaming_Cohort
DIG3-00221,Female,0,No,No,50,Yes,Yes,Fiber optic,No,No,No,Yes,Yes,Yes,Two year,Yes,Bank transfer (automatic),141.48,6833.34,No,Digital_Streaming_Cohort
DIG3-00222,Female,1,Yes,Yes,11,Yes,Yes,Fiber optic,Yes,No,Yes,Yes,Yes,No,Month-to-month,Yes,Bank transfer (automatic),143.55,1595.76,Yes,Digital_Streaming_Cohort
DIG3-00223,Male,0,No,No,27,Yes,Yes,Fiber optic,Yes,No,Yes,Yes,No,Yes,Month-to-month,Yes,Bank transfer (automatic),144.67,3808.68,No,Digital_Streaming_Cohort
DIG3-00224,Female,0,Yes,Yes,45,Yes,No,Fiber optic,Yes,Yes,Yes,Yes,No,No,Month-to-month,Yes,Bank transfer (automatic),126.83,5826.1,Yes,Digital_Streaming_Cohort
DIG3-00225,Female,0,Yes,Yes,36,Yes,Yes,DSL,Yes,Yes,Yes,Yes,No,No,Month-to-month,Yes,Credit card (automatic),123.24,4575.82,No,Digital_Streaming_Cohort
DIG3-00226,Male,0,Yes,No,4,No,No phone service,Fiber optic,Yes,Yes,No,Yes,Yes,Yes,Two year,Yes,Bank transfer (automatic),137.67,560.66,No,Digital_Streaming_Cohort
DIG3-00227,Male,0,No,No,30,Yes,No,Fiber optic,No,Yes,Yes,No,No,Yes,Month-to-month,Yes,Mailed check,123.51,3574.68,Yes,Digital_Streaming_Cohort
DIG3-00228,Male,0,No,No,20,Yes,Yes,Fiber optic,No,No,No,Yes,Yes,Yes,Month-to-month,No,Credit card (automatic),141.81,2809.02,No,Digital_Streaming_Cohort
DIG3-00229,Female,0,Yes,No,28,Yes,Yes,DSL,Yes,Yes,No,No,Yes,No,Month-to-month,Yes,Electronic check,114.27,3293.31,Yes,Digital_Streaming_Cohort
DIG3-00230,Male,0,Yes,No,40,No,No phone service,Fiber optic,No,Yes,Yes,No,Yes,Yes,Month-to-month,Yes,Electronic check,122.04,4721.57,Yes,Digital_Streaming_Cohort
DIG3-00231,Male,0,No,No,72,Yes,No,Fiber optic,No,Yes,Yes,Yes,No,Yes,Month-to-month,Yes,Electronic check,130.48,9448.29,No,Digital_Streaming_Cohort
DIG3-00232,Male,0,Yes,No,5,No,No phone service,DSL,No,Yes,Yes,No,Yes,Yes,Month-to-month,Yes,Credit card (automatic),101.86,509.77,No,Digital_Streaming_Cohort
DIG3-00233,Female,0,No,Yes,18,Yes,Yes,Fiber optic,No,Yes,Yes,No,Yes,Yes,Month-to-month,Yes,Electronic check,147.81,2626.18,Yes,Digital_Streaming_Cohort
DIG3-00234,Male,0,No,No,34,Yes,No,Fiber optic,Yes,No,No,No,Yes,Yes,Two year,No,Electronic check,126.04,4269.24,No,Digital_Streaming_Cohort
DIG3-00235,Female,0,No,No,20,Yes,Yes,DSL,Yes,No,Yes,No,No,Yes,Month-to-month,No,Electronic check,110.56,2205.76,No,Digital_Streaming_Cohort
DIG3-00236,Female,0,No,No,10,No,No phone service,DSL,Yes,No,No,Yes,No,Yes,One year,Yes,Bank transfer (automatic),89.48,889.08,No,Digital_Streaming_Cohort
DIG3-00237,Male,0,No,No,1,Yes,No,Fiber optic,Yes,No,Yes,No,Yes,Yes,Two year,No,Credit card (automatic),134.15,133.07,Yes,Digital_Streaming_Cohort
DIG3-00238,Female,0,No,Yes,11,No,No phone service,DSL,No,No,Yes,Yes,Yes,Yes,Month-to-month,No,Electronic check,104.29,1128.04,Yes,Digital_Streaming_Cohort
DIG3-00239,Female,0,Yes,No,24,Yes,Yes,Fiber optic,Yes,Yes,No,No,Yes,No,Month-to-month,No,Electronic check,134.51,3326.76,Yes,Digital_Streaming_Cohort
DIG3-00240,Female,0,No,No,23,Yes,Yes,Fiber optic,Yes,No,Yes,No,Yes,No,Two year,Yes,Mailed check,139.77,3211.02,No,Digital_Streaming_Cohort
DIG3-00241,Female,0,No,Yes,7,Yes,Yes,DSL,Yes,No,No,No,Yes,Yes,Month-to-month,Yes,Electronic check,119.38,803.18,Yes,Digital_Streaming_Cohort
DIG3-00242,Female,0,Yes,Yes,2,Yes,No,DSL,No,Yes,Yes,Yes,Yes,No,Month-to-month,Yes,Credit card (automatic),109.02,223.28,Yes,Digital_Streaming_Cohort
DIG3-00243,Male,0,Yes,No,33,Yes,No,Fiber optic,No,No,Yes,Yes,Yes,No,Month-to-month,Yes,Bank transfer (automatic),121.91,4070.43,No,Digital_Streaming_Cohort
DIG3-00244,Male,0,Yes,No,9,Yes,Yes,Fiber optic,No,No,No,No,Yes,Yes,Month-to-month,Yes,Credit card (automatic),135.64,1233.93,Yes,Digital_Streaming_Cohort
DIG3-00245,Male,0,No,No,7,Yes,No,DSL,Yes,No,No,Yes,Yes,No,Month-to-month,No,Bank transfer (automatic),98.66,689.8,No,Digital_Streaming_Cohort
DIG3-00246,Male,0,No,Yes,5,Yes,Yes,Fiber optic,Yes,Yes,No,No,Yes,Yes,Two year,Yes,Bank transfer (automatic),153.73,768.86,No,Digital_Streaming_Cohort
DIG3-00247,Female,0,Yes,No,5,Yes,Yes,DSL,No,No,Yes,Yes,No,Yes,Month-to-month,No,Electronic check,107.4,522.51,Yes,Digital_Streaming_Cohort
DIG3-00248,Female,0,No,No,72,Yes,Yes,No,No internet service,No internet service,No internet service,No internet service,No internet service,No internet service,Two year,Yes,Bank transfer (automatic),51.22,3628.56,No,Digital_Streaming_Cohort
DIG3-00249,Male,0,No,No,1,Yes,Yes,Fiber optic,Yes,Yes,No,No,No,No,One year,No,Electronic check,115.58,119.37,No,Digital_Streaming_Cohort
DIG3-00250,Male,0,Yes,No,9,Yes,No,Fiber optic,No,Yes,No,Yes,No,Yes,Month-to-month,No,Bank transfer (automatic),124.7,1142.91,Yes,Digital_Streaming_Cohort
DIG3-00251,Female,0,No,No,8,No,No phone service,Fiber optic,No,No,Yes,No,Yes,Yes,Month-to-month,Yes,Bank transfer (automatic),113.54,890.15,No,Digital_Streaming_Cohort
DIG3-00252,Male,0,No,No,23,No,No phone service,DSL,No,Yes,No,No,Yes,Yes,Month-to-month,No,Bank transfer (automatic),97.17,2311.72,Yes,Digital_Streaming_Cohort
DIG3-00253,Female,0,Yes,No,7,Yes,Yes,DSL,Yes,Yes,No,No,Yes,No,Month-to-month,No,Bank transfer (automatic),118.4,803.59,Yes,Digital_Streaming_Cohort
DIG3-00254,Male,0,Yes,Yes,7,Yes,Yes,DSL,Yes,No,No,Yes,Yes,Yes,One year,Yes,Bank transfer (automatic),132.1,909.48,No,Digital_Streaming_Cohort
DIG3-00255,Male,0,Yes,Yes,5,Yes,No,Fiber optic,No,Yes,No,Yes,No,Yes,One year,Yes,Credit card (automatic),121.79,619.22,No,Digital_Streaming_Cohort
DIG3-00256,Female,0,Yes,No,62,Yes,No,Fiber optic,No,Yes,Yes,Yes,Yes,No,Month-to-month,Yes,Bank transfer (automatic),125.48,7485.29,No,Digital_Streaming_Cohort
DIG3-00257,Male,0,No,No,72,Yes,No,Fiber optic,No,Yes,No,Yes,Yes,No,Month-to-month,Yes,Electronic check,116.84,8560.16,No,Digital_Streaming_Cohort
DIG3-00258,Female,0,Yes,No,21,Yes,Yes,Fiber optic,Yes,No,Yes,Yes,No,Yes,Month-to-month,Yes,Electronic check,141.97,3000.08,Yes,Digital_Streaming_Cohort
DIG3-00259,Female,0,Yes,No,20,Yes,No,Fiber optic,Yes,Yes,Yes,No,No,No,Month-to-month,Yes,Bank transfer (automatic),112.99,2289.27,No,Digital_Streaming_Cohort
DIG3-00260,Female,0,No,No,11,No,No phone service,DSL,Yes,No,Yes,No,Yes,No,Month-to-month,No,Bank transfer (automatic),89.44,985.51,Yes,Digital_Streaming_Cohort
DIG3-00261,Female,0,No,Yes,10,Yes,Yes,Fiber optic,No,Yes,No,No,Yes,No,One year,Yes,Mailed check,126.36,1221.0,Yes,Digital_Streaming_Cohort
DIG3-00262,Female,1,Yes,No,72,No,No phone service,Fiber optic,No,Yes,Yes,Yes,Yes,No,Month-to-month,No,Electronic check,120.22,8647.99,No,Digital_Streaming_Cohort
DIG3-00263,Male,0,No,No,33,No,No phone service,DSL,No,No,Yes,Yes,Yes,Yes,One year,Yes,Credit card (automatic),105.16,3473.65,No,Digital_Streaming_Cohort
DIG3-00264,Male,0,No,No,53,Yes,Yes,Fiber optic,Yes,Yes,Yes,No,No,Yes,Month-to-month,Yes,Credit card (automatic),147.14,7544.5,No,Digital_Streaming_Cohort
DIG3-00265,Female,0,Yes,No,8,Yes,No,Fiber optic,Yes,Yes,No,No,No,No,Month-to-month,Yes,Bank transfer (automatic),104.85,831.25,Yes,Digital_Streaming_Cohort
DIG3-00266,Female,0,Yes,No,56,Yes,Yes,DSL,No,No,Yes,No,No,Yes,Month-to-month,No,Electronic check,105.26,5702.58,Yes,Digital_Streaming_Cohort
DIG3-00267,Male,0,Yes,No,41,Yes,Yes,Fiber optic,No,Yes,Yes,No,No,Yes,Month-to-month,Yes,Credit card (automatic),133.28,5247.72,Yes,Digital_Streaming_Cohort
DIG3-00268,Male,0,No,Yes,29,Yes,No,No,No internet service,No internet service,No internet service,No internet service,No internet service,No internet service,One year,Yes,Credit card (automatic),29.14,868.66,No,Digital_Streaming_Cohort
DIG3-00269,Male,0,No,No,4,Yes,No,DSL,No,No,Yes,No,No,Yes,One year,Yes,Electronic check,90.26,366.85,Yes,Digital_Streaming_Cohort
DIG3-00270,Male,0,No,No,9,Yes,Yes,Fiber optic,Yes,Yes,Yes,Yes,Yes,No,Month-to-month,Yes,Credit card (automatic),153.64,1414.91,Yes,Digital_Streaming_Cohort
DIG3-00271,Female,0,No,Yes,19,No,No phone service,Fiber optic,No,Yes,No,No,No,No,One year,Yes,Electronic check,88.81,1714.5,No,Digital_Streaming_Cohort
DIG3-00272,Female,0,No,No,46,Yes,No,Fiber optic,Yes,No,Yes,No,No,Yes,Month-to-month,Yes,Bank transfer (automatic),123.28,5760.22,No,Digital_Streaming_Cohort
DIG3-00273,Female,0,No,No,72,Yes,Yes,Fiber optic,No,Yes,Yes,No,Yes,Yes,Month-to-month,No,Mailed check,147.97,10946.0,Yes,Digital_Streaming_Cohort
DIG3-00274,Female,0,No,No,2,No,No phone service,DSL,Yes,Yes,Yes,No,No,Yes,One year,Yes,Bank transfer (automatic),99.75,195.38,No,Digital_Streaming_Cohort
DIG3-00275,Female,0,Yes,No,15,Yes,Yes,Fiber optic,No,No,No,No,Yes,No,Month-to-month,Yes,Bank transfer (automatic),112.54,1681.59,Yes,Digital_Streaming_Cohort
DIG3-00276,Male,0,No,No,3,Yes,No,DSL,Yes,No,No,Yes,No,No,One year,Yes,Bank transfer (automatic),84.96,251.14,Yes,Digital_Streaming_Cohort
DIG3-00277,Female,0,No,No,21,Yes,Yes,DSL,Yes,Yes,No,Yes,No,Yes,Two year,Yes,Bank transfer (automatic),127.46,2592.02,No,Digital_Streaming_Cohort
DIG3-00278,Male,1,Yes,Yes,4,Yes,Yes,Fiber optic,No,No,Yes,Yes,Yes,No,One year,Yes,Credit card (automatic),134.58,517.04,Yes,Digital_Streaming_Cohort
DIG3-00279,Male,0,Yes,No,21,Yes,No,DSL,No,Yes,Yes,No,No,Yes,One year,No,Credit card (automatic),96.07,2070.48,No,Digital_Streaming_Cohort
DIG3-00280,Female,0,No,No,8,Yes,Yes,Fiber optic,Yes,No,Yes,Yes,No,Yes,Month-to-month,No,Bank transfer (automatic),144.22,1132.37,Yes,Digital_Streaming_Cohort
DIG3-00281,Male,0,No,Yes,16,Yes,Yes,Fiber optic,No,No,No,Yes,No,No,Month-to-month,Yes,Credit card (automatic),109.3,1689.98,No,Digital_Streaming_Cohort
DIG3-00282,Female,0,No,No,5,Yes,Yes,Fiber optic,Yes,No,Yes,No,Yes,Yes,Month-to-month,Yes,Bank transfer (automatic),149.77,767.14,Yes,Digital_Streaming_Cohort
DIG3-00283,Male,0,Yes,No,63,Yes,No,Fiber optic,Yes,Yes,No,No,Yes,No,Two year,Yes,Electronic check,119.79,7529.75,No,Digital_Streaming_Cohort
DIG3-00284,Male,0,No,No,17,Yes,No,DSL,No,No,Yes,Yes,No,Yes,Month-to-month,No,Bank transfer (automatic),103.9,1824.91,No,Digital_Streaming_Cohort
DIG3-00285,Male,0,No,No,28,No,No phone service,Fiber optic,No,No,Yes,Yes,Yes,Yes,Two year,Yes,Bank transfer (automatic),125.54,3592.76,No,Digital_Streaming_Cohort
DIG3-00286,Male,0,No,No,51,Yes,Yes,Fiber optic,No,Yes,Yes,No,No,No,Month-to-month,Yes,Credit card (automatic),123.7,6090.35,Yes,Digital_Streaming_Cohort
DIG3-00287,Female,0,No,Yes,13,Yes,No,DSL,No,No,No,No,Yes,Yes,One year,Yes,Credit card (automatic),92.7,1234.64,Yes,Digital_Streaming_Cohort
DIG3-00288,Male,0,No,No,13,Yes,Yes,Fiber optic,No,No,Yes,No,Yes,Yes,Two year,No,Electronic check,143.21,1933.35,Yes,Digital_Streaming_Cohort
DIG3-00289,Female,0,Yes,No,16,Yes,Yes,DSL,No,Yes,No,Yes,Yes,No,Month-to-month,Yes,Bank transfer (automatic),115.83,1789.32,Yes,Digital_Streaming_Cohort
DIG3-00290,Male,0,Yes,No,59,Yes,Yes,Fiber optic,Yes,No,No,No,Yes,Yes,Month-to-month,No,Bank transfer (automatic),133.18,7920.95,No,Digital_Streaming_Cohort
DIG3-00291,Female,0,Yes,No,1,Yes,Yes,DSL,No,No,Yes,No,Yes,No,Month-to-month,Yes,Bank transfer (automatic),108.59,106.56,Yes,Digital_Streaming_Cohort
DIG3-00292,Female,0,No,Yes,16,Yes,No,DSL,Yes,No,No,Yes,Yes,No,One year,No,Credit card (automatic),100.26,1581.95,No,Digital_Streaming_Cohort
DIG3-00293,Female,0,No,No,67,Yes,No,Fiber optic,No,Yes,No,Yes,No,No,One year,Yes,Electronic check,107.04,7390.79,No,Digital_Streaming_Cohort
DIG3-00294,Female,1,No,Yes,10,Yes,Yes,Fiber optic,No,No,Yes,No,No,No,One year,No,Mailed check,114.0,1170.57,No,Digital_Streaming_Cohort
DIG3-00295,Male,0,Yes,No,20,Yes,Yes,DSL,Yes,No,Yes,No,Yes,Yes,Month-to-month,No,Electronic check,133.98,2670.84,Yes,Digital_Streaming_Cohort
DIG3-00296,Male,1,No,No,7,No,No phone service,DSL,No,Yes,Yes,No,Yes,Yes,One year,Yes,Credit card (automatic),107.67,761.16,No,Digital_Streaming_Cohort
DIG3-00297,Female,0,No,No,10,Yes,Yes,DSL,No,No,No,Yes,Yes,No,Month-to-month,No,Bank transfer (automatic),107.23,1096.55,Yes,Digital_Streaming_Cohort
DIG3-00298,Male,0,No,No,15,No,No phone service,No,No internet service,No internet service,No internet service,No internet service,No internet service,No internet service,Two year,Yes,Electronic check,29.55,445.65,No,Digital_Streaming_Cohort
DIG3-00299,Male,0,Yes,No,10,Yes,Yes,Fiber optic,No,No,No,Yes,No,No,Month-to-month,Yes,Bank transfer (automatic),105.14,1033.08,No,Digital_Streaming_Cohort
DIG3-00300,Female,0,Yes,No,37,Yes,Yes,Fiber optic,No,No,No,No,Yes,Yes,Month-to-month,Yes,Electronic check,126.59,4687.85,No,Digital_Streaming_Cohort
DIG3-00301,Male,0,No,No,44,Yes,Yes,No,No internet service,No internet service,No internet service,No internet service,No internet service,No internet service,Month-to-month,Yes,Credit card (automatic),44.76,1941.95,Yes,Digital_Streaming_Cohort
DIG3-00302,Male,0,No,Yes,9,Yes,Yes,Fiber optic,No,Yes,Yes,No,Yes,No,Month-to-month,Yes,Bank transfer (automatic),135.05,1212.79,Yes,Digital_Streaming_Cohort
DIG3-00303,Female,0,No,No,4,Yes,Yes,Fiber optic,No,Yes,Yes,Yes,Yes,Yes,Two year,Yes,Electronic check,155.24,615.87,Yes,Digital_Streaming_Cohort
DIG3-00304,Male,0,No,No,11,Yes,No,No,No internet service,No internet service,No internet service,No internet service,No internet service,No internet service,One year,Yes,Electronic check,33.89,360.17,No,Digital_Streaming_Cohort
DIG3-00305,Male,0,No,No,13,Yes,No,Fiber optic,Yes,Yes,Yes,No,Yes,No,Month-to-month,Yes,Bank transfer (automatic),130.45,1700.68,No,Digital_Streaming_Cohort
DIG3-00306,Female,0,No,Yes,24,Yes,Yes,DSL,No,Yes,No,No,Yes,Yes,Month-to-month,Yes,Credit card (automatic),118.58,2798.77,No,Digital_Streaming_Cohort
DIG3-00307,Male,0,Yes,No,25,Yes,No,Fiber optic,Yes,Yes,No,No,Yes,No,Month-to-month,Yes,Bank transfer (automatic),124.47,3186.24,No,Digital_Streaming_Cohort
DIG3-00308,Female,0,Yes,No,6,No,No phone service,Fiber optic,No,No,Yes,Yes,No,Yes,One year,Yes,Bank transfer (automatic),110.48,659.58,No,Digital_Streaming_Cohort
DIG3-00309,Male,0,No,No,49,Yes,Yes,Fiber optic,No,Yes,No,No,Yes,No,One year,Yes,Electronic check,124.37,5854.31,No,Digital_Streaming_Cohort
DIG3-00310,Female,0,No,No,18,Yes,No,Fiber optic,Yes,Yes,Yes,No,No,Yes,One year,Yes,Mailed check,127.84,2354.27,No,Digital_Streaming_Cohort
DIG3-00311,Female,1,No,No,16,Yes,No,DSL,No,No,No,No,Yes,No,Month-to-month,No,Bank transfer (automatic),82.38,1321.75,Yes,Digital_Streaming_Cohort
DIG3-00312,Female,0,No,No,11,Yes,Yes,Fiber optic,Yes,Yes,No,No,No,No,Month-to-month,Yes,Credit card (automatic),121.02,1334.16,Yes,Digital_Streaming_Cohort
DIG3-00313,Male,0,Yes,Yes,52,Yes,Yes,Fiber optic,Yes,No,Yes,No,No,No,Month-to-month,Yes,Electronic check,122.9,6372.48,Yes,Digital_Streaming_Cohort
DIG3-00314,Male,0,No,No,55,Yes,Yes,Fiber optic,Yes,No,No,Yes,No,Yes,Month-to-month,No,Bank transfer (automatic),137.19,7497.21,No,Digital_Streaming_Cohort
DIG3-00315,Male,0,No,Yes,3,Yes,Yes,Fiber optic,No,No,No,Yes,Yes,No,Month-to-month,No,Credit card (automatic),123.68,372.02,Yes,Digital_Streaming_Cohort
DIG3-00316,Male,1,Yes,No,41,Yes,No,Fiber optic,Yes,Yes,No,Yes,Yes,Yes,Month-to-month,Yes,Electronic check,142.78,5667.63,No,Digital_Streaming_Cohort
DIG3-00317,Female,0,No,No,46,No,No phone service,Fiber optic,No,Yes,Yes,Yes,No,No,Month-to-month,Yes,Credit card (automatic),109.42,4872.7,No,Digital_Streaming_Cohort
DIG3-00318,Female,0,No,No,12,Yes,Yes,Fiber optic,Yes,No,No,No,Yes,Yes,Month-to-month,Yes,Credit card (automatic),138.05,1667.47,Yes,Digital_Streaming_Cohort
DIG3-00319,Female,0,Yes,No,4,Yes,Yes,Fiber optic,No,No,No,No,Yes,No,Month-to-month,Yes,Electronic check,119.51,492.67,Yes,Digital_Streaming_Cohort
DIG3-00320,Male,0,No,No,5,Yes,No,DSL,Yes,Yes,Yes,No,No,No,Month-to-month,Yes,Credit card (automatic),91.66,469.49,Yes,Digital_Streaming_Cohort
DIG3-00321,Male,0,No,No,5,Yes,Yes,Fiber optic,Yes,No,No,No,No,Yes,Month-to-month,No,Credit card (automatic),124.71,623.36,Yes,Digital_Streaming_Cohort
DIG3-00322,Female,0,Yes,Yes,15,Yes,Yes,DSL,Yes,No,No,No,No,No,Month-to-month,Yes,Electronic check,90.35,1373.25,Yes,Digital_Streaming_Cohort
DIG3-00323,Female,0,No,No,5,Yes,Yes,DSL,No,Yes,No,No,Yes,No,Month-to-month,No,Credit card (automatic),105.43,515.25,No,Digital_Streaming_Cohort
DIG3-00324,Female,0,No,No,7,Yes,Yes,Fiber optic,Yes,No,Yes,No,No,No,One year,Yes,Credit card (automatic),120.75,873.48,No,Digital_Streaming_Cohort
DIG3-00325,Female,1,No,No,72,Yes,Yes,Fiber optic,No,No,No,No,No,No,Two year,Yes,Electronic check,97.78,7286.24,No,Digital_Streaming_Cohort
DIG3-00326,Female,0,Yes,No,9,Yes,No,DSL,No,Yes,Yes,Yes,No,Yes,Month-to-month,Yes,Bank transfer (automatic),111.17,976.69,Yes,Digital_Streaming_Cohort
DIG3-00327,Female,0,No,No,10,No,No phone service,Fiber optic,Yes,No,No,No,No,Yes,Month-to-month,Yes,Credit card (automatic),95.42,992.07,Yes,Digital_Streaming_Cohort
DIG3-00328,Female,1,No,No,10,Yes,Yes,Fiber optic,No,Yes,Yes,Yes,Yes,No,One year,Yes,Credit card (automatic),145.91,1427.75,No,Digital_Streaming_Cohort
DIG3-00329,Male,0,No,No,13,No,No phone service,Fiber optic,No,No,No,No,Yes,No,One year,No,Credit card (automatic),88.78,1184.0,No,Digital_Streaming_Cohort
DIG3-00330,Male,0,No,No,4,Yes,Yes,Fiber optic,No,Yes,No,No,Yes,Yes,One year,Yes,Credit card (automatic),137.22,529.64,No,Digital_Streaming_Cohort
DIG3-00331,Female,0,No,Yes,3,Yes,No,DSL,Yes,Yes,Yes,No,Yes,Yes,Month-to-month,No,Mailed check,128.35,388.97,Yes,Digital_Streaming_Cohort
DIG3-00332,Male,0,Yes,No,41,Yes,Yes,Fiber optic,No,Yes,Yes,Yes,No,No,Month-to-month,Yes,Electronic check,129.68,5528.56,No,Digital_Streaming_Cohort
DIG3-00333,Male,0,No,No,5,Yes,Yes,Fiber optic,Yes,Yes,No,No,Yes,No,Two year,Yes,Mailed check,133.39,664.72,No,Digital_Streaming_Cohort
DIG3-00334,Female,0,No,No,12,Yes,Yes,Fiber optic,No,No,No,No,Yes,No,Month-to-month,No,Electronic check,117.21,1388.54,Yes,Digital_Streaming_Cohort
DIG3-00335,Male,0,Yes,Yes,1,No,No phone service,Fiber optic,Yes,Yes,Yes,No,No,Yes,Month-to-month,Yes,Bank transfer (automatic),122.83,127.64,Yes,Digital_Streaming_Cohort
DIG3-00336,Female,0,Yes,Yes,1,Yes,No,Fiber optic,No,Yes,Yes,No,No,Yes,Month-to-month,Yes,Electronic check,119.97,123.59,Yes,Digital_Streaming_Cohort
DIG3-00337,Female,0,No,Yes,72,Yes,Yes,Fiber optic,Yes,Yes,No,No,Yes,Yes,Month-to-month,No,Bank transfer (automatic),150.26,11060.52,Yes,Digital_Streaming_Cohort
DIG3-00338,Female,0,No,Yes,11,No,No phone service,DSL,Yes,Yes,Yes,Yes,Yes,No,Month-to-month,Yes,Electronic check,111.17,1194.96,Yes,Digital_Streaming_Cohort
DIG3-00339,Male,0,Yes,No,3,No,No phone service,DSL,No,Yes,Yes,Yes,Yes,Yes,One year,Yes,Electronic check,115.42,350.01,Yes,Digital_Streaming_Cohort
DIG3-00340,Female,0,Yes,Yes,1,No,No phone service,Fiber optic,Yes,Yes,No,No,No,Yes,Two year,Yes,Credit card (automatic),108.52,106.29,No,Digital_Streaming_Cohort
DIG3-00341,Male,1,Yes,No,22,Yes,Yes,Fiber optic,Yes,Yes,No,No,Yes,Yes,Month-to-month,Yes,Bank transfer (automatic),151.52,3359.66,No,Digital_Streaming_Cohort
DIG3-00342,Male,0,Yes,No,4,Yes,Yes,DSL,No,No,Yes,No,No,Yes,Month-to-month,Yes,Mailed check,105.21,417.18,Yes,Digital_Streaming_Cohort
DIG3-00343,Female,0,Yes,Yes,4,Yes,Yes,Fiber optic,Yes,Yes,No,No,No,No,Month-to-month,Yes,Electronic check,123.26,480.7,Yes,Digital_Streaming_Cohort
DIG3-00344,Female,0,No,Yes,5,Yes,No,DSL,Yes,Yes,Yes,Yes,No,Yes,Month-to-month,Yes,Bank transfer (automatic),124.68,640.99,No,Digital_Streaming_Cohort
DIG3-00345,Female,0,No,Yes,9,No,No phone service,DSL,No,Yes,Yes,Yes,No,No,Month-to-month,Yes,Bank transfer (automatic),83.57,746.17,Yes,Digital_Streaming_Cohort
DIG3-00346,Female,0,Yes,No,6,Yes,No,Fiber optic,No,No,Yes,Yes,Yes,Yes,One year,No,Bank transfer (automatic),132.76,809.05,No,Digital_Streaming_Cohort
DIG3-00347,Female,0,Yes,No,16,Yes,Yes,DSL,No,Yes,No,Yes,Yes,Yes,Month-to-month,No,Bank transfer (automatic),130.57,2148.29,No,Digital_Streaming_Cohort
DIG3-00348,Male,0,No,Yes,33,Yes,Yes,Fiber optic,No,Yes,No,No,Yes,No,One year,No,Bank transfer (automatic),124.65,4097.76,No,Digital_Streaming_Cohort
DIG3-00349,Male,0,No,No,18,Yes,No,Fiber optic,Yes,Yes,No,No,Yes,Yes,Month-to-month,No,Credit card (automatic),136.63,2450.65,No,Digital_Streaming_Cohort
DIG3-00350,Male,0,Yes,No,6,Yes,Yes,DSL,No,Yes,Yes,No,Yes,No,Month-to-month,No,Electronic check,116.04,686.69,Yes,Digital_Streaming_Cohort
DIG3-00351,Male,0,Yes,No,40,Yes,No,Fiber optic,No,No,Yes,No,No,Yes,Month-to-month,Yes,Electronic check,111.6,4409.12,Yes,Digital_Streaming_Cohort
DIG3-00352,Male,1,No,Yes,57,No,No phone service,Fiber optic,Yes,No,No,No,No,No,Month-to-month,Yes,Credit card (automatic),85.35,4916.72,No,Digital_Streaming_Cohort
DIG3-00353,Male,0,No,No,49,Yes,Yes,DSL,Yes,No,Yes,Yes,No,Yes,One year,Yes,Electronic check,132.81,6426.91,No,Digital_Streaming_Cohort
DIG3-00354,Male,0,Yes,No,5,Yes,Yes,DSL,No,Yes,Yes,Yes,No,Yes,Month-to-month,Yes,Credit card (automatic),127.01,646.83,Yes,Digital_Streaming_Cohort
DIG3-00355,Female,0,Yes,No,35,Yes,Yes,Fiber optic,Yes,Yes,Yes,No,Yes,Yes,One year,Yes,Bank transfer (automatic),164.33,5751.48,Yes,Digital_Streaming_Cohort
DIG3-00356,Male,0,No,No,37,Yes,Yes,Fiber optic,No,Yes,No,No,No,Yes,Month-to-month,Yes,Mailed check,123.5,4487.36,No,Digital_Streaming_Cohort
DIG3-00357,Male,0,No,No,15,Yes,Yes,Fiber optic,No,Yes,Yes,No,Yes,Yes,One year,Yes,Electronic check,150.11,2289.54,No,Digital_Streaming_Cohort
DIG3-00358,Female,1,No,No,4,Yes,No,Fiber optic,Yes,Yes,No,No,Yes,No,Month-to-month,Yes,Credit card (automatic),123.41,489.04,Yes,Digital_Streaming_Cohort
DIG3-00359,Male,1,No,Yes,1,No,No phone service,No,No internet service,No internet service,No internet service,No internet service,No internet service,No internet service,Two year,Yes,Electronic check,31.68,32.26,Yes,Digital_Streaming_Cohort
DIG3-00360,Female,0,No,No,21,Yes,Yes,Fiber optic,No,No,No,Yes,No,No,Month-to-month,No,Credit card (automatic),108.09,2263.83,Yes,Digital_Streaming_Cohort
DIG3-00361,Male,0,No,No,8,No,No phone service,Fiber optic,No,No,Yes,No,Yes,Yes,One year,No,Electronic check,111.53,926.69,No,Digital_Streaming_Cohort
DIG3-00362,Female,0,Yes,Yes,14,No,No phone service,DSL,Yes,No,No,Yes,No,Yes,Month-to-month,Yes,Credit card (automatic),90.52,1226.46,Yes,Digital_Streaming_Cohort
DIG3-00363,Male,0,Yes,Yes,16,Yes,Yes,Fiber optic,Yes,Yes,No,No,Yes,No,Month-to-month,Yes,Bank transfer (automatic),139.34,2194.4,Yes,Digital_Streaming_Cohort
DIG3-00364,Female,0,No,No,36,Yes,No,No,No internet service,No internet service,No internet service,No internet service,No internet service,No internet service,Month-to-month,Yes,Credit card (automatic),36.3,1328.87,No,Digital_Streaming_Cohort
DIG3-00365,Female,0,No,Yes,12,No,No phone service,DSL,No,Yes,No,No,Yes,No,Two year,Yes,Bank transfer (automatic),84.19,975.62,No,Digital_Streaming_Cohort
DIG3-00366,Female,0,No,No,1,Yes,Yes,Fiber optic,Yes,Yes,No,No,No,Yes,Month-to-month,No,Mailed check,140.0,144.73,No,Digital_Streaming_Cohort
DIG3-00367,Male,0,Yes,No,6,Yes,Yes,Fiber optic,No,No,Yes,Yes,Yes,No,One year,Yes,Credit card (automatic),138.99,804.83,No,Digital_Streaming_Cohort
DIG3-00368,Female,0,No,No,18,Yes,No,Fiber optic,No,No,No,No,Yes,Yes,Two year,Yes,Credit card (automatic),115.91,2107.79,No,Digital_Streaming_Cohort
DIG3-00369,Female,0,Yes,No,1,Yes,Yes,Fiber optic,Yes,Yes,No,Yes,Yes,Yes,One year,Yes,Bank transfer (automatic),156.51,158.14,Yes,Digital_Streaming_Cohort
DIG3-00370,Male,1,No,Yes,8,No,No phone service,Fiber optic,No,No,No,Yes,Yes,Yes,Two year,Yes,Mailed check,116.69,920.27,No,Digital_Streaming_Cohort
DIG3-00371,Male,0,Yes,No,43,Yes,No,Fiber optic,Yes,No,No,No,Yes,Yes,Two year,Yes,Credit card (automatic),119.52,5303.84,No,Digital_Streaming_Cohort
DIG3-00372,Female,0,No,No,9,Yes,Yes,Fiber optic,No,Yes,No,No,No,Yes,Month-to-month,Yes,Credit card (automatic),122.69,1132.9,No,Digital_Streaming_Cohort
DIG3-00373,Male,0,No,Yes,7,Yes,No,Fiber optic,No,Yes,No,Yes,Yes,Yes,One year,No,Electronic check,137.72,992.77,Yes,Digital_Streaming_Cohort
DIG3-00374,Female,0,No,No,16,Yes,Yes,No,No internet service,No internet service,No internet service,No internet service,No internet service,No internet service,Month-to-month,Yes,Credit card (automatic),52.9,829.44,No,Digital_Streaming_Cohort
DIG3-00375,Male,0,No,No,11,Yes,No,Fiber optic,No,Yes,Yes,No,No,Yes,Month-to-month,No,Credit card (automatic),118.37,1340.7,No,Digital_Streaming_Cohort
DIG3-00376,Female,0,Yes,No,4,Yes,No,Fiber optic,No,Yes,Yes,No,Yes,Yes,Two year,Yes,Electronic check,135.44,547.16,No,Digital_Streaming_Cohort
DIG3-00377,Female,0,Yes,No,5,No,No phone service,DSL,No,Yes,No,Yes,No,No,Month-to-month,Yes,Bank transfer (automatic),72.56,373.15,No,Digital_Streaming_Cohort
DIG3-00378,Female,1,No,No,30,Yes,Yes,Fiber optic,Yes,Yes,No,Yes,Yes,Yes,One year,No,Electronic check,161.25,5021.74,No,Digital_Streaming_Cohort
DIG3-00379,Male,0,No,No,25,Yes,Yes,DSL,Yes,Yes,Yes,No,Yes,Yes,One year,Yes,Bank transfer (automatic),136.27,3347.73,Yes,Digital_Streaming_Cohort
DIG3-00380,Female,0,Yes,Yes,4,Yes,Yes,Fiber optic,Yes,No,Yes,No,No,Yes,Month-to-month,Yes,Mailed check,136.04,560.24,Yes,Digital_Streaming_Cohort
DIG3-00381,Male,0,Yes,Yes,6,Yes,No,DSL,No,Yes,No,No,Yes,No,Month-to-month,Yes,Credit card (automatic),86.05,524.16,Yes,Digital_Streaming_Cohort
DIG3-00382,Female,0,No,Yes,12,Yes,No,Fiber optic,No,No,Yes,No,No,No,Month-to-month,Yes,Bank transfer (automatic),98.82,1208.9,Yes,Digital_Streaming_Cohort
DIG3-00383,Female,0,No,No,3,Yes,No,No,No internet service,No internet service,No internet service,No internet service,No internet service,No internet service,Month-to-month,No,Credit card (automatic),31.7,95.9,Yes,Digital_Streaming_Cohort
DIG3-00384,Female,0,Yes,No,27,Yes,Yes,DSL,Yes,Yes,Yes,No,Yes,No,Month-to-month,Yes,Credit card (automatic),122.93,3255.39,Yes,Digital_Streaming_Cohort
DIG3-00385,Male,1,No,No,6,No,No phone service,DSL,No,Yes,Yes,Yes,No,No,Month-to-month,No,Credit card (automatic),82.97,512.67,Yes,Digital_Streaming_Cohort
DIG3-00386,Male,0,Yes,No,21,Yes,Yes,DSL,Yes,No,No,No,Yes,Yes,Month-to-month,Yes,Credit card (automatic),123.0,2484.39,Yes,Digital_Streaming_Cohort
DIG3-00387,Female,0,Yes,No,6,Yes,Yes,Fiber optic,Yes,No,Yes,Yes,No,Yes,One year,Yes,Bank transfer (automatic),146.79,859.35,No,Digital_Streaming_Cohort
DIG3-00388,Male,0,No,No,21,Yes,No,DSL,Yes,No,Yes,No,No,Yes,Two year,No,Bank transfer (automatic),101.48,2133.05,No,Digital_Streaming_Cohort
DIG3-00389,Female,0,No,No,44,Yes,No,Fiber optic,Yes,No,Yes,No,Yes,Yes,Month-to-month,Yes,Electronic check,133.78,5863.22,Yes,Digital_Streaming_Cohort
DIG3-00390,Male,0,No,No,7,No,No phone service,Fiber optic,No,Yes,No,Yes,No,No,Month-to-month,No,Bank transfer (automatic),99.45,723.37,No,Digital_Streaming_Cohort
DIG3-00391,Female,1,Yes,Yes,72,Yes,Yes,Fiber optic,No,Yes,No,No,No,Yes,One year,No,Bank transfer (automatic),120.76,9029.94,No,Digital_Streaming_Cohort
DIG3-00392,Female,0,No,Yes,12,No,No phone service,DSL,No,Yes,Yes,Yes,Yes,No,One year,Yes,Electronic check,99.91,1159.84,Yes,Digital_Streaming_Cohort
DIG3-00393,Male,0,No,No,25,Yes,Yes,Fiber optic,No,No,Yes,Yes,Yes,Yes,Two year,Yes,Credit card (automatic),146.05,3545.62,No,Digital_Streaming_Cohort
DIG3-00394,Female,0,No,No,11,Yes,No,Fiber optic,Yes,Yes,Yes,No,Yes,Yes,Month-to-month,Yes,Credit card (automatic),146.17,1559.42,Yes,Digital_Streaming_Cohort
DIG3-00395,Female,0,Yes,Yes,5,Yes,No,DSL,Yes,Yes,Yes,No,Yes,Yes,Two year,Yes,Credit card (automatic),126.54,633.08,No,Digital_Streaming_Cohort
DIG3-00396,Female,0,No,No,68,Yes,Yes,DSL,No,No,No,No,Yes,Yes,Month-to-month,Yes,Electronic check,111.12,7559.86,Yes,Digital_Streaming_Cohort
DIG3-00397,Female,0,Yes,No,72,No,No phone service,DSL,No,No,Yes,Yes,Yes,No,Two year,No,Credit card (automatic),88.31,6491.0,No,Digital_Streaming_Cohort
DIG3-00398,Female,0,No,No,31,Yes,Yes,Fiber optic,No,Yes,No,Yes,Yes,No,Two year,No,Bank transfer (automatic),134.79,4057.35,No,Digital_Streaming_Cohort
DIG3-00399,Male,0,No,No,3,No,No phone service,Fiber optic,Yes,No,No,No,Yes,No,Two year,Yes,Credit card (automatic),103.01,297.38,No,Digital_Streaming_Cohort
DIG3-00400,Male,0,No,No,16,Yes,Yes,DSL,Yes,Yes,Yes,No,Yes,Yes,Month-to-month,No,Credit card (automatic),142.27,2225.19,Yes,Digital_Streaming_Cohort
DIG3-00401,Male,0,Yes,Yes,6,Yes,No,DSL,No,No,Yes,Yes,No,No,Month-to-month,Yes,Credit card (automatic),79.28,486.17,Yes,Digital_Streaming_Cohort
DIG3-00402,Male,0,Yes,No,28,Yes,No,DSL,No,Yes,Yes,Yes,No,No,Month-to-month,Yes,Bank transfer (automatic),99.33,2781.22,No,Digital_Streaming_Cohort
DIG3-00403,Male,0,No,No,40,Yes,Yes,DSL,No,Yes,No,Yes,No,Yes,One year,No,Electronic check,112.48,4418.73,No,Digital_Streaming_Cohort
DIG3-00404,Female,1,Yes,Yes,7,No,No phone service,DSL,Yes,No,No,Yes,Yes,No,Month-to-month,Yes,Credit card (automatic),92.74,667.78,No,Digital_Streaming_Cohort
DIG3-00405,Male,0,Yes,No,34,Yes,Yes,Fiber optic,Yes,Yes,Yes,Yes,Yes,Yes,One year,No,Credit card (automatic),163.47,5413.11,No,Digital_Streaming_Cohort
DIG3-00406,Female,0,No,No,40,Yes,No,Fiber optic,Yes,Yes,No,Yes,Yes,Yes,Month-to-month,Yes,Credit card (automatic),139.57,5675.25,Yes,Digital_Streaming_Cohort
DIG3-00407,Female,0,No,No,4,Yes,Yes,Fiber optic,No,Yes,Yes,Yes,Yes,Yes,Month-to-month,Yes,Credit card (automatic),158.38,624.07,No,Digital_Streaming_Cohort
DIG3-00408,Male,0,No,No,3,Yes,No,DSL,Yes,Yes,No,No,Yes,Yes,Month-to-month,Yes,Bank transfer (automatic),118.4,351.84,Yes,Digital_Streaming_Cohort
DIG3-00409,Female,0,No,Yes,61,Yes,No,Fiber optic,Yes,No,No,No,Yes,Yes,Two year,No,Credit card (automatic),125.44,7826.42,No,Digital_Streaming_Cohort
DIG3-00410,Female,0,Yes,No,11,Yes,No,Fiber optic,No,No,No,No,Yes,No,Month-to-month,Yes,Electronic check,103.07,1145.45,Yes,Digital_Streaming_Cohort
DIG3-00411,Female,0,Yes,No,8,Yes,Yes,Fiber optic,No,Yes,No,Yes,No,No,Two year,No,Credit card (automatic),119.05,915.34,No,Digital_Streaming_Cohort
DIG3-00412,Male,0,Yes,No,72,Yes,No,Fiber optic,Yes,Yes,No,No,Yes,Yes,One year,No,Mailed check,133.89,9338.89,No,Digital_Streaming_Cohort
DIG3-00413,Male,0,No,Yes,6,Yes,Yes,Fiber optic,No,No,Yes,No,Yes,Yes,Two year,Yes,Mailed check,142.14,841.5,No,Digital_Streaming_Cohort
DIG3-00414,Female,0,No,No,36,Yes,No,Fiber optic,Yes,Yes,No,No,Yes,Yes,Month-to-month,No,Credit card (automatic),132.08,4634.92,Yes,Digital_Streaming_Cohort
DIG3-00415,Male,1,Yes,Yes,2,No,No phone service,Fiber optic,Yes,Yes,No,No,No,Yes,Month-to-month,Yes,Bank transfer (automatic),108.54,217.12,Yes,Digital_Streaming_Cohort
DIG3-00416,Male,0,No,No,10,Yes,No,Fiber optic,Yes,No,Yes,No,Yes,Yes,Month-to-month,No,Bank transfer (automatic),132.88,1287.65,Yes,Digital_Streaming_Cohort
DIG3-00417,Female,0,Yes,No,72,Yes,Yes,DSL,Yes,Yes,No,Yes,No,No,One year,No,Bank transfer (automatic),106.15,7711.28,Yes,Digital_Streaming_Cohort
DIG3-00418,Female,0,No,No,4,No,No phone service,DSL,Yes,Yes,No,No,Yes,No,One year,No,Bank transfer (automatic),92.63,364.01,No,Digital_Streaming_Cohort
DIG3-00419,Male,0,No,No,8,Yes,Yes,Fiber optic,Yes,Yes,No,No,No,Yes,Month-to-month,Yes,Bank transfer (automatic),128.0,1009.09,No,Digital_Streaming_Cohort
DIG3-00420,Male,0,No,No,6,Yes,Yes,DSL,Yes,Yes,Yes,No,No,Yes,One year,Yes,Electronic check,127.95,796.83,No,Digital_Streaming_Cohort
DIG3-00421,Male,0,Yes,Yes,26,Yes,No,Fiber optic,Yes,No,Yes,No,Yes,Yes,Month-to-month,Yes,Credit card (automatic),130.41,3365.4,Yes,Digital_Streaming_Cohort
DIG3-00422,Female,0,No,No,27,Yes,No,Fiber optic,No,Yes,Yes,Yes,Yes,Yes,Month-to-month,Yes,Credit card (automatic),148.37,4065.98,No,Digital_Streaming_Cohort
DIG3-00423,Female,0,Yes,Yes,14,Yes,Yes,Fiber optic,Yes,No,No,No,Yes,No,Month-to-month,No,Credit card (automatic),129.22,1829.24,Yes,Digital_Streaming_Cohort
DIG3-00424,Male,0,No,No,1,Yes,Yes,Fiber optic,Yes,Yes,Yes,No,Yes,Yes,Two year,Yes,Credit card (automatic),161.74,164.07,Yes,Digital_Streaming_Cohort
DIG3-00425,Male,0,Yes,Yes,23,Yes,Yes,DSL,Yes,Yes,No,No,No,Yes,One year,Yes,Credit card (automatic),111.5,2551.36,No,Digital_Streaming_Cohort
DIG3-00426,Male,0,No,No,9,Yes,Yes,DSL,No,No,Yes,Yes,Yes,Yes,Month-to-month,No,Bank transfer (automatic),128.96,1176.56,No,Digital_Streaming_Cohort
DIG3-00427,Male,0,Yes,Yes,2,Yes,Yes,DSL,Yes,Yes,Yes,No,No,No,Month-to-month,Yes,Mailed check,106.17,207.63,Yes,Digital_Streaming_Cohort
DIG3-00428,Female,0,No,No,55,Yes,Yes,Fiber optic,Yes,No,Yes,Yes,Yes,Yes,Two year,No,Mailed check,161.66,8590.91,No,Digital_Streaming_Cohort
DIG3-00429,Male,0,Yes,Yes,14,Yes,Yes,Fiber optic,Yes,Yes,Yes,No,No,No,Two year,Yes,Credit card (automatic),125.59,1699.65,No,Digital_Streaming_Cohort
DIG3-00430,Male,0,Yes,No,38,Yes,No,Fiber optic,No,No,Yes,Yes,Yes,Yes,Month-to-month,Yes,Credit card (automatic),132.83,5206.37,No,Digital_Streaming_Cohort
DIG3-00431,Male,0,Yes,No,34,Yes,Yes,DSL,No,Yes,Yes,No,No,Yes,Month-to-month,No,Mailed check,115.81,4030.43,No,Digital_Streaming_Cohort
DIG3-00432,Female,0,Yes,No,8,Yes,Yes,DSL,No,Yes,No,Yes,Yes,Yes,Month-to-month,Yes,Electronic check,133.39,1027.55,Yes,Digital_Streaming_Cohort
DIG3-00433,Female,0,No,No,24,Yes,Yes,DSL,Yes,No,No,Yes,Yes,Yes,Month-to-month,Yes,Bank transfer (automatic),131.16,3110.73,No,Digital_Streaming_Cohort
DIG3-00434,Female,0,Yes,No,9,Yes,No,Fiber optic,Yes,No,No,No,Yes,Yes,Month-to-month,Yes,Bank transfer (automatic),123.36,1120.03,Yes,Digital_Streaming_Cohort
DIG3-00435,Female,0,No,No,30,Yes,Yes,Fiber optic,Yes,Yes,Yes,No,No,Yes,Month-to-month,Yes,Mailed check,153.05,4430.77,No,Digital_Streaming_Cohort
DIG3-00436,Male,0,No,No,39,No,No phone service,Fiber optic,No,Yes,Yes,No,Yes,Yes,Month-to-month,Yes,Mailed check,123.36,4694.97,Yes,Digital_Streaming_Cohort
DIG3-00437,Female,0,No,No,57,No,No phone service,Fiber optic,Yes,Yes,Yes,Yes,No,Yes,Two year,Yes,Bank transfer (automatic),130.86,7558.04,No,Digital_Streaming_Cohort
DIG3-00438,Female,0,No,Yes,16,Yes,Yes,DSL,No,No,Yes,Yes,Yes,No,Month-to-month,No,Credit card (automatic),117.53,1828.03,No,Digital_Streaming_Cohort
DIG3-00439,Female,0,No,Yes,33,Yes,Yes,No,No internet service,No internet service,No internet service,No internet service,No internet service,No internet service,Two year,Yes,Credit card (automatic),44.72,1473.49,No,Digital_Streaming_Cohort
DIG3-00440,Male,0,No,No,14,Yes,No,DSL,No,Yes,No,Yes,No,No,Two year,No,Credit card (automatic),80.99,1148.14,Yes,Digital_Streaming_Cohort
DIG3-00441,Female,0,No,No,7,Yes,Yes,Fiber optic,No,Yes,No,No,No,Yes,Month-to-month,No,Credit card (automatic),125.74,911.48,Yes,Digital_Streaming_Cohort
DIG3-00442,Female,0,No,Yes,38,Yes,Yes,DSL,No,Yes,No,Yes,Yes,Yes,Month-to-month,Yes,Mailed check,127.53,5011.85,Yes,Digital_Streaming_Cohort
DIG3-00443,Male,0,Yes,No,1,Yes,Yes,Fiber optic,No,Yes,No,No,Yes,No,One year,No,Electronic check,132.14,137.3,No,Digital_Streaming_Cohort
DIG3-00444,Female,0,No,Yes,5,Yes,Yes,Fiber optic,No,Yes,No,Yes,Yes,No,One year,Yes,Electronic check,136.58,705.06,Yes,Digital_Streaming_Cohort
DIG3-00445,Male,1,No,No,63,Yes,Yes,Fiber optic,No,Yes,No,Yes,Yes,Yes,Month-to-month,Yes,Credit card (automatic),148.05,9596.73,No,Digital_Streaming_Cohort
DIG3-00446,Male,0,Yes,No,20,Yes,No,Fiber optic,Yes,Yes,Yes,No,No,No,Month-to-month,Yes,Credit card (automatic),120.55,2409.45,No,Digital_Streaming_Cohort
DIG3-00447,Female,0,Yes,No,32,Yes,No,Fiber optic,Yes,Yes,Yes,No,No,No,Month-to-month,Yes,Credit card (automatic),109.05,3516.73,Yes,Digital_Streaming_Cohort
DIG3-00448,Male,0,No,Yes,2,Yes,Yes,No,No internet service,No internet service,No internet service,No internet service,No internet service,No internet service,Month-to-month,Yes,Credit card (automatic),52.16,108.1,Yes,Digital_Streaming_Cohort
DIG3-00449,Female,0,No,No,10,Yes,Yes,DSL,No,No,Yes,No,No,No,Month-to-month,No,Mailed check,83.47,859.7,No,Digital_Streaming_Cohort
DIG3-00450,Female,0,Yes,No,11,Yes,Yes,Fiber optic,No,No,No,No,Yes,Yes,Two year,Yes,Electronic check,127.96,1400.71,No,Digital_Streaming_Cohort
DIG3-00451,Female,0,Yes,No,4,Yes,No,DSL,Yes,No,No,No,No,No,Month-to-month,Yes,Credit card (automatic),74.81,291.77,No,Digital_Streaming_Cohort
DIG3-00452,Female,0,Yes,No,6,Yes,Yes,Fiber optic,Yes,Yes,Yes,No,No,Yes,Two year,No,Credit card (automatic),148.48,860.55,No,Digital_Streaming_Cohort
DIG3-00453,Male,0,No,No,14,Yes,Yes,Fiber optic,No,Yes,Yes,Yes,No,Yes,One year,No,Bank transfer (automatic),146.02,1991.15,No,Digital_Streaming_Cohort
DIG3-00454,Male,0,No,No,1,Yes,No,No,No internet service,No internet service,No internet service,No internet service,No internet service,No internet service,Month-to-month,No,Credit card (automatic),31.99,32.16,Yes,Digital_Streaming_Cohort
DIG3-00455,Male,1,Yes,No,5,Yes,Yes,Fiber optic,No,No,Yes,No,No,Yes,Month-to-month,No,Mailed check,128.84,659.1,No,Digital_Streaming_Cohort
DIG3-00456,Female,0,No,No,21,Yes,Yes,Fiber optic,No,Yes,Yes,Yes,Yes,No,Month-to-month,No,Credit card (automatic),147.83,3111.65,No,Digital_Streaming_Cohort
DIG3-00457,Female,0,Yes,No,15,No,No phone service,DSL,Yes,No,No,No,Yes,No,One year,Yes,Electronic check,85.29,1326.88,No,Digital_Streaming_Cohort
DIG3-00458,Female,0,No,Yes,6,Yes,Yes,Fiber optic,No,Yes,Yes,No,Yes,Yes,Month-to-month,Yes,Electronic check,144.08,830.28,No,Digital_Streaming_Cohort
DIG3-00459,Female,0,No,No,17,Yes,No,Fiber optic,Yes,No,Yes,No,No,No,One year,Yes,Bank transfer (automatic),100.44,1658.93,No,Digital_Streaming_Cohort
DIG3-00460,Female,0,No,Yes,30,Yes,Yes,Fiber optic,Yes,Yes,No,No,Yes,Yes,Month-to-month,Yes,Electronic check,140.12,4106.51,No,Digital_Streaming_Cohort
DIG3-00461,Male,0,No,No,62,No,No phone service,Fiber optic,Yes,No,No,Yes,Yes,Yes,Month-to-month,Yes,Electronic check,125.95,7884.95,No,Digital_Streaming_Cohort
DIG3-00462,Male,0,Yes,No,40,Yes,Yes,Fiber optic,No,Yes,No,No,No,Yes,Month-to-month,Yes,Credit card (automatic),125.03,4851.17,No,Digital_Streaming_Cohort
DIG3-00463,Male,0,Yes,No,1,Yes,Yes,DSL,No,No,Yes,Yes,Yes,Yes,Two year,Yes,Electronic check,131.12,134.96,Yes,Digital_Streaming_Cohort
DIG3-00464,Male,0,No,No,15,Yes,No,Fiber optic,Yes,No,No,No,No,No,Month-to-month,Yes,Credit card (automatic),95.5,1378.05,No,Digital_Streaming_Cohort
DIG3-00465,Female,0,No,No,56,Yes,Yes,DSL,Yes,No,No,Yes,Yes,Yes,One year,Yes,Credit card (automatic),133.37,7449.71,Yes,Digital_Streaming_Cohort
DIG3-00466,Male,1,No,No,6,Yes,Yes,Fiber optic,No,No,No,Yes,Yes,No,Month-to-month,Yes,Credit card (automatic),126.37,782.66,Yes,Digital_Streaming_Cohort
DIG3-00467,Female,0,Yes,Yes,72,Yes,No,Fiber optic,No,No,Yes,Yes,Yes,No,Month-to-month,No,Electronic check,117.28,8184.92,No,Digital_Streaming_Cohort
DIG3-00468,Female,0,Yes,No,72,Yes,Yes,Fiber optic,Yes,No,Yes,No,Yes,Yes,Month-to-month,No,Electronic check,151.83,10582.44,Yes,Digital_Streaming_Cohort
DIG3-00469,Male,0,No,Yes,20,No,No phone service,DSL,Yes,No,No,Yes,No,Yes,Two year,Yes,Electronic check,88.14,1750.71,Yes,Digital_Streaming_Cohort
DIG3-00470,Female,0,No,No,9,Yes,No,DSL,Yes,No,Yes,No,Yes,No,One year,Yes,Credit card (automatic),99.94,885.29,Yes,Digital_Streaming_Cohort
DIG3-00471,Male,0,Yes,No,27,Yes,No,Fiber optic,Yes,No,Yes,No,No,No,One year,Yes,Credit card (automatic),107.36,2859.11,No,Digital_Streaming_Cohort
DIG3-00472,Male,0,No,No,1,No,No phone service,Fiber optic,Yes,Yes,No,No,Yes,Yes,Month-to-month,No,Mailed check,119.95,123.01,Yes,Digital_Streaming_Cohort
DIG3-00473,Female,0,Yes,No,9,Yes,Yes,DSL,Yes,Yes,No,No,Yes,Yes,Month-to-month,No,Credit card (automatic),127.35,1129.3,Yes,Digital_Streaming_Cohort
DIG3-00474,Male,0,Yes,No,64,Yes,Yes,Fiber optic,No,Yes,Yes,No,Yes,Yes,Month-to-month,No,Electronic check,152.54,9780.68,No,Digital_Streaming_Cohort
DIG3-00475,Female,0,No,No,6,Yes,Yes,Fiber optic,No,Yes,Yes,Yes,Yes,Yes,Month-to-month,Yes,Bank transfer (automatic),160.15,961.74,No,Digital_Streaming_Cohort
DIG3-00476,Male,0,No,No,3,Yes,Yes,Fiber optic,No,Yes,Yes,No,No,Yes,One year,Yes,Electronic check,132.19,410.95,Yes,Digital_Streaming_Cohort
DIG3-00477,Female,1,No,No,72,Yes,Yes,Fiber optic,No,No,No,No,No,No,Month-to-month,Yes,Bank transfer (automatic),99.44,7396.46,No,Digital_Streaming_Cohort
DIG3-00478,Male,0,Yes,No,5,Yes,Yes,Fiber optic,Yes,Yes,Yes,No,Yes,No,One year,Yes,Bank transfer (automatic),140.68,726.18,No,Digital_Streaming_Cohort
DIG3-00479,Male,1,No,No,5,Yes,No,Fiber optic,Yes,Yes,No,No,No,No,One year,Yes,Credit card (automatic),104.53,525.68,Yes,Digital_Streaming_Cohort
DIG3-00480,Male,1,No,Yes,26,Yes,No,Fiber optic,Yes,Yes,No,Yes,Yes,No,Month-to-month,Yes,Bank transfer (automatic),128.18,3375.38,No,Digital_Streaming_Cohort
DIG3-00481,Male,0,Yes,Yes,1,Yes,Yes,No,No internet service,No internet service,No internet service,No internet service,No internet service,No internet service,Month-to-month,Yes,Mailed check,53.72,55.68,Yes,Digital_Streaming_Cohort
DIG3-00482,Male,0,No,No,58,Yes,Yes,DSL,No,Yes,Yes,Yes,Yes,Yes,Month-to-month,Yes,Electronic check,138.12,7978.14,No,Digital_Streaming_Cohort
DIG3-00483,Female,0,Yes,No,21,Yes,No,DSL,Yes,No,Yes,Yes,No,Yes,One year,No,Bank transfer (automatic),110.68,2241.13,No,Digital_Streaming_Cohort
DIG3-00484,Female,0,No,No,8,No,No phone service,Fiber optic,Yes,No,Yes,No,Yes,Yes,Two year,Yes,Credit card (automatic),126.22,1037.92,No,Digital_Streaming_Cohort
DIG3-00485,Female,0,No,No,9,Yes,Yes,Fiber optic,No,No,No,No,No,No,Month-to-month,Yes,Electronic check,96.26,844.31,Yes,Digital_Streaming_Cohort
DIG3-00486,Male,0,No,No,20,Yes,Yes,Fiber optic,No,No,No,No,Yes,No,Two year,Yes,Bank transfer (automatic),119.84,2428.18,No,Digital_Streaming_Cohort
DIG3-00487,Male,0,No,No,20,Yes,Yes,Fiber optic,Yes,No,No,Yes,No,No,One year,No,Credit card (automatic),117.62,2274.77,No,Digital_Streaming_Cohort
DIG3-00488,Male,0,No,No,39,Yes,Yes,No,No internet service,No internet service,No internet service,No internet service,No internet service,No internet service,Month-to-month,Yes,Bank transfer (automatic),47.08,1871.0,No,Digital_Streaming_Cohort
DIG3-00489,Male,0,No,No,42,No,No phone service,Fiber optic,No,Yes,Yes,No,No,Yes,One year,Yes,Credit card (automatic),106.62,4452.56,No,Digital_Streaming_Cohort
DIG3-00490,Female,1,No,Yes,37,Yes,Yes,Fiber optic,No,Yes,Yes,Yes,No,Yes,One year,Yes,Bank transfer (automatic),146.71,5494.78,No,Digital_Streaming_Cohort
DIG3-00491,Male,0,Yes,No,6,Yes,Yes,Fiber optic,Yes,Yes,Yes,Yes,No,Yes,Month-to-month,Yes,Bank transfer (automatic),151.34,876.94,Yes,Digital_Streaming_Cohort
DIG3-00492,Male,0,No,No,13,Yes,Yes,Fiber optic,No,Yes,No,Yes,No,No,Month-to-month,No,Bank transfer (automatic),120.26,1517.29,No,Digital_Streaming_Cohort
DIG3-00493,Female,0,No,Yes,20,Yes,Yes,Fiber optic,Yes,No,Yes,No,Yes,Yes,One year,No,Electronic check,149.37,3038.36,No,Digital_Streaming_Cohort
DIG3-00494,Female,0,No,Yes,31,Yes,No,Fiber optic,No,Yes,Yes,Yes,Yes,Yes,One year,Yes,Bank transfer (automatic),142.5,4581.04,Yes,Digital_Streaming_Cohort
DIG3-00495,Male,0,Yes,No,49,Yes,Yes,Fiber optic,Yes,Yes,Yes,Yes,No,Yes,Month-to-month,Yes,Electronic check,157.84,7961.81,Yes,Digital_Streaming_Cohort
DIG3-00496,Female,0,Yes,No,6,Yes,No,Fiber optic,No,No,Yes,Yes,Yes,No,Month-to-month,No,Bank transfer (automatic),127.1,767.44,No,Digital_Streaming_Cohort
DIG3-00497,Male,0,Yes,No,6,Yes,Yes,Fiber optic,No,Yes,Yes,No,No,No,Month-to-month,Yes,Electronic check,119.92,694.91,No,Digital_Streaming_Cohort
DIG3-00498,Female,1,No,No,32,Yes,Yes,Fiber optic,Yes,No,Yes,Yes,Yes,No,Month-to-month,Yes,Credit card (automatic),147.12,4592.13,No,Digital_Streaming_Cohort
DIG3-00499,Male,0,Yes,No,72,Yes,No,DSL,Yes,No,Yes,No,No,Yes,Month-to-month,Yes,Bank transfer (automatic),102.37,7381.01,No,Digital_Streaming_Cohort
DIG3-00500,Female,0,Yes,No,1,Yes,No,Fiber optic,Yes,No,Yes,No,Yes,Yes,Month-to-month,No,Electronic check,130.11,127.6,Yes,Digital_Streaming_Cohort
DIG3-00501,Male,0,No,Yes,14,No,No phone service,Fiber optic,No,No,Yes,Yes,No,Yes,Month-to-month,Yes,Bank transfer (automatic),107.1,1510.68,Yes,Digital_Streaming_Cohort
DIG3-00502,Female,0,Yes,No,6,No,No phone service,Fiber optic,No,No,Yes,No,No,No,Month-to-month,Yes,Bank transfer (automatic),85.84,494.73,Yes,Digital_Streaming_Cohort
DIG3-00503,Female,0,Yes,Yes,6,Yes,Yes,Fiber optic,No,Yes,No,Yes,No,Yes,One year,Yes,Credit card (automatic),135.64,787.99,Yes,Digital_Streaming_Cohort
DIG3-00504,Female,0,No,No,3,Yes,Yes,Fiber optic,Yes,No,No,No,Yes,Yes,Two year,Yes,Credit card (automatic),139.54,419.2,No,Digital_Streaming_Cohort
DIG3-00505,Female,1,No,Yes,30,Yes,Yes,Fiber optic,Yes,Yes,Yes,No,No,No,Month-to-month,Yes,Electronic check,127.87,3819.52,No,Digital_Streaming_Cohort
DIG3-00506,Male,0,Yes,Yes,2,Yes,Yes,DSL,Yes,Yes,Yes,No,Yes,Yes,Month-to-month,Yes,Electronic check,139.96,280.59,Yes,Digital_Streaming_Cohort
DIG3-00507,Male,0,No,No,3,Yes,Yes,No,No internet service,No internet service,No internet service,No internet service,No internet service,No internet service,One year,No,Credit card (automatic),54.83,169.26,Yes,Digital_Streaming_Cohort
DIG3-00508,Male,1,Yes,Yes,12,Yes,Yes,Fiber optic,No,Yes,No,No,Yes,Yes,One year,Yes,Credit card (automatic),142.02,1727.78,Yes,Digital_Streaming_Cohort
DIG3-00509,Female,0,Yes,No,25,No,No phone service,Fiber optic,Yes,Yes,Yes,No,Yes,Yes,One year,Yes,Electronic check,138.91,3412.53,Yes,Digital_Streaming_Cohort
DIG3-00510,Female,0,Yes,No,4,Yes,Yes,DSL,No,Yes,No,No,No,Yes,One year,Yes,Bank transfer (automatic),105.79,415.44,No,Digital_Streaming_Cohort
DIG3-00511,Female,0,Yes,Yes,5,Yes,No,DSL,No,Yes,Yes,No,Yes,Yes,Two year,Yes,Electronic check,113.37,583.47,No,Digital_Streaming_Cohort
DIG3-00512,Male,0,No,No,14,Yes,No,DSL,No,No,No,Yes,No,Yes,Month-to-month,Yes,Credit card (automatic),92.19,1278.58,No,Digital_Streaming_Cohort
DIG3-00513,Male,0,Yes,No,45,Yes,No,Fiber optic,Yes,Yes,No,Yes,Yes,Yes,Month-to-month,No,Credit card (automatic),140.44,6424.34,No,Digital_Streaming_Cohort
DIG3-00514,Male,0,No,Yes,9,Yes,Yes,Fiber optic,Yes,Yes,Yes,No,Yes,No,Month-to-month,Yes,Bank transfer (automatic),140.61,1303.9,No,Digital_Streaming_Cohort
DIG3-00515,Female,0,No,Yes,9,No,No phone service,Fiber optic,No,No,No,Yes,Yes,No,Month-to-month,Yes,Bank transfer (automatic),99.7,922.64,Yes,Digital_Streaming_Cohort
DIG3-00516,Female,0,Yes,No,52,No,No phone service,DSL,Yes,Yes,Yes,No,No,Yes,Month-to-month,Yes,Mailed check,98.18,4942.22,No,Digital_Streaming_Cohort
DIG3-00517,Male,0,Yes,No,13,Yes,Yes,Fiber optic,Yes,No,No,No,Yes,No,One year,Yes,Mailed check,121.46,1611.9,Yes,Digital_Streaming_Cohort
DIG3-00518,Female,0,No,No,30,No,No phone service,Fiber optic,No,Yes,Yes,Yes,Yes,Yes,Month-to-month,Yes,Mailed check,129.41,3983.17,No,Digital_Streaming_Cohort
DIG3-00519,Male,0,No,No,36,Yes,Yes,Fiber optic,No,No,Yes,Yes,Yes,No,One year,Yes,Credit card (automatic),139.66,5045.56,No,Digital_Streaming_Cohort
DIG3-00520,Female,1,No,Yes,47,Yes,No,Fiber optic,No,Yes,Yes,Yes,Yes,Yes,One year,Yes,Credit card (automatic),143.57,6924.22,No,Digital_Streaming_Cohort
DIG3-00521,Female,1,Yes,No,1,Yes,Yes,DSL,No,Yes,Yes,No,Yes,No,One year,No,Electronic check,112.21,114.45,Yes,Digital_Streaming_Cohort
DIG3-00522,Male,0,Yes,No,3,Yes,No,Fiber optic,No,Yes,Yes,No,Yes,Yes,Month-to-month,Yes,Credit card (automatic),133.07,389.04,Yes,Digital_Streaming_Cohort
DIG3-00523,Female,0,No,No,32,No,No phone service,DSL,No,No,Yes,No,Yes,Yes,Month-to-month,Yes,Credit card (automatic),97.78,3113.37,No,Digital_Streaming_Cohort
DIG3-00524,Female,0,No,No,13,No,No phone service,Fiber optic,No,No,No,No,Yes,No,One year,Yes,Electronic check,87.01,1170.88,Yes,Digital_Streaming_Cohort
DIG3-00525,Female,0,Yes,No,5,Yes,Yes,Fiber optic,No,Yes,No,Yes,No,Yes,Two year,Yes,Electronic check,134.93,673.0,No,Digital_Streaming_Cohort
DIG3-00526,Male,0,No,No,37,Yes,Yes,Fiber optic,No,No,No,No,No,No,One year,Yes,Mailed check,99.69,3745.36,Yes,Digital_Streaming_Cohort
DIG3-00527,Male,1,Yes,No,12,No,No phone service,DSL,No,No,Yes,Yes,No,Yes,Two year,Yes,Bank transfer (automatic),88.1,1042.27,No,Digital_Streaming_Cohort
DIG3-00528,Male,0,Yes,No,9,Yes,No,Fiber optic,No,No,No,Yes,Yes,Yes,One year,Yes,Bank transfer (automatic),124.61,1119.79,No,Digital_Streaming_Cohort
DIG3-00529,Male,0,No,No,1,Yes,Yes,Fiber optic,Yes,Yes,Yes,No,Yes,Yes,Month-to-month,Yes,Electronic check,162.27,166.79,Yes,Digital_Streaming_Cohort
DIG3-00530,Female,0,No,No,16,Yes,No,DSL,No,Yes,No,Yes,Yes,No,Month-to-month,Yes,Bank transfer (automatic),96.67,1571.46,Yes,Digital_Streaming_Cohort
DIG3-00531,Male,0,No,No,16,Yes,No,Fiber optic,No,No,No,Yes,No,No,One year,Yes,Credit card (automatic),99.17,1543.06,No,Digital_Streaming_Cohort
DIG3-00532,Female,0,Yes,No,59,No,No phone service,DSL,No,No,Yes,Yes,Yes,Yes,Month-to-month,Yes,Credit card (automatic),108.79,6458.84,Yes,Digital_Streaming_Cohort
DIG3-00533,Male,1,No,No,11,No,No phone service,Fiber optic,Yes,No,Yes,No,No,Yes,Two year,No,Bank transfer (automatic),107.89,1209.83,No,Digital_Streaming_Cohort
DIG3-00534,Female,0,Yes,No,72,Yes,No,No,No internet service,No internet service,No internet service,No internet service,No internet service,No internet service,Month-to-month,Yes,Credit card (automatic),30.47,2146.86,No,Digital_Streaming_Cohort
DIG3-00535,Female,0,No,No,5,Yes,Yes,DSL,Yes,Yes,Yes,Yes,No,No,Month-to-month,Yes,Bank transfer (automatic),117.93,589.35,Yes,Digital_Streaming_Cohort
DIG3-00536,Male,0,Yes,Yes,5,Yes,Yes,Fiber optic,No,No,No,Yes,Yes,No,Two year,Yes,Bank transfer (automatic),121.35,596.39,No,Digital_Streaming_Cohort
DIG3-00537,Male,1,No,Yes,31,Yes,Yes,No,No internet service,No internet service,No internet service,No internet service,No internet service,No internet service,One year,Yes,Electronic check,46.3,1445.26,No,Digital_Streaming_Cohort
DIG3-00538,Female,0,No,No,72,Yes,No,Fiber optic,Yes,Yes,Yes,No,No,Yes,One year,No,Credit card (automatic),123.13,8732.72,No,Digital_Streaming_Cohort
DIG3-00539,Female,0,No,No,10,Yes,Yes,DSL,No,Yes,No,No,No,No,Month-to-month,Yes,Credit card (automatic),89.74,920.29,Yes,Digital_Streaming_Cohort
DIG3-00540,Male,0,Yes,Yes,1,Yes,Yes,Fiber optic,No,No,Yes,No,Yes,Yes,Month-to-month,Yes,Mailed check,139.86,136.9,Yes,Digital_Streaming_Cohort
DIG3-00541,Male,0,No,No,62,Yes,Yes,Fiber optic,Yes,No,No,No,Yes,No,One year,Yes,Electronic check,122.49,7579.58,No,Digital_Streaming_Cohort
DIG3-00542,Male,0,No,No,19,Yes,Yes,No,No internet service,No internet service,No internet service,No internet service,No internet service,No internet service,Month-to-month,Yes,Bank transfer (automatic),50.57,937.54,No,Digital_Streaming_Cohort
DIG3-00543,Male,0,No,No,26,Yes,Yes,Fiber optic,Yes,No,Yes,No,Yes,Yes,Month-to-month,Yes,Electronic check,152.22,4000.49,Yes,Digital_Streaming_Cohort
DIG3-00544,Male,0,No,Yes,24,No,No phone service,Fiber optic,No,Yes,No,No,Yes,Yes,Month-to-month,Yes,Credit card (automatic),113.64,2670.57,Yes,Digital_Streaming_Cohort
DIG3-00545,Male,0,Yes,No,13,Yes,Yes,Fiber optic,Yes,Yes,No,No,Yes,No,One year,Yes,Credit card (automatic),131.41,1718.67,No,Digital_Streaming_Cohort
DIG3-00546,Female,1,No,No,4,Yes,No,Fiber optic,Yes,Yes,No,Yes,Yes,Yes,Month-to-month,No,Bank transfer (automatic),143.46,591.93,Yes,Digital_Streaming_Cohort
DIG3-00547,Male,0,Yes,Yes,2,No,No phone service,DSL,Yes,No,Yes,Yes,Yes,Yes,Month-to-month,Yes,Bank transfer (automatic),110.53,221.67,Yes,Digital_Streaming_Cohort
DIG3-00548,Female,0,Yes,Yes,7,Yes,No,Fiber optic,Yes,Yes,No,No,Yes,Yes,One year,Yes,Credit card (automatic),132.55,940.47,Yes,Digital_Streaming_Cohort
DIG3-00549,Female,0,No,No,11,Yes,No,DSL,No,No,Yes,No,Yes,Yes,Month-to-month,No,Mailed check,103.59,1174.26,Yes,Digital_Streaming_Cohort
DIG3-00550,Male,0,No,Yes,6,Yes,Yes,Fiber optic,No,Yes,No,No,Yes,Yes,Month-to-month,Yes,Credit card (automatic),143.21,845.83,No,Digital_Streaming_Cohort
DIG3-00551,Male,0,Yes,No,22,Yes,No,Fiber optic,No,Yes,No,No,No,Yes,Month-to-month,Yes,Electronic check,111.39,2504.09,Yes,Digital_Streaming_Cohort
DIG3-00552,Male,0,No,No,37,Yes,Yes,Fiber optic,Yes,Yes,Yes,No,No,Yes,One year,Yes,Electronic check,145.91,5323.27,No,Digital_Streaming_Cohort
DIG3-00553,Male,0,No,No,38,Yes,No,Fiber optic,No,No,No,Yes,Yes,Yes,Two year,Yes,Credit card (automatic),118.9,4401.08,Yes,Digital_Streaming_Cohort
DIG3-00554,Male,0,No,No,33,Yes,Yes,Fiber optic,Yes,No,No,No,No,No,Month-to-month,No,Credit card (automatic),107.18,3574.12,No,Digital_Streaming_Cohort
DIG3-00555,Female,0,No,Yes,22,Yes,Yes,DSL,No,Yes,Yes,No,Yes,Yes,Month-to-month,Yes,Electronic check,126.22,2828.71,Yes,Digital_Streaming_Cohort
DIG3-00556,Male,1,No,No,72,Yes,Yes,DSL,No,No,Yes,Yes,Yes,Yes,Month-to-month,Yes,Credit card (automatic),135.74,9743.17,No,Digital_Streaming_Cohort
DIG3-00557,Male,0,No,No,63,No,No phone service,Fiber optic,No,No,Yes,Yes,Yes,Yes,Month-to-month,Yes,Credit card (automatic),127.24,8233.81,Yes,Digital_Streaming_Cohort
DIG3-00558,Male,0,No,No,13,Yes,Yes,DSL,No,No,Yes,Yes,Yes,Yes,Month-to-month,Yes,Bank transfer (automatic),129.59,1738.24,No,Digital_Streaming_Cohort
DIG3-00559,Female,0,No,No,1,Yes,Yes,Fiber optic,No,Yes,Yes,No,No,Yes,Month-to-month,Yes,Bank transfer (automatic),139.23,140.31,Yes,Digital_Streaming_Cohort
DIG3-00560,Female,0,No,No,14,Yes,Yes,No,No internet service,No internet service,No internet service,No internet service,No internet service,No internet service,Month-to-month,Yes,Credit card (automatic),52.33,709.62,Yes,Digital_Streaming_Cohort
DIG3-00561,Female,0,Yes,No,72,Yes,Yes,Fiber optic,Yes,Yes,No,Yes,Yes,Yes,One year,Yes,Electronic check,157.18,11154.47,No,Digital_Streaming_Cohort
DIG3-00562,Male,0,No,No,6,Yes,Yes,Fiber optic,No,No,No,No,Yes,Yes,Month-to-month,Yes,Credit card (automatic),129.81,771.63,Yes,Digital_Streaming_Cohort
DIG3-00563,Female,0,Yes,No,3,Yes,No,Fiber optic,No,No,No,No,No,No,Month-to-month,Yes,Bank transfer (automatic),82.42,242.64,No,Digital_Streaming_Cohort
DIG3-00564,Female,0,No,No,31,Yes,Yes,Fiber optic,Yes,No,No,No,Yes,Yes,Month-to-month,Yes,Credit card (automatic),138.68,4426.35,No,Digital_Streaming_Cohort
DIG3-00565,Female,0,Yes,No,17,Yes,Yes,Fiber optic,Yes,Yes,No,Yes,No,No,Month-to-month,Yes,Bank transfer (automatic),127.42,2194.79,Yes,Digital_Streaming_Cohort
DIG3-00566,Female,0,No,No,56,Yes,Yes,Fiber optic,No,No,No,No,No,Yes,Two year,Yes,Bank transfer (automatic),111.89,6279.14,No,Digital_Streaming_Cohort
DIG3-00567,Male,0,Yes,No,12,No,No phone service,Fiber optic,No,Yes,Yes,No,Yes,Yes,One year,No,Bank transfer (automatic),125.5,1468.03,No,Digital_Streaming_Cohort
DIG3-00568,Male,1,Yes,Yes,1,Yes,Yes,DSL,No,No,No,Yes,No,Yes,One year,Yes,Credit card (automatic),106.29,107.14,Yes,Digital_Streaming_Cohort
DIG3-00569,Male,1,Yes,No,36,No,No phone service,DSL,No,No,No,No,Yes,Yes,One year,Yes,Electronic check,89.25,3247.04,No,Digital_Streaming_Cohort
DIG3-00570,Female,0,No,No,12,Yes,Yes,Fiber optic,No,Yes,Yes,Yes,Yes,No,Month-to-month,No,Electronic check,145.78,1716.57,Yes,Digital_Streaming_Cohort
DIG3-00571,Female,0,No,Yes,39,Yes,Yes,DSL,Yes,Yes,Yes,Yes,No,Yes,Month-to-month,Yes,Mailed check,134.29,5127.11,No,Digital_Streaming_Cohort
DIG3-00572,Male,0,No,No,5,Yes,Yes,DSL,Yes,No,No,No,Yes,Yes,Two year,Yes,Credit card (automatic),122.76,612.26,No,Digital_Streaming_Cohort
DIG3-00573,Female,1,No,No,7,No,No phone service,Fiber optic,No,No,Yes,Yes,No,Yes,Month-to-month,Yes,Mailed check,108.45,760.82,Yes,Digital_Streaming_Cohort
DIG3-00574,Female,0,No,No,65,Yes,Yes,Fiber optic,No,No,No,No,No,Yes,One year,Yes,Credit card (automatic),118.71,7964.56,No,Digital_Streaming_Cohort
DIG3-00575,Female,0,Yes,Yes,1,Yes,No,DSL,No,Yes,No,Yes,Yes,No,Month-to-month,No,Credit card (automatic),98.25,97.01,Yes,Digital_Streaming_Cohort
DIG3-00576,Male,0,Yes,No,37,Yes,Yes,DSL,Yes,No,Yes,Yes,Yes,Yes,One year,Yes,Credit card (automatic),137.2,5217.94,No,Digital_Streaming_Cohort
DIG3-00577,Female,0,No,No,8,Yes,Yes,Fiber optic,Yes,Yes,No,Yes,Yes,Yes,Two year,No,Electronic check,163.65,1295.08,No,Digital_Streaming_Cohort
DIG3-00578,Male,0,No,Yes,15,Yes,Yes,DSL,No,Yes,Yes,No,No,Yes,Month-to-month,Yes,Bank transfer (automatic),118.82,1816.08,Yes,Digital_Streaming_Cohort
DIG3-00579,Female,0,No,Yes,38,Yes,No,Fiber optic,No,Yes,No,No,Yes,No,Two year,Yes,Credit card (automatic),109.72,4173.33,No,Digital_Streaming_Cohort
DIG3-00580,Male,0,Yes,No,10,No,No phone service,Fiber optic,No,Yes,No,No,Yes,Yes,Month-to-month,No,Bank transfer (automatic),113.42,1157.98,Yes,Digital_Streaming_Cohort
DIG3-00581,Female,0,No,Yes,41,Yes,Yes,Fiber optic,No,Yes,Yes,Yes,Yes,Yes,Month-to-month,Yes,Bank transfer (automatic),161.12,6414.11,No,Digital_Streaming_Cohort
DIG3-00582,Male,0,No,No,13,Yes,No,Fiber optic,No,No,No,No,No,Yes,One year,No,Electronic check,98.4,1308.0,No,Digital_Streaming_Cohort
DIG3-00583,Male,0,No,Yes,72,Yes,Yes,Fiber optic,Yes,No,No,No,No,Yes,Month-to-month,No,Credit card (automatic),133.26,9275.96,No,Digital_Streaming_Cohort
DIG3-00584,Male,0,Yes,No,5,Yes,No,Fiber optic,No,Yes,Yes,No,Yes,No,Month-to-month,Yes,Electronic check,121.24,588.79,Yes,Digital_Streaming_Cohort
DIG3-00585,Male,0,No,Yes,13,Yes,No,DSL,Yes,Yes,Yes,No,Yes,Yes,One year,No,Credit card (automatic),126.08,1695.8,No,Digital_Streaming_Cohort
DIG3-00586,Male,1,Yes,Yes,68,Yes,No,Fiber optic,Yes,No,Yes,No,Yes,Yes,Month-to-month,Yes,Electronic check,136.1,9510.03,Yes,Digital_Streaming_Cohort
DIG3-00587,Male,0,No,No,12,Yes,Yes,DSL,No,Yes,Yes,No,No,Yes,Month-to-month,Yes,Bank transfer (automatic),116.65,1364.48,Yes,Digital_Streaming_Cohort
DIG3-00588,Female,0,No,No,5,Yes,Yes,DSL,No,No,No,Yes,No,Yes,Month-to-month,Yes,Credit card (automatic),102.66,501.62,Yes,Digital_Streaming_Cohort
DIG3-00589,Male,0,No,No,2,Yes,Yes,Fiber optic,Yes,Yes,Yes,No,No,Yes,Month-to-month,Yes,Bank transfer (automatic),142.97,289.19,Yes,Digital_Streaming_Cohort
DIG3-00590,Female,0,No,No,8,Yes,Yes,Fiber optic,Yes,Yes,Yes,No,No,Yes,One year,Yes,Bank transfer (automatic),149.87,1187.47,No,Digital_Streaming_Cohort
DIG3-00591,Female,0,No,No,12,Yes,No,DSL,No,Yes,No,No,Yes,No,Month-to-month,Yes,Credit card (automatic),87.08,1084.17,No,Digital_Streaming_Cohort
DIG3-00592,Female,0,No,No,72,Yes,Yes,Fiber optic,Yes,No,No,No,Yes,Yes,Month-to-month,Yes,Electronic check,141.11,10363.15,Yes,Digital_Streaming_Cohort
DIG3-00593,Male,0,No,No,1,Yes,No,Fiber optic,No,No,Yes,No,Yes,Yes,Month-to-month,Yes,Electronic check,125.05,124.28,Yes,Digital_Streaming_Cohort
DIG3-00594,Female,0,No,No,23,Yes,Yes,Fiber optic,No,Yes,Yes,No,Yes,No,Month-to-month,Yes,Electronic check,134.35,3163.37,Yes,Digital_Streaming_Cohort
DIG3-00595,Male,0,No,No,3,Yes,Yes,DSL,No,No,No,No,Yes,Yes,One year,No,Mailed check,108.88,325.06,No,Digital_Streaming_Cohort
DIG3-00596,Male,0,No,No,11,Yes,No,Fiber optic,No,No,Yes,No,Yes,Yes,Month-to-month,Yes,Electronic check,122.99,1366.9,Yes,Digital_Streaming_Cohort
DIG3-00597,Male,1,Yes,No,12,Yes,Yes,Fiber optic,No,No,No,No,Yes,Yes,Month-to-month,Yes,Credit card (automatic),130.61,1562.23,Yes,Digital_Streaming_Cohort
DIG3-00598,Female,0,No,No,6,Yes,No,Fiber optic,Yes,No,Yes,Yes,Yes,No,Month-to-month,Yes,Electronic check,129.29,752.77,No,Digital_Streaming_Cohort
DIG3-00599,Male,0,No,No,51,Yes,No,Fiber optic,No,No,No,Yes,No,Yes,One year,Yes,Credit card (automatic),112.92,5678.85,No,Digital_Streaming_Cohort
DIG3-00600,Male,0,No,No,32,No,No phone service,Fiber optic,Yes,Yes,Yes,Yes,Yes,No,Month-to-month,Yes,Credit card (automatic),129.85,4231.48,No,Digital_Streaming_Cohort
DIG3-00601,Female,0,Yes,No,13,Yes,No,DSL,Yes,Yes,Yes,Yes,Yes,Yes,One year,No,Bank transfer (automatic),131.22,1692.75,No,Digital_Streaming_Cohort
DIG3-00602,Male,0,Yes,Yes,16,Yes,Yes,Fiber optic,No,Yes,No,No,Yes,No,Month-to-month,Yes,Mailed check,127.47,2101.45,Yes,Digital_Streaming_Cohort
DIG3-00603,Female,0,No,No,11,Yes,Yes,DSL,No,Yes,No,No,No,Yes,Month-to-month,Yes,Credit card (automatic),100.01,1077.78,Yes,Digital_Streaming_Cohort
DIG3-00604,Male,0,No,No,34,Yes,No,DSL,No,No,Yes,Yes,Yes,Yes,Month-to-month,Yes,Bank transfer (automatic),119.55,4160.96,No,Digital_Streaming_Cohort
DIG3-00605,Female,0,No,No,9,Yes,No,Fiber optic,Yes,No,No,No,Yes,Yes,One year,Yes,Bank transfer (automatic),122.46,1118.12,Yes,Digital_Streaming_Cohort
DIG3-00606,Female,0,Yes,No,26,Yes,Yes,DSL,No,Yes,No,Yes,Yes,Yes,Two year,Yes,Credit card (automatic),125.61,3163.88,No,Digital_Streaming_Cohort
DIG3-00607,Female,0,No,No,16,Yes,Yes,DSL,Yes,Yes,No,Yes,No,Yes,Two year,Yes,Bank transfer (automatic),122.11,2014.66,No,Digital_Streaming_Cohort
DIG3-00608,Male,1,No,No,45,Yes,No,Fiber optic,No,No,Yes,Yes,Yes,No,Month-to-month,Yes,Electronic check,116.83,5409.21,No,Digital_Streaming_Cohort
DIG3-00609,Male,0,Yes,No,26,Yes,Yes,Fiber optic,Yes,No,No,No,Yes,Yes,Month-to-month,Yes,Credit card (automatic),140.46,3782.83,Yes,Digital_Streaming_Cohort
DIG3-00610,Female,0,Yes,Yes,6,Yes,No,No,No internet service,No internet service,No internet service,No internet service,No internet service,No internet service,Month-to-month,Yes,Bank transfer (automatic),39.88,237.64,No,Digital_Streaming_Cohort
DIG3-00611,Female,0,No,No,10,Yes,Yes,Fiber optic,No,No,Yes,No,No,No,Month-to-month,Yes,Mailed check,106.75,1042.36,Yes,Digital_Streaming_Cohort
DIG3-00612,Female,1,Yes,No,23,Yes,No,Fiber optic,Yes,Yes,Yes,Yes,No,Yes,One year,Yes,Mailed check,144.35,3397.86,No,Digital_Streaming_Cohort
DIG3-00613,Female,0,No,No,39,Yes,Yes,Fiber optic,No,No,Yes,Yes,No,No,One year,Yes,Credit card (automatic),113.92,4583.79,No,Digital_Streaming_Cohort
DIG3-00614,Male,0,Yes,No,1,Yes,No,Fiber optic,No,No,Yes,Yes,Yes,Yes,One year,No,Bank transfer (automatic),130.43,133.78,No,Digital_Streaming_Cohort
DIG3-00615,Male,0,Yes,No,11,Yes,Yes,Fiber optic,Yes,Yes,No,No,Yes,Yes,One year,No,Credit card (automatic),150.19,1689.72,Yes,Digital_Streaming_Cohort
DIG3-00616,Male,0,Yes,No,5,Yes,Yes,Fiber optic,Yes,No,No,No,Yes,Yes,Month-to-month,Yes,Electronic check,137.45,699.26,Yes,Digital_Streaming_Cohort
DIG3-00617,Male,0,No,No,25,Yes,Yes,Fiber optic,No,Yes,No,No,No,No,Two year,Yes,Credit card (automatic),109.47,2690.21,No,Digital_Streaming_Cohort
DIG3-00618,Female,0,No,No,6,Yes,Yes,DSL,No,Yes,Yes,Yes,Yes,Yes,Month-to-month,Yes,Bank transfer (automatic),141.55,871.19,Yes,Digital_Streaming_Cohort
DIG3-00619,Male,0,No,No,72,Yes,No,DSL,No,Yes,Yes,Yes,No,Yes,Month-to-month,Yes,Bank transfer (automatic),105.7,7663.03,No,Digital_Streaming_Cohort
DIG3-00620,Female,0,No,No,72,Yes,Yes,Fiber optic,Yes,No,No,No,Yes,No,Two year,No,Bank transfer (automatic),122.85,8819.32,No,Digital_Streaming_Cohort
DIG3-00621,Male,0,No,No,20,Yes,No,Fiber optic,No,Yes,No,Yes,No,Yes,Month-to-month,Yes,Bank transfer (automatic),117.86,2366.71,No,Digital_Streaming_Cohort
DIG3-00622,Male,1,Yes,No,17,Yes,Yes,DSL,No,No,Yes,No,Yes,Yes,Month-to-month,Yes,Bank transfer (automatic),115.34,1931.82,Yes,Digital_Streaming_Cohort
DIG3-00623,Female,0,Yes,No,8,Yes,Yes,Fiber optic,No,No,No,Yes,Yes,Yes,Month-to-month,Yes,Bank transfer (automatic),138.04,1115.42,Yes,Digital_Streaming_Cohort
DIG3-00624,Female,0,No,No,27,No,No phone service,Fiber optic,No,No,Yes,Yes,Yes,No,Month-to-month,No,Electronic check,110.18,3009.8,No,Digital_Streaming_Cohort
DIG3-00625,Female,0,No,No,38,No,No phone service,Fiber optic,Yes,No,Yes,No,Yes,No,Month-to-month,Yes,Credit card (automatic),104.71,3867.8,Yes,Digital_Streaming_Cohort
DIG3-00626,Female,0,No,No,13,No,No phone service,Fiber optic,Yes,Yes,No,No,No,Yes,One year,Yes,Credit card (automatic),110.19,1406.11,No,Digital_Streaming_Cohort
DIG3-00627,Female,1,No,Yes,52,No,No phone service,Fiber optic,Yes,Yes,Yes,No,Yes,Yes,Month-to-month,Yes,Credit card (automatic),131.95,6906.42,No,Digital_Streaming_Cohort
DIG3-00628,Female,1,Yes,No,21,Yes,Yes,Fiber optic,No,No,No,No,Yes,Yes,Month-to-month,No,Credit card (automatic),129.47,2734.42,No,Digital_Streaming_Cohort
DIG3-00629,Male,1,No,No,5,Yes,No,DSL,Yes,Yes,No,Yes,No,Yes,Month-to-month,Yes,Credit card (automatic),110.98,546.53,Yes,Digital_Streaming_Cohort
DIG3-00630,Female,0,No,No,41,Yes,Yes,Fiber optic,No,Yes,No,Yes,No,Yes,Month-to-month,Yes,Credit card (automatic),136.53,5816.94,Yes,Digital_Streaming_Cohort
DIG3-00631,Male,0,Yes,No,61,Yes,Yes,DSL,No,No,No,No,Yes,No,Month-to-month,No,Credit card (automatic),92.02,5458.09,Yes,Digital_Streaming_Cohort
DIG3-00632,Male,1,No,Yes,6,Yes,No,Fiber optic,Yes,Yes,No,Yes,Yes,No,One year,Yes,Electronic check,129.94,794.93,No,Digital_Streaming_Cohort
DIG3-00633,Female,0,No,No,36,Yes,Yes,DSL,Yes,No,No,No,No,Yes,One year,Yes,Credit card (automatic),100.41,3503.36,No,Digital_Streaming_Cohort
DIG3-00634,Female,0,No,No,10,No,No phone service,Fiber optic,Yes,Yes,Yes,Yes,Yes,Yes,Month-to-month,Yes,Bank transfer (automatic),145.77,1486.26,Yes,Digital_Streaming_Cohort
DIG3-00635,Female,0,No,No,2,No,No phone service,Fiber optic,No,No,No,No,Yes,No,Month-to-month,Yes,Mailed check,90.39,182.36,Yes,Digital_Streaming_Cohort
DIG3-00636,Male,0,Yes,No,26,Yes,Yes,Fiber optic,Yes,Yes,No,Yes,No,No,Month-to-month,Yes,Electronic check,129.82,3318.49,Yes,Digital_Streaming_Cohort
DIG3-00637,Female,0,Yes,No,16,No,No phone service,Fiber optic,Yes,Yes,No,No,No,Yes,Two year,Yes,Credit card (automatic),106.67,1759.03,No,Digital_Streaming_Cohort
DIG3-00638,Male,0,No,Yes,22,Yes,Yes,DSL,Yes,Yes,Yes,No,Yes,No,Two year,No,Bank transfer (automatic),123.89,2628.19,No,Digital_Streaming_Cohort
DIG3-00639,Male,0,No,No,41,Yes,Yes,Fiber optic,Yes,No,No,Yes,No,No,Month-to-month,Yes,Electronic check,123.01,4960.47,Yes,Digital_Streaming_Cohort
DIG3-00640,Male,0,No,No,2,Yes,No,DSL,No,Yes,No,No,No,No,Month-to-month,Yes,Credit card (automatic),78.42,154.7,Yes,Digital_Streaming_Cohort
DIG3-00641,Female,0,Yes,No,72,Yes,No,Fiber optic,No,No,No,Yes,Yes,Yes,Month-to-month,Yes,Electronic check,125.01,8915.09,Yes,Digital_Streaming_Cohort
DIG3-00642,Female,0,Yes,No,9,Yes,Yes,Fiber optic,Yes,Yes,Yes,Yes,Yes,Yes,Month-to-month,No,Mailed check,172.03,1543.62,Yes,Digital_Streaming_Cohort
DIG3-00643,Male,0,No,No,35,Yes,Yes,Fiber optic,No,Yes,Yes,No,No,No,Month-to-month,Yes,Mailed check,118.32,4000.1,No,Digital_Streaming_Cohort
DIG3-00644,Male,0,Yes,Yes,7,Yes,No,Fiber optic,Yes,No,No,Yes,Yes,Yes,One year,Yes,Bank transfer (automatic),139.63,1010.98,No,Digital_Streaming_Cohort
DIG3-00645,Female,0,Yes,No,24,Yes,Yes,Fiber optic,No,Yes,Yes,Yes,Yes,Yes,Month-to-month,Yes,Bank transfer (automatic),158.63,3861.12,No,Digital_Streaming_Cohort
DIG3-00646,Male,0,Yes,No,25,Yes,Yes,Fiber optic,Yes,No,No,Yes,Yes,Yes,One year,Yes,Bank transfer (automatic),145.69,3598.3,No,Digital_Streaming_Cohort
DIG3-00647,Male,0,No,Yes,10,Yes,No,Fiber optic,Yes,Yes,Yes,No,Yes,No,One year,No,Bank transfer (automatic),131.89,1284.75,Yes,Digital_Streaming_Cohort
DIG3-00648,Female,0,No,Yes,10,Yes,Yes,Fiber optic,Yes,No,Yes,No,Yes,Yes,Month-to-month,Yes,Credit card (automatic),147.58,1427.7,Yes,Digital_Streaming_Cohort
DIG3-00649,Female,0,No,Yes,1,Yes,No,DSL,Yes,Yes,Yes,Yes,Yes,No,Month-to-month,Yes,Credit card (automatic),119.83,119.02,Yes,Digital_Streaming_Cohort
DIG3-00650,Male,0,Yes,Yes,24,Yes,Yes,Fiber optic,No,Yes,Yes,Yes,No,No,Month-to-month,Yes,Bank transfer (automatic),131.51,3209.64,No,Digital_Streaming_Cohort
DIG3-00651,Male,1,No,No,29,No,No phone service,DSL,Yes,No,Yes,No,Yes,No,Month-to-month,No,Credit card (automatic),92.2,2661.24,No,Digital_Streaming_Cohort
DIG3-00652,Male,0,No,Yes,2,Yes,Yes,Fiber optic,Yes,Yes,No,Yes,Yes,Yes,Month-to-month,No,Bank transfer (automatic),161.92,329.73,No,Digital_Streaming_Cohort
DIG3-00653,Female,0,Yes,No,1,Yes,No,DSL,No,Yes,Yes,No,Yes,Yes,Month-to-month,No,Electronic check,116.58,117.52,Yes,Digital_Streaming_Cohort
DIG3-00654,Female,0,Yes,No,5,No,No phone service,No,No internet service,No internet service,No internet service,No internet service,No internet service,No internet service,Month-to-month,Yes,Electronic check,20.0,101.77,Yes,Digital_Streaming_Cohort
DIG3-00655,Female,0,Yes,No,2,Yes,Yes,Fiber optic,No,Yes,Yes,Yes,No,Yes,Month-to-month,Yes,Credit card (automatic),149.78,293.63,No,Digital_Streaming_Cohort
DIG3-00656,Female,0,No,Yes,7,Yes,Yes,DSL,Yes,Yes,No,Yes,Yes,No,Month-to-month,Yes,Credit card (automatic),124.06,848.42,Yes,Digital_Streaming_Cohort
DIG3-00657,Male,1,No,Yes,23,No,No phone service,DSL,Yes,Yes,Yes,Yes,No,Yes,Month-to-month,Yes,Credit card (automatic),111.09,2596.66,Yes,Digital_Streaming_Cohort
DIG3-00658,Male,0,No,Yes,11,Yes,No,DSL,Yes,Yes,Yes,Yes,Yes,No,One year,Yes,Electronic check,125.11,1426.81,No,Digital_Streaming_Cohort
DIG3-00659,Female,0,No,No,66,Yes,Yes,Fiber optic,No,Yes,No,No,Yes,No,One year,Yes,Credit card (automatic),127.53,8443.57,No,Digital_Streaming_Cohort
DIG3-00660,Male,1,No,No,2,Yes,No,DSL,Yes,No,No,No,No,Yes,Month-to-month,Yes,Bank transfer (automatic),90.88,178.57,No,Digital_Streaming_Cohort
DIG3-00661,Male,0,Yes,No,6,Yes,No,Fiber optic,No,Yes,No,No,Yes,Yes,One year,Yes,Electronic check,123.39,738.02,No,Digital_Streaming_Cohort
DIG3-00662,Female,0,Yes,Yes,61,Yes,Yes,Fiber optic,No,Yes,Yes,No,No,No,Month-to-month,Yes,Bank transfer (automatic),118.36,7284.9,No,Digital_Streaming_Cohort
DIG3-00663,Female,0,Yes,No,54,Yes,Yes,DSL,Yes,Yes,Yes,Yes,Yes,No,Month-to-month,Yes,Credit card (automatic),134.89,7103.93,No,Digital_Streaming_Cohort
DIG3-00664,Female,1,Yes,No,22,Yes,No,Fiber optic,No,No,No,No,No,No,Month-to-month,Yes,Bank transfer (automatic),89.4,1961.23,Yes,Digital_Streaming_Cohort
DIG3-00665,Female,0,No,No,5,No,No phone service,DSL,Yes,No,Yes,Yes,No,Yes,Month-to-month,No,Credit card (automatic),102.91,527.52,Yes,Digital_Streaming_Cohort
DIG3-00666,Male,0,No,No,38,No,No phone service,Fiber optic,No,No,Yes,No,No,No,Two year,Yes,Electronic check,82.56,3039.29,No,Digital_Streaming_Cohort
DIG3-00667,Female,0,No,Yes,4,Yes,Yes,DSL,No,No,Yes,Yes,No,Yes,Month-to-month,No,Mailed check,112.81,468.47,No,Digital_Streaming_Cohort
DIG3-00668,Male,1,No,No,4,Yes,Yes,Fiber optic,Yes,Yes,Yes,No,Yes,Yes,Month-to-month,No,Electronic check,161.5,626.72,Yes,Digital_Streaming_Cohort
DIG3-00669,Male,0,No,No,18,Yes,No,Fiber optic,No,No,No,Yes,No,Yes,Month-to-month,No,Credit card (automatic),109.29,1974.18,No,Digital_Streaming_Cohort
DIG3-00670,Male,0,Yes,No,3,Yes,Yes,Fiber optic,No,No,No,Yes,Yes,No,Month-to-month,Yes,Bank transfer (automatic),123.02,378.31,Yes,Digital_Streaming_Cohort
DIG3-00671,Female,1,No,No,8,Yes,Yes,Fiber optic,No,Yes,Yes,No,No,Yes,Month-to-month,Yes,Bank transfer (automatic),135.35,1084.17,Yes,Digital_Streaming_Cohort
DIG3-00672,Female,0,No,No,5,Yes,Yes,DSL,Yes,Yes,Yes,No,No,No,One year,Yes,Credit card (automatic),104.32,532.6,No,Digital_Streaming_Cohort
DIG3-00673,Male,0,No,No,18,Yes,No,Fiber optic,No,No,No,No,No,Yes,Month-to-month,No,Credit card (automatic),99.18,1722.63,No,Digital_Streaming_Cohort
DIG3-00674,Female,0,No,No,48,Yes,No,Fiber optic,No,Yes,Yes,No,Yes,Yes,Two year,No,Credit card (automatic),136.43,6497.36,No,Digital_Streaming_Cohort
DIG3-00675,Female,1,No,Yes,1,Yes,Yes,DSL,Yes,No,Yes,Yes,No,No,One year,Yes,Electronic check,110.85,107.91,Yes,Digital_Streaming_Cohort
DIG3-00676,Female,0,No,Yes,29,Yes,Yes,DSL,Yes,Yes,Yes,No,No,Yes,Month-to-month,No,Credit card (automatic),124.84,3554.06,No,Digital_Streaming_Cohort
DIG3-00677,Female,0,No,No,72,Yes,No,Fiber optic,No,Yes,No,Yes,Yes,Yes,Month-to-month,No,Bank transfer (automatic),137.51,9542.04,No,Digital_Streaming_Cohort
DIG3-00678,Female,0,No,Yes,2,Yes,Yes,Fiber optic,No,Yes,No,No,Yes,Yes,Month-to-month,Yes,Bank transfer (automatic),136.61,263.3,No,Digital_Streaming_Cohort
DIG3-00679,Male,0,Yes,No,33,Yes,No,Fiber optic,No,No,No,Yes,Yes,Yes,Month-to-month,Yes,Credit card (automatic),126.45,4167.9,No,Digital_Streaming_Cohort
DIG3-00680,Male,0,Yes,No,16,Yes,Yes,Fiber optic,Yes,Yes,Yes,No,Yes,Yes,Month-to-month,Yes,Bank transfer (automatic),163.6,2531.81,Yes,Digital_Streaming_Cohort
DIG3-00681,Female,0,Yes,Yes,54,Yes,No,Fiber optic,Yes,Yes,Yes,No,Yes,No,Month-to-month,No,Mailed check,128.44,7163.71,Yes,Digital_Streaming_Cohort
DIG3-00682,Male,0,Yes,Yes,3,Yes,Yes,Fiber optic,No,No,Yes,Yes,Yes,No,One year,Yes,Credit card (automatic),135.2,419.48,No,Digital_Streaming_Cohort
DIG3-00683,Female,0,No,No,17,Yes,Yes,DSL,No,No,No,Yes,No,Yes,Month-to-month,Yes,Bank transfer (automatic),101.53,1682.78,Yes,Digital_Streaming_Cohort
DIG3-00684,Male,0,Yes,Yes,45,Yes,Yes,DSL,No,Yes,Yes,No,Yes,Yes,Month-to-month,No,Bank transfer (automatic),125.6,5639.47,No,Digital_Streaming_Cohort
DIG3-00685,Male,0,No,Yes,43,Yes,Yes,DSL,Yes,Yes,Yes,No,Yes,No,Two year,No,Electronic check,128.93,5334.25,No,Digital_Streaming_Cohort
DIG3-00686,Male,0,No,Yes,2,Yes,Yes,Fiber optic,Yes,Yes,No,No,Yes,No,Month-to-month,No,Electronic check,131.42,260.02,Yes,Digital_Streaming_Cohort
DIG3-00687,Female,0,No,Yes,3,Yes,Yes,Fiber optic,No,Yes,No,Yes,Yes,Yes,Two year,No,Bank transfer (automatic),149.32,442.04,No,Digital_Streaming_Cohort
DIG3-00688,Male,0,Yes,No,72,Yes,Yes,Fiber optic,No,No,Yes,No,No,Yes,Two year,Yes,Credit card (automatic),120.92,8627.09,Yes,Digital_Streaming_Cohort
DIG3-00689,Female,0,Yes,No,44,No,No phone service,Fiber optic,Yes,Yes,No,Yes,Yes,Yes,One year,No,Electronic check,133.81,5697.49,Yes,Digital_Streaming_Cohort
DIG3-00690,Male,1,Yes,No,9,Yes,Yes,Fiber optic,No,No,Yes,No,No,No,Month-to-month,Yes,Credit card (automatic),109.51,1007.83,No,Digital_Streaming_Cohort
DIG3-00691,Male,0,Yes,No,8,Yes,No,DSL,Yes,No,No,No,Yes,Yes,Month-to-month,Yes,Bank transfer (automatic),99.75,824.51,Yes,Digital_Streaming_Cohort
DIG3-00692,Female,0,Yes,No,16,No,No phone service,Fiber optic,No,Yes,Yes,No,Yes,Yes,Month-to-month,Yes,Credit card (automatic),126.6,2051.75,Yes,Digital_Streaming_Cohort
DIG3-00693,Female,0,No,No,27,Yes,Yes,Fiber optic,Yes,No,No,Yes,Yes,Yes,Month-to-month,Yes,Bank transfer (automatic),151.37,4080.08,No,Digital_Streaming_Cohort
DIG3-00694,Male,0,No,No,22,No,No phone service,DSL,No,No,No,Yes,No,Yes,Month-to-month,Yes,Bank transfer (automatic),74.7,1586.79,Yes,Digital_Streaming_Cohort
DIG3-00695,Male,0,No,No,13,Yes,No,No,No internet service,No internet service,No internet service,No internet service,No internet service,No internet service,Month-to-month,No,Electronic check,39.74,496.42,No,Digital_Streaming_Cohort
DIG3-00696,Male,0,Yes,No,13,Yes,Yes,Fiber optic,Yes,Yes,Yes,No,No,Yes,One year,Yes,Credit card (automatic),142.04,1868.5,No,Digital_Streaming_Cohort
DIG3-00697,Male,0,No,No,30,Yes,Yes,DSL,Yes,Yes,Yes,Yes,Yes,Yes,Two year,Yes,Bank transfer (automatic),154.27,4710.88,No,Digital_Streaming_Cohort
DIG3-00698,Female,0,No,No,61,Yes,No,No,No internet service,No internet service,No internet service,No internet service,No internet service,No internet service,Two year,Yes,Credit card (automatic),33.81,2007.06,No,Digital_Streaming_Cohort
DIG3-00699,Male,0,No,No,13,Yes,Yes,Fiber optic,No,Yes,No,Yes,No,Yes,Two year,Yes,Electronic check,130.34,1757.93,No,Digital_Streaming_Cohort
DIG3-00700,Female,0,Yes,No,17,Yes,Yes,Fiber optic,Yes,Yes,No,No,No,Yes,Two year,Yes,Credit card (automatic),134.85,2269.2,No,Digital_Streaming_Cohort
DIG3-00701,Female,0,Yes,Yes,15,Yes,Yes,DSL,No,Yes,No,No,No,Yes,One year,Yes,Electronic check,108.81,1660.49,Yes,Digital_Streaming_Cohort
DIG3-00702,Female,0,No,No,4,Yes,Yes,Fiber optic,No,Yes,Yes,No,Yes,Yes,Two year,No,Bank transfer (automatic),152.09,624.3,No,Digital_Streaming_Cohort
DIG3-00703,Male,0,No,No,21,Yes,Yes,No,No internet service,No internet service,No internet service,No internet service,No internet service,No internet service,One year,Yes,Electronic check,52.74,1071.15,No,Digital_Streaming_Cohort
DIG3-00704,Male,0,Yes,Yes,2,Yes,Yes,DSL,Yes,Yes,No,Yes,Yes,Yes,Month-to-month,Yes,Electronic check,135.65,270.06,No,Digital_Streaming_Cohort
DIG3-00705,Female,0,No,Yes,72,No,No phone service,Fiber optic,Yes,No,Yes,No,Yes,Yes,Month-to-month,Yes,Electronic check,124.55,8857.58,Yes,Digital_Streaming_Cohort
DIG3-00706,Female,0,No,No,65,Yes,Yes,DSL,No,Yes,Yes,Yes,No,No,Month-to-month,Yes,Electronic check,111.26,7299.84,No,Digital_Streaming_Cohort
DIG3-00707,Male,1,No,No,17,No,No phone service,Fiber optic,Yes,Yes,Yes,Yes,No,Yes,Month-to-month,Yes,Bank transfer (automatic),129.0,2260.04,Yes,Digital_Streaming_Cohort
DIG3-00708,Female,0,Yes,No,12,No,No phone service,Fiber optic,Yes,No,No,No,Yes,No,Two year,No,Electronic check,97.26,1136.65,No,Digital_Streaming_Cohort
DIG3-00709,Male,1,No,No,33,Yes,No,DSL,No,Yes,No,No,Yes,Yes,Two year,No,Credit card (automatic),105.75,3446.48,No,Digital_Streaming_Cohort
DIG3-00710,Male,1,Yes,No,9,Yes,Yes,DSL,Yes,No,Yes,Yes,Yes,No,One year,Yes,Mailed check,128.44,1131.95,No,Digital_Streaming_Cohort
DIG3-00711,Male,1,Yes,No,22,Yes,Yes,Fiber optic,No,Yes,No,Yes,No,Yes,Two year,Yes,Bank transfer (automatic),132.67,2893.83,No,Digital_Streaming_Cohort
DIG3-00712,Male,0,No,No,16,Yes,No,Fiber optic,No,No,No,No,Yes,No,Two year,Yes,Electronic check,95.23,1498.9,No,Digital_Streaming_Cohort
DIG3-00713,Male,0,No,No,22,Yes,No,Fiber optic,No,Yes,No,No,No,Yes,Month-to-month,No,Credit card (automatic),112.9,2471.11,Yes,Digital_Streaming_Cohort
DIG3-00714,Male,0,Yes,No,10,Yes,Yes,No,No internet service,No internet service,No internet service,No internet service,No internet service,No internet service,Month-to-month,No,Electronic check,50.0,482.3,No,Digital_Streaming_Cohort
DIG3-00715,Female,0,Yes,Yes,2,Yes,Yes,Fiber optic,Yes,Yes,Yes,No,Yes,No,One year,Yes,Bank transfer (automatic),143.13,276.31,No,Digital_Streaming_Cohort
DIG3-00716,Male,0,Yes,No,6,Yes,Yes,Fiber optic,No,Yes,Yes,No,Yes,Yes,One year,Yes,Credit card (automatic),146.93,867.63,Yes,Digital_Streaming_Cohort
DIG3-00717,Male,0,No,Yes,32,Yes,Yes,Fiber optic,No,No,Yes,Yes,No,Yes,Month-to-month,No,Credit card (automatic),134.8,4186.13,No,Digital_Streaming_Cohort
DIG3-00718,Male,0,Yes,Yes,35,Yes,No,Fiber optic,No,No,Yes,No,No,Yes,Two year,Yes,Credit card (automatic),108.09,3829.01,No,Digital_Streaming_Cohort
DIG3-00719,Male,0,No,No,4,Yes,No,Fiber optic,No,No,No,Yes,Yes,No,One year,Yes,Credit card (automatic),109.53,424.43,No,Digital_Streaming_Cohort
DIG3-00720,Female,0,Yes,No,33,Yes,No,Fiber optic,No,No,No,No,Yes,No,Two year,Yes,Bank transfer (automatic),101.87,3281.41,No,Digital_Streaming_Cohort
DIG3-00721,Female,0,Yes,No,47,Yes,No,DSL,No,Yes,No,No,No,Yes,Month-to-month,Yes,Bank transfer (automatic),97.53,4758.97,No,Digital_Streaming_Cohort
DIG3-00722,Male,0,No,No,36,Yes,Yes,Fiber optic,Yes,No,Yes,Yes,Yes,Yes,Month-to-month,No,Mailed check,161.24,5597.0,Yes,Digital_Streaming_Cohort
DIG3-00723,Female,0,No,No,12,Yes,No,Fiber optic,No,Yes,Yes,No,No,No,Month-to-month,Yes,Electronic check,109.94,1331.96,Yes,Digital_Streaming_Cohort
DIG3-00724,Male,0,Yes,No,72,Yes,No,Fiber optic,Yes,No,No,No,No,No,One year,Yes,Mailed check,93.77,6960.01,No,Digital_Streaming_Cohort
DIG3-00725,Female,0,No,No,33,Yes,Yes,No,No internet service,No internet service,No internet service,No internet service,No internet service,No internet service,Two year,Yes,Credit card (automatic),52.5,1779.84,No,Digital_Streaming_Cohort
DIG3-00726,Female,0,No,No,11,Yes,Yes,Fiber optic,Yes,Yes,No,No,Yes,Yes,Month-to-month,No,Credit card (automatic),150.9,1710.82,Yes,Digital_Streaming_Cohort
DIG3-00727,Male,0,No,No,44,No,No phone service,Fiber optic,Yes,Yes,Yes,No,No,Yes,Month-to-month,Yes,Electronic check,121.76,5433.63,No,Digital_Streaming_Cohort
DIG3-00728,Female,0,Yes,No,21,No,No phone service,Fiber optic,Yes,No,No,No,Yes,No,One year,Yes,Mailed check,98.58,2000.77,No,Digital_Streaming_Cohort
DIG3-00729,Female,0,Yes,No,4,Yes,No,Fiber optic,No,No,No,No,Yes,Yes,One year,Yes,Credit card (automatic),117.46,480.62,No,Digital_Streaming_Cohort
DIG3-00730,Female,0,No,No,13,Yes,Yes,DSL,No,Yes,No,Yes,Yes,Yes,One year,Yes,Mailed check,128.75,1630.57,No,Digital_Streaming_Cohort
DIG3-00731,Female,1,Yes,No,10,Yes,No,DSL,Yes,Yes,No,No,No,Yes,Month-to-month,Yes,Bank transfer (automatic),101.07,981.16,Yes,Digital_Streaming_Cohort
DIG3-00732,Male,1,Yes,No,59,No,No phone service,DSL,Yes,No,No,Yes,No,Yes,Two year,Yes,Credit card (automatic),91.64,5247.75,No,Digital_Streaming_Cohort
DIG3-00733,Female,0,No,Yes,13,Yes,Yes,Fiber optic,No,Yes,No,No,No,Yes,One year,Yes,Credit card (automatic),124.28,1662.22,No,Digital_Streaming_Cohort
DIG3-00734,Male,0,Yes,No,72,Yes,No,Fiber optic,No,Yes,Yes,No,No,No,Month-to-month,Yes,Electronic check,108.82,8033.63,No,Digital_Streaming_Cohort
DIG3-00735,Male,1,Yes,Yes,23,Yes,No,DSL,No,Yes,Yes,No,Yes,No,Month-to-month,Yes,Bank transfer (automatic),98.02,2282.35,Yes,Digital_Streaming_Cohort
DIG3-00736,Male,1,No,No,7,Yes,No,DSL,No,Yes,No,No,Yes,Yes,One year,Yes,Bank transfer (automatic),108.69,734.93,Yes,Digital_Streaming_Cohort
DIG3-00737,Male,0,No,No,7,Yes,Yes,Fiber optic,No,No,No,No,Yes,Yes,One year,Yes,Electronic check,121.91,848.43,Yes,Digital_Streaming_Cohort
DIG3-00738,Male,0,Yes,Yes,12,Yes,Yes,Fiber optic,Yes,Yes,No,Yes,Yes,No,Month-to-month,Yes,Bank transfer (automatic),147.1,1820.95,Yes,Digital_Streaming_Cohort
DIG3-00739,Female,0,Yes,No,5,Yes,Yes,DSL,No,Yes,No,No,No,Yes,Month-to-month,No,Bank transfer (automatic),101.88,518.24,Yes,Digital_Streaming_Cohort
DIG3-00740,Male,0,Yes,Yes,15,Yes,Yes,Fiber optic,No,No,No,No,No,Yes,Month-to-month,No,Bank transfer (automatic),113.84,1657.03,Yes,Digital_Streaming_Cohort
DIG3-00741,Female,0,No,No,3,Yes,Yes,Fiber optic,No,Yes,No,No,No,No,Month-to-month,Yes,Credit card (automatic),111.98,327.83,Yes,Digital_Streaming_Cohort
DIG3-00742,Male,0,No,No,9,Yes,Yes,Fiber optic,No,No,No,Yes,Yes,Yes,Month-to-month,Yes,Credit card (automatic),143.42,1271.54,Yes,Digital_Streaming_Cohort
DIG3-00743,Female,0,Yes,No,19,Yes,Yes,Fiber optic,No,Yes,Yes,Yes,No,Yes,One year,Yes,Credit card (automatic),144.73,2727.15,No,Digital_Streaming_Cohort
DIG3-00744,Male,1,No,No,5,No,No phone service,Fiber optic,No,Yes,No,No,Yes,No,Month-to-month,No,Bank transfer (automatic),103.33,508.09,Yes,Digital_Streaming_Cohort
DIG3-00745,Female,1,No,No,24,Yes,Yes,Fiber optic,Yes,No,Yes,No,Yes,Yes,Month-to-month,Yes,Bank transfer (automatic),147.37,3662.19,Yes,Digital_Streaming_Cohort
DIG3-00746,Male,1,No,No,14,No,No phone service,Fiber optic,No,No,Yes,No,Yes,Yes,One year,Yes,Credit card (automatic),107.6,1531.41,No,Digital_Streaming_Cohort
DIG3-00747,Female,0,No,No,21,Yes,Yes,Fiber optic,Yes,Yes,Yes,Yes,Yes,Yes,One year,No,Electronic check,170.28,3583.68,No,Digital_Streaming_Cohort
DIG3-00748,Female,0,No,No,10,Yes,Yes,Fiber optic,Yes,No,Yes,No,No,Yes,Month-to-month,Yes,Credit card (automatic),132.24,1370.55,No,Digital_Streaming_Cohort
DIG3-00749,Male,0,No,Yes,72,Yes,No,Fiber optic,No,Yes,Yes,Yes,No,Yes,One year,No,Electronic check,128.1,9546.81,No,Digital_Streaming_Cohort
DIG3-00750,Male,0,Yes,Yes,2,No,No phone service,No,No internet service,No internet service,No internet service,No internet service,No internet service,No internet service,Month-to-month,Yes,Credit card (automatic),25.07,51.53,No,Digital_Streaming_Cohort
DIG3-00751,Female,1,No,No,1,Yes,Yes,Fiber optic,No,No,Yes,Yes,Yes,Yes,Month-to-month,No,Electronic check,145.1,142.23,Yes,Digital_Streaming_Cohort
DIG3-00752,Female,0,No,No,6,Yes,Yes,DSL,No,Yes,Yes,No,Yes,Yes,One year,No,Credit card (automatic),129.18,781.06,Yes,Digital_Streaming_Cohort
DIG3-00753,Female,0,No,No,2,Yes,No,DSL,No,Yes,No,No,No,Yes,One year,No,Credit card (automatic),95.44,188.99,No,Digital_Streaming_Cohort
DIG3-00754,Male,0,No,No,23,Yes,No,Fiber optic,Yes,No,Yes,Yes,Yes,Yes,Month-to-month,Yes,Electronic check,136.81,3052.64,Yes,Digital_Streaming_Cohort
DIG3-00755,Female,1,Yes,No,7,Yes,Yes,Fiber optic,No,Yes,No,Yes,No,Yes,Month-to-month,Yes,Electronic check,135.27,936.46,Yes,Digital_Streaming_Cohort
DIG3-00756,Female,0,No,Yes,14,Yes,Yes,Fiber optic,Yes,Yes,No,No,Yes,Yes,Month-to-month,Yes,Credit card (automatic),149.79,2179.54,Yes,Digital_Streaming_Cohort
DIG3-00757,Male,0,Yes,No,32,No,No phone service,DSL,Yes,No,No,No,Yes,Yes,One year,No,Bank transfer (automatic),92.93,3090.53,No,Digital_Streaming_Cohort
DIG3-00758,Male,0,Yes,No,24,Yes,No,DSL,Yes,Yes,Yes,No,Yes,No,Month-to-month,Yes,Electronic check,107.24,2602.67,Yes,Digital_Streaming_Cohort
DIG3-00759,Female,0,Yes,No,10,Yes,Yes,Fiber optic,No,Yes,Yes,No,No,No,Month-to-month,Yes,Electronic check,120.05,1159.27,Yes,Digital_Streaming_Cohort
DIG3-00760,Male,0,Yes,No,22,Yes,Yes,DSL,No,Yes,Yes,No,Yes,Yes,Month-to-month,No,Electronic check,122.9,2752.44,No,Digital_Streaming_Cohort
DIG3-00761,Female,1,Yes,No,45,Yes,Yes,Fiber optic,No,Yes,No,Yes,Yes,Yes,Month-to-month,Yes,Credit card (automatic),145.93,6415.71,No,Digital_Streaming_Cohort
DIG3-00762,Female,0,Yes,No,24,Yes,Yes,Fiber optic,No,No,Yes,Yes,No,Yes,Month-to-month,No,Electronic check,135.33,3214.37,Yes,Digital_Streaming_Cohort
DIG3-00763,Male,1,Yes,Yes,3,Yes,Yes,Fiber optic,Yes,No,Yes,No,No,No,One year,Yes,Bank transfer (automatic),117.03,345.78,No,Digital_Streaming_Cohort
DIG3-00764,Female,1,No,No,40,Yes,Yes,Fiber optic,No,Yes,Yes,Yes,No,Yes,Two year,Yes,Bank transfer (automatic),150.91,6081.95,No,Digital_Streaming_Cohort
DIG3-00765,Male,0,Yes,No,9,Yes,No,DSL,Yes,Yes,Yes,No,Yes,Yes,Month-to-month,Yes,Credit card (automatic),122.88,1120.39,No,Digital_Streaming_Cohort
DIG3-00766,Female,0,No,No,43,Yes,Yes,Fiber optic,No,No,Yes,No,Yes,Yes,Two year,Yes,Credit card (automatic),140.29,6164.5,No,Digital_Streaming_Cohort
DIG3-00767,Female,1,Yes,No,19,No,No phone service,Fiber optic,No,No,Yes,No,No,Yes,One year,Yes,Bank transfer (automatic),100.61,1844.12,No,Digital_Streaming_Cohort
DIG3-00768,Female,0,No,No,19,Yes,No,Fiber optic,No,Yes,No,No,Yes,Yes,Two year,Yes,Electronic check,124.73,2305.62,Yes,Digital_Streaming_Cohort
DIG3-00769,Male,0,No,Yes,13,No,No phone service,Fiber optic,No,Yes,Yes,Yes,Yes,No,Month-to-month,Yes,Credit card (automatic),121.92,1613.64,No,Digital_Streaming_Cohort
DIG3-00770,Male,0,No,No,31,Yes,Yes,Fiber optic,Yes,No,Yes,No,No,No,Month-to-month,No,Bank transfer (automatic),116.13,3559.38,No,Digital_Streaming_Cohort
DIG3-00771,Male,1,No,No,17,Yes,No,Fiber optic,No,No,Yes,Yes,Yes,No,Month-to-month,No,Credit card (automatic),125.44,2065.96,No,Digital_Streaming_Cohort
DIG3-00772,Female,0,Yes,Yes,28,Yes,Yes,DSL,No,Yes,Yes,No,Yes,Yes,Month-to-month,No,Credit card (automatic),129.41,3727.19,Yes,Digital_Streaming_Cohort
DIG3-00773,Male,0,Yes,No,26,Yes,No,Fiber optic,No,Yes,No,No,Yes,Yes,One year,Yes,Mailed check,126.98,3406.52,No,Digital_Streaming_Cohort
DIG3-00774,Female,0,No,No,15,Yes,No,Fiber optic,No,No,No,No,Yes,Yes,Month-to-month,Yes,Credit card (automatic),118.22,1753.13,Yes,Digital_Streaming_Cohort
DIG3-00775,Female,0,Yes,No,72,Yes,Yes,Fiber optic,Yes,No,No,No,No,Yes,One year,Yes,Electronic check,123.96,8629.46,No,Digital_Streaming_Cohort
DIG3-00776,Male,0,No,No,39,Yes,Yes,Fiber optic,No,No,Yes,Yes,Yes,No,One year,No,Credit card (automatic),137.08,5293.99,No,Digital_Streaming_Cohort
DIG3-00777,Male,1,No,Yes,22,No,No phone service,Fiber optic,Yes,Yes,Yes,Yes,Yes,Yes,Two year,Yes,Electronic check,149.28,3247.77,No,Digital_Streaming_Cohort
DIG3-00778,Female,1,No,Yes,40,Yes,No,No,No internet service,No internet service,No internet service,No internet service,No internet service,No internet service,One year,Yes,Mailed check,35.16,1462.35,Yes,Digital_Streaming_Cohort
DIG3-00779,Female,0,No,No,14,Yes,Yes,Fiber optic,No,Yes,No,No,Yes,Yes,Two year,Yes,Credit card (automatic),137.38,1986.45,Yes,Digital_Streaming_Cohort
DIG3-00780,Male,0,No,Yes,9,Yes,No,Fiber optic,No,No,No,No,Yes,Yes,Two year,Yes,Mailed check,115.43,1020.09,No,Digital_Streaming_Cohort
DIG3-00781,Male,0,No,No,13,Yes,No,DSL,No,Yes,Yes,No,Yes,No,Month-to-month,Yes,Credit card (automatic),98.89,1253.24,No,Digital_Streaming_Cohort
DIG3-00782,Female,0,Yes,Yes,1,Yes,No,Fiber optic,Yes,No,Yes,Yes,Yes,No,Month-to-month,Yes,Bank transfer (automatic),129.92,130.8,Yes,Digital_Streaming_Cohort
DIG3-00783,Female,0,No,No,52,Yes,Yes,Fiber optic,No,Yes,No,Yes,No,No,Two year,Yes,Electronic check,118.79,6272.53,No,Digital_Streaming_Cohort
DIG3-00784,Male,1,No,Yes,14,Yes,No,Fiber optic,No,No,No,No,No,No,Month-to-month,No,Mailed check,84.18,1206.57,Yes,Digital_Streaming_Cohort
DIG3-00785,Female,1,Yes,No,23,No,No phone service,Fiber optic,No,Yes,Yes,No,Yes,No,Two year,Yes,Credit card (automatic),108.6,2499.67,No,Digital_Streaming_Cohort
DIG3-00786,Female,0,No,Yes,9,Yes,No,Fiber optic,Yes,No,No,No,Yes,No,Month-to-month,Yes,Electronic check,108.69,998.7,No,Digital_Streaming_Cohort
DIG3-00787,Male,0,No,No,43,Yes,No,Fiber optic,No,No,Yes,Yes,Yes,No,Month-to-month,Yes,Electronic check,119.11,5076.63,Yes,Digital_Streaming_Cohort
DIG3-00788,Male,0,No,No,6,Yes,No,Fiber optic,Yes,Yes,No,Yes,Yes,Yes,Month-to-month,Yes,Electronic check,141.82,875.52,No,Digital_Streaming_Cohort
DIG3-00789,Female,0,No,No,16,No,No phone service,DSL,Yes,No,No,No,Yes,Yes,Month-to-month,No,Credit card (automatic),90.72,1490.35,No,Digital_Streaming_Cohort
DIG3-00790,Male,1,Yes,No,18,Yes,Yes,Fiber optic,No,Yes,No,No,Yes,Yes,One year,Yes,Electronic check,140.68,2632.31,Yes,Digital_Streaming_Cohort
DIG3-00791,Female,0,Yes,Yes,20,Yes,Yes,Fiber optic,Yes,No,Yes,No,Yes,Yes,Month-to-month,Yes,Credit card (automatic),153.33,3154.48,No,Digital_Streaming_Cohort
DIG3-00792,Male,0,Yes,Yes,10,Yes,No,Fiber optic,No,No,No,No,Yes,No,One year,Yes,Bank transfer (automatic),100.2,965.22,Yes,Digital_Streaming_Cohort
DIG3-00793,Male,0,Yes,No,13,Yes,No,Fiber optic,Yes,Yes,No,No,No,No,Month-to-month,No,Credit card (automatic),104.19,1381.71,No,Digital_Streaming_Cohort
DIG3-00794,Female,1,No,No,20,Yes,No,Fiber optic,No,Yes,No,No,Yes,No,Month-to-month,No,Bank transfer (automatic),105.52,2191.05,No,Digital_Streaming_Cohort
DIG3-00795,Female,0,No,Yes,30,Yes,Yes,DSL,No,Yes,No,No,Yes,Yes,Two year,Yes,Electronic check,122.31,3686.39,No,Digital_Streaming_Cohort
DIG3-00796,Male,0,No,Yes,16,No,No phone service,Fiber optic,Yes,Yes,Yes,Yes,No,Yes,Month-to-month,Yes,Credit card (automatic),130.4,2155.16,No,Digital_Streaming_Cohort
DIG3-00797,Male,0,No,No,6,Yes,Yes,Fiber optic,Yes,Yes,Yes,No,Yes,No,One year,No,Electronic check,142.32,883.58,No,Digital_Streaming_Cohort
DIG3-00798,Male,0,Yes,Yes,4,Yes,Yes,Fiber optic,Yes,Yes,No,No,Yes,Yes,Month-to-month,Yes,Bank transfer (automatic),146.61,573.34,Yes,Digital_Streaming_Cohort
DIG3-00799,Female,0,Yes,No,17,Yes,Yes,DSL,No,Yes,Yes,Yes,No,No,One year,Yes,Credit card (automatic),109.28,1827.19,No,Digital_Streaming_Cohort
DIG3-00800,Female,0,No,No,1,Yes,Yes,DSL,Yes,No,No,No,Yes,Yes,One year,Yes,Mailed check,117.59,113.03,No,Digital_Streaming_Cohort
DIG3-00801,Male,1,Yes,Yes,29,Yes,Yes,No,No internet service,No internet service,No internet service,No internet service,No internet service,No internet service,Month-to-month,Yes,Credit card (automatic),48.93,1452.34,Yes,Digital_Streaming_Cohort
DIG3-00802,Male,0,Yes,No,10,Yes,Yes,Fiber optic,No,Yes,Yes,No,No,No,Month-to-month,Yes,Electronic check,119.94,1206.88,No,Digital_Streaming_Cohort
DIG3-00803,Male,1,No,No,19,Yes,Yes,DSL,No,No,Yes,No,No,Yes,One year,Yes,Electronic check,108.45,2020.79,No,Digital_Streaming_Cohort
DIG3-00804,Male,0,Yes,No,53,Yes,No,DSL,No,No,No,Yes,No,No,Month-to-month,Yes,Credit card (automatic),71.14,3814.87,No,Digital_Streaming_Cohort
DIG3-00805,Female,0,Yes,No,13,Yes,Yes,Fiber optic,No,Yes,No,Yes,Yes,No,Month-to-month,Yes,Credit card (automatic),134.33,1765.89,Yes,Digital_Streaming_Cohort
DIG3-00806,Male,0,Yes,No,72,Yes,No,Fiber optic,Yes,No,No,No,Yes,Yes,Month-to-month,Yes,Mailed check,122.96,8748.05,Yes,Digital_Streaming_Cohort
DIG3-00807,Male,0,No,Yes,18,Yes,Yes,Fiber optic,Yes,Yes,Yes,Yes,Yes,Yes,Month-to-month,No,Bank transfer (automatic),169.97,3118.86,Yes,Digital_Streaming_Cohort
DIG3-00808,Male,0,Yes,Yes,7,Yes,Yes,DSL,Yes,Yes,No,No,No,No,Two year,Yes,Electronic check,100.29,718.79,No,Digital_Streaming_Cohort
DIG3-00809,Female,0,No,No,72,Yes,Yes,DSL,Yes,Yes,No,No,Yes,No,Month-to-month,Yes,Electronic check,116.35,8441.57,Yes,Digital_Streaming_Cohort
DIG3-00810,Female,0,No,No,13,Yes,No,DSL,Yes,Yes,Yes,Yes,No,Yes,One year,No,Mailed check,117.77,1545.49,Yes,Digital_Streaming_Cohort
DIG3-00811,Male,1,Yes,Yes,14,Yes,Yes,No,No internet service,No internet service,No internet service,No internet service,No internet service,No internet service,Two year,Yes,Electronic check,50.22,718.54,No,Digital_Streaming_Cohort
DIG3-00812,Female,0,No,Yes,72,Yes,Yes,Fiber optic,No,Yes,Yes,No,Yes,Yes,Month-to-month,Yes,Bank transfer (automatic),146.36,10948.1,No,Digital_Streaming_Cohort
DIG3-00813,Female,0,No,No,33,Yes,No,DSL,No,Yes,No,Yes,No,Yes,Month-to-month,Yes,Electronic check,98.6,3248.93,No,Digital_Streaming_Cohort
DIG3-00814,Male,0,No,No,10,Yes,No,DSL,No,No,Yes,Yes,Yes,Yes,One year,Yes,Electronic check,116.3,1151.8,No,Digital_Streaming_Cohort
DIG3-00815,Male,0,No,No,29,Yes,No,DSL,No,No,Yes,No,No,Yes,Month-to-month,No,Electronic check,87.96,2647.09,Yes,Digital_Streaming_Cohort
DIG3-00816,Female,0,No,No,12,Yes,No,Fiber optic,Yes,Yes,No,Yes,No,No,Month-to-month,Yes,Electronic check,112.09,1368.51,Yes,Digital_Streaming_Cohort
DIG3-00817,Male,0,Yes,No,22,Yes,Yes,Fiber optic,Yes,Yes,No,Yes,Yes,No,Two year,Yes,Electronic check,144.29,3063.86,No,Digital_Streaming_Cohort
DIG3-00818,Male,1,Yes,No,13,Yes,Yes,Fiber optic,Yes,No,Yes,Yes,No,No,Two year,Yes,Credit card (automatic),133.11,1728.45,No,Digital_Streaming_Cohort
DIG3-00819,Male,0,Yes,No,7,Yes,Yes,Fiber optic,No,No,Yes,Yes,Yes,Yes,Month-to-month,No,Credit card (automatic),153.66,1105.31,No,Digital_Streaming_Cohort
DIG3-00820,Female,0,No,No,15,Yes,Yes,Fiber optic,No,No,Yes,No,Yes,Yes,Two year,Yes,Credit card (automatic),143.37,2144.03,No,Digital_Streaming_Cohort
DIG3-00821,Male,0,No,No,25,Yes,No,Fiber optic,No,Yes,No,Yes,Yes,No,Month-to-month,No,Credit card (automatic),120.33,3035.19,No,Digital_Streaming_Cohort
DIG3-00822,Male,0,Yes,No,26,Yes,Yes,Fiber optic,No,No,Yes,No,Yes,No,Month-to-month,No,Credit card (automatic),128.77,3444.33,No,Digital_Streaming_Cohort
DIG3-00823,Male,0,Yes,No,7,Yes,No,Fiber optic,No,Yes,No,Yes,Yes,No,Month-to-month,Yes,Bank transfer (automatic),120.51,867.52,Yes,Digital_Streaming_Cohort
DIG3-00824,Female,0,No,No,4,Yes,Yes,Fiber optic,No,No,No,Yes,No,No,One year,No,Electronic check,103.1,413.84,No,Digital_Streaming_Cohort
DIG3-00825,Male,0,No,Yes,14,Yes,No,DSL,No,Yes,Yes,No,Yes,Yes,Month-to-month,Yes,Bank transfer (automatic),114.81,1667.54,No,Digital_Streaming_Cohort
DIG3-00826,Female,0,No,Yes,1,Yes,Yes,Fiber optic,Yes,Yes,Yes,No,No,No,One year,Yes,Electronic check,130.17,128.0,Yes,Digital_Streaming_Cohort
DIG3-00827,Female,0,No,No,72,Yes,Yes,Fiber optic,No,Yes,Yes,No,Yes,Yes,Month-to-month,Yes,Credit card (automatic),151.01,11002.74,Yes,Digital_Streaming_Cohort
DIG3-00828,Female,0,No,Yes,31,Yes,Yes,Fiber optic,No,Yes,No,No,Yes,No,One year,No,Electronic check,124.53,3718.43,No,Digital_Streaming_Cohort
DIG3-00829,Female,0,No,No,23,Yes,Yes,DSL,No,Yes,Yes,No,Yes,No,Two year,Yes,Electronic check,118.39,2633.54,No,Digital_Streaming_Cohort
DIG3-00830,Male,0,No,Yes,2,Yes,Yes,DSL,No,Yes,Yes,No,Yes,Yes,One year,No,Mailed check,127.61,258.12,Yes,Digital_Streaming_Cohort
DIG3-00831,Female,0,No,No,8,Yes,Yes,DSL,Yes,No,No,Yes,No,No,Two year,Yes,Bank transfer (automatic),101.58,827.85,No,Digital_Streaming_Cohort
DIG3-00832,Female,0,Yes,No,4,Yes,No,DSL,Yes,No,Yes,Yes,Yes,Yes,Month-to-month,Yes,Mailed check,129.57,533.08,No,Digital_Streaming_Cohort
DIG3-00833,Male,0,Yes,Yes,72,No,No phone service,DSL,Yes,No,Yes,Yes,Yes,Yes,One year,No,Electronic check,114.81,8596.37,Yes,Digital_Streaming_Cohort
DIG3-00834,Male,0,No,Yes,3,Yes,Yes,Fiber optic,Yes,Yes,Yes,No,No,No,Month-to-month,Yes,Bank transfer (automatic),122.29,371.16,Yes,Digital_Streaming_Cohort
DIG3-00835,Male,0,Yes,No,3,Yes,No,Fiber optic,Yes,No,No,No,No,Yes,Two year,Yes,Electronic check,108.68,336.61,Yes,Digital_Streaming_Cohort
DIG3-00836,Male,0,No,No,35,Yes,Yes,DSL,No,Yes,No,No,Yes,Yes,Month-to-month,Yes,Electronic check,115.99,3914.71,No,Digital_Streaming_Cohort
DIG3-00837,Female,0,Yes,No,25,Yes,No,DSL,No,No,Yes,Yes,Yes,Yes,Month-to-month,Yes,Electronic check,111.72,2875.85,No,Digital_Streaming_Cohort
DIG3-00838,Male,0,Yes,No,72,Yes,Yes,No,No internet service,No internet service,No internet service,No internet service,No internet service,No internet service,Month-to-month,Yes,Credit card (automatic),51.08,3714.31,No,Digital_Streaming_Cohort
DIG3-00839,Male,0,No,No,6,Yes,Yes,Fiber optic,No,Yes,No,No,Yes,Yes,Month-to-month,No,Mailed check,138.1,847.83,Yes,Digital_Streaming_Cohort
DIG3-00840,Female,1,No,Yes,2,Yes,Yes,Fiber optic,No,Yes,Yes,No,Yes,No,Month-to-month,No,Bank transfer (automatic),140.19,279.7,Yes,Digital_Streaming_Cohort
DIG3-00841,Male,0,Yes,No,18,Yes,No,Fiber optic,No,Yes,No,Yes,No,Yes,One year,No,Electronic check,118.18,2127.4,No,Digital_Streaming_Cohort
DIG3-00842,Male,0,No,Yes,1,Yes,Yes,Fiber optic,No,Yes,No,No,No,Yes,Two year,Yes,Bank transfer (automatic),127.36,130.43,No,Digital_Streaming_Cohort
DIG3-00843,Male,0,No,No,2,Yes,Yes,Fiber optic,Yes,Yes,No,Yes,Yes,Yes,Month-to-month,No,Bank transfer (automatic),160.25,317.46,No,Digital_Streaming_Cohort
DIG3-00844,Female,0,No,No,31,Yes,Yes,DSL,No,Yes,Yes,Yes,Yes,Yes,One year,Yes,Mailed check,137.26,4258.28,No,Digital_Streaming_Cohort
DIG3-00845,Female,1,Yes,No,49,Yes,Yes,DSL,No,Yes,Yes,Yes,No,Yes,Two year,No,Electronic check,123.58,6004.59,No,Digital_Streaming_Cohort
DIG3-00846,Female,0,Yes,No,9,Yes,No,Fiber optic,Yes,No,No,No,No,No,One year,Yes,Credit card (automatic),99.14,889.59,No,Digital_Streaming_Cohort
DIG3-00847,Male,0,No,No,20,Yes,Yes,Fiber optic,No,No,No,Yes,No,Yes,One year,Yes,Electronic check,127.35,2518.13,Yes,Digital_Streaming_Cohort
DIG3-00848,Female,1,No,Yes,43,No,No phone service,No,No internet service,No internet service,No internet service,No internet service,No internet service,No internet service,Month-to-month,Yes,Electronic check,26.89,1201.83,No,Digital_Streaming_Cohort
DIG3-00849,Male,0,Yes,No,32,Yes,No,No,No internet service,No internet service,No internet service,No internet service,No internet service,No internet service,Month-to-month,Yes,Credit card (automatic),39.08,1204.39,No,Digital_Streaming_Cohort
DIG3-00850,Female,0,No,No,24,Yes,Yes,Fiber optic,No,No,Yes,Yes,No,Yes,One year,No,Mailed check,135.19,3373.07,No,Digital_Streaming_Cohort
DIG3-00851,Female,0,No,Yes,4,Yes,No,DSL,No,Yes,Yes,Yes,No,Yes,Month-to-month,No,Mailed check,105.67,421.32,No,Digital_Streaming_Cohort
DIG3-00852,Female,0,Yes,No,18,Yes,Yes,Fiber optic,Yes,No,No,No,Yes,No,Month-to-month,No,Mailed check,123.5,2286.93,No,Digital_Streaming_Cohort
DIG3-00853,Female,0,No,No,24,Yes,Yes,DSL,No,Yes,Yes,No,No,Yes,Month-to-month,Yes,Credit card (automatic),113.9,2788.8,No,Digital_Streaming_Cohort
DIG3-00854,Female,0,Yes,No,13,Yes,No,Fiber optic,Yes,Yes,Yes,No,Yes,Yes,One year,Yes,Credit card (automatic),142.48,1787.81,Yes,Digital_Streaming_Cohort
DIG3-00855,Female,1,Yes,No,5,Yes,No,Fiber optic,Yes,No,Yes,Yes,Yes,Yes,One year,Yes,Bank transfer (automatic),141.52,684.96,Yes,Digital_Streaming_Cohort
DIG3-00856,Female,1,No,No,2,Yes,No,Fiber optic,No,Yes,Yes,No,Yes,Yes,One year,Yes,Credit card (automatic),130.51,252.43,Yes,Digital_Streaming_Cohort
DIG3-00857,Female,0,Yes,Yes,72,Yes,Yes,Fiber optic,No,Yes,No,Yes,Yes,Yes,Month-to-month,Yes,Electronic check,150.34,10773.93,No,Digital_Streaming_Cohort
DIG3-00858,Male,0,No,Yes,16,Yes,Yes,DSL,No,Yes,No,No,No,No,Month-to-month,Yes,Mailed check,91.07,1436.3,No,Digital_Streaming_Cohort
DIG3-00859,Male,1,No,No,20,Yes,No,Fiber optic,No,No,No,Yes,No,Yes,Month-to-month,Yes,Credit card (automatic),111.14,2292.45,Yes,Digital_Streaming_Cohort
DIG3-00860,Male,0,Yes,No,43,Yes,Yes,Fiber optic,Yes,No,No,Yes,No,Yes,Month-to-month,Yes,Mailed check,140.02,6106.65,No,Digital_Streaming_Cohort
DIG3-00861,Female,0,Yes,No,9,Yes,Yes,Fiber optic,Yes,Yes,Yes,No,No,No,Month-to-month,No,Credit card (automatic),127.9,1111.76,No,Digital_Streaming_Cohort
DIG3-00862,Male,0,Yes,Yes,12,Yes,Yes,Fiber optic,No,Yes,Yes,No,No,No,One year,Yes,Mailed check,118.23,1452.83,No,Digital_Streaming_Cohort
DIG3-00863,Male,0,No,No,6,No,No phone service,DSL,No,Yes,Yes,Yes,Yes,No,Month-to-month,No,Credit card (automatic),95.53,560.26,Yes,Digital_Streaming_Cohort
DIG3-00864,Female,0,Yes,No,26,Yes,No,Fiber optic,No,No,No,Yes,Yes,No,Month-to-month,Yes,Electronic check,111.28,2839.58,Yes,Digital_Streaming_Cohort
DIG3-00865,Male,0,No,No,3,Yes,Yes,Fiber optic,Yes,Yes,No,No,No,No,Month-to-month,Yes,Electronic check,118.53,353.4,Yes,Digital_Streaming_Cohort
DIG3-00866,Male,0,No,Yes,27,Yes,Yes,Fiber optic,No,Yes,No,Yes,Yes,No,One year,Yes,Electronic check,132.42,3655.39,Yes,Digital_Streaming_Cohort
DIG3-00867,Male,0,Yes,Yes,7,Yes,Yes,Fiber optic,Yes,No,Yes,No,No,Yes,Month-to-month,Yes,Credit card (automatic),136.85,949.62,Yes,Digital_Streaming_Cohort
DIG3-00868,Male,0,Yes,No,6,Yes,Yes,Fiber optic,Yes,No,No,Yes,Yes,Yes,Month-to-month,Yes,Credit card (automatic),152.64,950.74,No,Digital_Streaming_Cohort
DIG3-00869,Female,0,No,Yes,1,No,No phone service,Fiber optic,Yes,Yes,Yes,Yes,No,Yes,Month-to-month,Yes,Electronic check,133.54,129.38,Yes,Digital_Streaming_Cohort
DIG3-00870,Male,0,Yes,Yes,5,Yes,Yes,Fiber optic,Yes,No,No,Yes,No,Yes,Month-to-month,Yes,Electronic check,133.08,683.8,No,Digital_Streaming_Cohort
DIG3-00871,Female,0,Yes,No,60,Yes,Yes,Fiber optic,No,Yes,No,Yes,No,Yes,Month-to-month,Yes,Bank transfer (automatic),137.61,8467.46,No,Digital_Streaming_Cohort
DIG3-00872,Male,0,Yes,Yes,3,Yes,No,DSL,Yes,Yes,Yes,No,Yes,Yes,Month-to-month,No,Electronic check,123.73,358.85,Yes,Digital_Streaming_Cohort
DIG3-00873,Male,0,No,No,1,Yes,No,DSL,No,Yes,No,No,Yes,Yes,Month-to-month,Yes,Electronic check,104.62,105.14,Yes,Digital_Streaming_Cohort
DIG3-00874,Female,0,Yes,Yes,46,Yes,No,Fiber optic,Yes,No,No,Yes,No,Yes,Two year,Yes,Electronic check,119.34,5556.36,No,Digital_Streaming_Cohort
DIG3-00875,Female,0,No,No,21,Yes,Yes,Fiber optic,Yes,Yes,No,No,No,Yes,Month-to-month,No,Credit card (automatic),132.48,2876.48,No,Digital_Streaming_Cohort
DIG3-00876,Male,0,No,No,15,Yes,Yes,DSL,No,No,No,Yes,No,Yes,Two year,No,Electronic check,104.46,1602.24,No,Digital_Streaming_Cohort
DIG3-00877,Female,0,No,No,3,Yes,Yes,Fiber optic,Yes,Yes,Yes,No,Yes,No,Month-to-month,Yes,Bank transfer (automatic),143.27,413.86,Yes,Digital_Streaming_Cohort
DIG3-00878,Female,0,Yes,Yes,72,Yes,Yes,DSL,No,Yes,Yes,No,No,Yes,One year,Yes,Bank transfer (automatic),115.98,8264.4,No,Digital_Streaming_Cohort
DIG3-00879,Female,0,Yes,Yes,30,Yes,Yes,Fiber optic,No,Yes,No,No,No,No,Month-to-month,No,Bank transfer (automatic),106.05,3175.14,No,Digital_Streaming_Cohort
DIG3-00880,Female,0,No,Yes,7,Yes,No,Fiber optic,Yes,No,Yes,Yes,Yes,Yes,Month-to-month,Yes,Credit card (automatic),146.22,998.49,Yes,Digital_Streaming_Cohort
DIG3-00881,Female,0,No,No,9,Yes,Yes,Fiber optic,No,No,Yes,Yes,No,No,Month-to-month,Yes,Electronic check,123.92,1101.33,Yes,Digital_Streaming_Cohort
DIG3-00882,Male,0,No,No,21,Yes,Yes,Fiber optic,Yes,Yes,Yes,No,Yes,Yes,Month-to-month,No,Electronic check,158.65,3383.55,Yes,Digital_Streaming_Cohort
DIG3-00883,Male,0,No,No,58,Yes,Yes,Fiber optic,No,Yes,No,Yes,Yes,Yes,One year,No,Credit card (automatic),148.92,8586.9,No,Digital_Streaming_Cohort
DIG3-00884,Male,1,Yes,No,11,Yes,Yes,DSL,No,Yes,No,No,Yes,No,Two year,Yes,Credit card (automatic),107.26,1212.86,No,Digital_Streaming_Cohort
DIG3-00885,Female,0,No,Yes,62,Yes,No,Fiber optic,No,No,Yes,Yes,Yes,Yes,One year,Yes,Credit card (automatic),131.69,7985.56,No,Digital_Streaming_Cohort
DIG3-00886,Male,0,Yes,No,14,Yes,Yes,DSL,No,Yes,No,No,Yes,No,One year,No,Credit card (automatic),103.19,1417.18,No,Digital_Streaming_Cohort
DIG3-00887,Male,0,No,No,26,Yes,No,DSL,No,No,Yes,No,No,No,One year,No,Credit card (automatic),76.0,2036.16,No,Digital_Streaming_Cohort
DIG3-00888,Female,0,No,No,30,Yes,Yes,DSL,Yes,No,No,No,Yes,Yes,Month-to-month,Yes,Electronic check,123.23,3609.72,No,Digital_Streaming_Cohort
DIG3-00889,Male,0,No,No,25,Yes,Yes,DSL,Yes,Yes,No,No,No,Yes,One year,No,Electronic check,113.24,2846.79,No,Digital_Streaming_Cohort
DIG3-00890,Female,0,Yes,No,21,No,No phone service,DSL,Yes,No,No,No,Yes,Yes,One year,Yes,Electronic check,93.99,1987.95,No,Digital_Streaming_Cohort
DIG3-00891,Male,1,No,No,1,Yes,Yes,DSL,No,Yes,No,No,Yes,Yes,One year,Yes,Bank transfer (automatic),118.27,121.47,No,Digital_Streaming_Cohort
DIG3-00892,Male,0,No,No,16,Yes,Yes,DSL,No,Yes,Yes,No,No,Yes,One year,Yes,Electronic check,117.65,1811.59,No,Digital_Streaming_Cohort
DIG3-00893,Male,0,No,No,20,Yes,No,Fiber optic,No,Yes,No,No,Yes,No,Two year,Yes,Bank transfer (automatic),109.14,2189.46,No,Digital_Streaming_Cohort
DIG3-00894,Female,1,Yes,Yes,18,Yes,No,Fiber optic,Yes,Yes,Yes,Yes,Yes,Yes,Two year,Yes,Electronic check,148.43,2592.57,No,Digital_Streaming_Cohort
DIG3-00895,Male,0,No,No,5,Yes,Yes,Fiber optic,No,No,No,No,Yes,Yes,Month-to-month,Yes,Mailed check,126.14,615.53,Yes,Digital_Streaming_Cohort
DIG3-00896,Female,0,No,Yes,9,Yes,Yes,Fiber optic,No,No,No,No,No,No,Month-to-month,No,Credit card (automatic),95.81,893.76,Yes,Digital_Streaming_Cohort
DIG3-00897,Male,0,Yes,Yes,4,Yes,No,Fiber optic,Yes,No,No,No,Yes,No,Month-to-month,Yes,Electronic check,110.52,433.72,Yes,Digital_Streaming_Cohort
DIG3-00898,Male,0,No,No,6,Yes,Yes,DSL,No,No,No,Yes,Yes,No,Month-to-month,Yes,Credit card (automatic),100.71,600.33,No,Digital_Streaming_Cohort
DIG3-00899,Female,0,No,No,1,Yes,No,Fiber optic,Yes,No,No,No,No,Yes,Month-to-month,Yes,Credit card (automatic),110.31,106.91,Yes,Digital_Streaming_Cohort
DIG3-00900,Male,0,Yes,No,24,Yes,Yes,Fiber optic,No,Yes,Yes,No,Yes,Yes,Month-to-month,Yes,Mailed check,145.68,3401.99,Yes,Digital_Streaming_Cohort
DIG3-00901,Male,0,Yes,Yes,6,Yes,Yes,Fiber optic,Yes,No,Yes,Yes,Yes,No,Month-to-month,Yes,Electronic check,144.66,846.56,Yes,Digital_Streaming_Cohort
DIG3-00902,Male,0,Yes,No,1,Yes,Yes,Fiber optic,No,No,No,Yes,Yes,No,Month-to-month,No,Bank transfer (automatic),122.77,123.62,Yes,Digital_Streaming_Cohort
DIG3-00903,Male,1,Yes,Yes,1,Yes,Yes,Fiber optic,Yes,No,No,No,No,Yes,Month-to-month,Yes,Mailed check,124.91,122.69,No,Digital_Streaming_Cohort
DIG3-00904,Male,0,No,Yes,12,No,No phone service,Fiber optic,No,No,No,No,No,Yes,Two year,Yes,Credit card (automatic),89.68,1043.4,No,Digital_Streaming_Cohort
DIG3-00905,Male,0,No,No,41,Yes,Yes,Fiber optic,No,Yes,No,No,Yes,Yes,Month-to-month,No,Credit card (automatic),137.35,5562.39,No,Digital_Streaming_Cohort
DIG3-00906,Female,1,Yes,No,3,Yes,Yes,DSL,No,Yes,No,No,Yes,Yes,Month-to-month,Yes,Credit card (automatic),120.79,364.73,Yes,Digital_Streaming_Cohort
DIG3-00907,Female,0,Yes,No,30,Yes,Yes,Fiber optic,No,Yes,Yes,Yes,No,Yes,One year,Yes,Bank transfer (automatic),144.72,4242.09,No,Digital_Streaming_Cohort
DIG3-00908,Female,0,No,No,23,No,No phone service,DSL,Yes,No,Yes,No,Yes,Yes,Month-to-month,Yes,Mailed check,107.56,2552.34,Yes,Digital_Streaming_Cohort
DIG3-00909,Male,0,No,No,9,No,No phone service,Fiber optic,No,Yes,Yes,Yes,No,Yes,One year,Yes,Electronic check,120.37,1109.51,Yes,Digital_Streaming_Cohort
DIG3-00910,Female,0,No,No,9,Yes,Yes,DSL,No,Yes,No,Yes,Yes,Yes,Month-to-month,Yes,Mailed check,131.03,1192.27,Yes,Digital_Streaming_Cohort
DIG3-00911,Male,1,No,No,64,No,No phone service,Fiber optic,Yes,No,Yes,Yes,Yes,Yes,One year,Yes,Electronic check,129.8,8047.52,No,Digital_Streaming_Cohort
DIG3-00912,Female,0,No,No,5,Yes,No,DSL,Yes,Yes,No,Yes,No,Yes,Month-to-month,Yes,Electronic check,109.47,567.29,Yes,Digital_Streaming_Cohort
DIG3-00913,Male,0,No,No,11,Yes,No,Fiber optic,No,No,No,Yes,Yes,Yes,Month-to-month,Yes,Electronic check,121.83,1288.58,No,Digital_Streaming_Cohort
DIG3-00914,Female,0,Yes,No,10,No,No phone service,Fiber optic,Yes,No,Yes,Yes,Yes,Yes,Month-to-month,Yes,Electronic check,136.45,1342.62,Yes,Digital_Streaming_Cohort
DIG3-00915,Female,0,Yes,No,5,No,No phone service,Fiber optic,No,Yes,No,Yes,No,Yes,Month-to-month,Yes,Bank transfer (automatic),108.68,521.71,No,Digital_Streaming_Cohort
DIG3-00916,Female,0,Yes,No,3,Yes,Yes,Fiber optic,Yes,Yes,No,Yes,Yes,No,One year,Yes,Bank transfer (automatic),147.6,449.19,No,Digital_Streaming_Cohort
DIG3-00917,Female,0,Yes,No,72,Yes,Yes,DSL,No,Yes,No,No,Yes,No,Month-to-month,Yes,Electronic check,106.65,7953.39,No,Digital_Streaming_Cohort
DIG3-00918,Male,0,Yes,No,30,Yes,Yes,Fiber optic,No,Yes,No,No,Yes,Yes,Month-to-month,No,Electronic check,141.53,4266.05,Yes,Digital_Streaming_Cohort
DIG3-00919,Female,0,Yes,Yes,2,Yes,No,Fiber optic,Yes,Yes,Yes,No,No,No,Month-to-month,Yes,Electronic check,110.36,224.48,Yes,Digital_Streaming_Cohort
DIG3-00920,Male,0,No,No,23,Yes,No,Fiber optic,Yes,No,No,No,Yes,Yes,Month-to-month,Yes,Electronic check,125.95,3012.6,Yes,Digital_Streaming_Cohort
DIG3-00921,Female,0,No,No,19,Yes,Yes,Fiber optic,Yes,Yes,Yes,No,No,No,Month-to-month,Yes,Mailed check,129.12,2416.27,No,Digital_Streaming_Cohort
DIG3-00922,Female,0,No,Yes,1,Yes,No,Fiber optic,No,Yes,No,No,No,Yes,Month-to-month,Yes,Mailed check,113.52,116.52,Yes,Digital_Streaming_Cohort
DIG3-00923,Male,0,Yes,No,10,Yes,No,Fiber optic,Yes,Yes,Yes,No,Yes,Yes,One year,No,Bank transfer (automatic),142.93,1424.64,Yes,Digital_Streaming_Cohort
DIG3-00924,Male,0,No,Yes,16,No,No phone service,Fiber optic,Yes,No,No,Yes,Yes,Yes,Month-to-month,Yes,Bank transfer (automatic),122.55,2037.45,Yes,Digital_Streaming_Cohort
DIG3-00925,Male,0,No,No,11,Yes,Yes,DSL,Yes,Yes,Yes,No,Yes,Yes,Month-to-month,Yes,Mailed check,143.19,1550.79,Yes,Digital_Streaming_Cohort
DIG3-00926,Female,0,Yes,Yes,22,Yes,Yes,Fiber optic,No,No,Yes,No,Yes,No,Month-to-month,Yes,Electronic check,120.99,2582.45,Yes,Digital_Streaming_Cohort
DIG3-00927,Male,0,No,No,17,Yes,Yes,Fiber optic,No,Yes,No,No,Yes,Yes,Month-to-month,Yes,Bank transfer (automatic),143.58,2383.63,Yes,Digital_Streaming_Cohort
DIG3-00928,Male,0,Yes,Yes,28,Yes,Yes,Fiber optic,No,Yes,Yes,No,No,No,Month-to-month,No,Mailed check,118.97,3405.63,No,Digital_Streaming_Cohort
DIG3-00929,Male,0,No,Yes,41,No,No phone service,Fiber optic,Yes,No,No,Yes,Yes,Yes,Month-to-month,Yes,Electronic check,126.24,5382.48,No,Digital_Streaming_Cohort
DIG3-00930,Female,0,No,No,6,Yes,Yes,No,No internet service,No internet service,No internet service,No internet service,No internet service,No internet service,Month-to-month,Yes,Mailed check,48.45,288.41,No,Digital_Streaming_Cohort
DIG3-00931,Female,0,No,Yes,10,No,No phone service,Fiber optic,No,Yes,No,Yes,No,No,Two year,Yes,Credit card (automatic),94.36,950.16,No,Digital_Streaming_Cohort
DIG3-00932,Female,0,Yes,No,34,Yes,Yes,Fiber optic,Yes,Yes,Yes,Yes,Yes,Yes,Month-to-month,Yes,Credit card (automatic),168.9,5902.98,No,Digital_Streaming_Cohort
DIG3-00933,Female,0,No,No,38,Yes,Yes,Fiber optic,Yes,Yes,Yes,Yes,Yes,Yes,Month-to-month,Yes,Bank transfer (automatic),168.31,6615.31,No,Digital_Streaming_Cohort
DIG3-00934,Male,0,No,No,5,Yes,Yes,Fiber optic,Yes,Yes,Yes,No,Yes,No,One year,No,Credit card (automatic),139.76,710.45,No,Digital_Streaming_Cohort
DIG3-00935,Female,0,Yes,Yes,25,Yes,No,Fiber optic,Yes,No,No,No,Yes,Yes,Month-to-month,Yes,Credit card (automatic),125.53,3137.37,Yes,Digital_Streaming_Cohort
DIG3-00936,Male,1,No,No,70,Yes,Yes,Fiber optic,No,No,Yes,No,Yes,Yes,One year,Yes,Credit card (automatic),141.83,9630.97,No,Digital_Streaming_Cohort
DIG3-00937,Male,0,No,Yes,7,No,No phone service,Fiber optic,No,No,Yes,Yes,No,Yes,One year,Yes,Credit card (automatic),109.91,765.56,Yes,Digital_Streaming_Cohort
DIG3-00938,Male,0,No,Yes,1,Yes,Yes,DSL,No,No,Yes,No,Yes,Yes,Month-to-month,Yes,Credit card (automatic),121.5,123.85,Yes,Digital_Streaming_Cohort
DIG3-00939,Male,0,No,No,24,Yes,Yes,Fiber optic,Yes,No,No,No,No,Yes,Month-to-month,No,Bank transfer (automatic),127.48,3006.54,Yes,Digital_Streaming_Cohort
DIG3-00940,Male,0,No,Yes,8,Yes,No,Fiber optic,Yes,No,No,No,Yes,No,One year,Yes,Credit card (automatic),108.53,848.62,No,Digital_Streaming_Cohort
DIG3-00941,Female,0,Yes,No,8,Yes,Yes,Fiber optic,No,No,Yes,No,No,Yes,Two year,Yes,Credit card (automatic),126.87,978.07,No,Digital_Streaming_Cohort
DIG3-00942,Male,0,No,No,2,Yes,Yes,DSL,No,Yes,No,No,Yes,No,Month-to-month,Yes,Credit card (automatic),103.77,215.49,Yes,Digital_Streaming_Cohort
DIG3-00943,Female,0,No,No,26,Yes,Yes,Fiber optic,Yes,Yes,Yes,No,No,No,Two year,No,Credit card (automatic),132.75,3514.6,No,Digital_Streaming_Cohort
DIG3-00944,Male,0,No,Yes,25,Yes,No,DSL,No,Yes,No,No,No,Yes,Month-to-month,Yes,Credit card (automatic),87.8,2281.78,No,Digital_Streaming_Cohort
DIG3-00945,Female,0,No,No,11,Yes,Yes,Fiber optic,No,Yes,No,No,Yes,No,One year,Yes,Electronic check,123.42,1328.08,No,Digital_Streaming_Cohort
DIG3-00946,Female,0,No,Yes,72,Yes,No,DSL,Yes,Yes,Yes,Yes,Yes,Yes,One year,No,Electronic check,135.31,9618.32,No,Digital_Streaming_Cohort
DIG3-00947,Male,0,No,No,51,No,No phone service,Fiber optic,Yes,Yes,No,Yes,Yes,Yes,Month-to-month,Yes,Credit card (automatic),134.61,6688.34,No,Digital_Streaming_Cohort
DIG3-00948,Male,0,Yes,No,4,Yes,No,Fiber optic,No,Yes,Yes,No,Yes,Yes,Two year,Yes,Bank transfer (automatic),134.79,536.56,No,Digital_Streaming_Cohort
DIG3-00949,Male,0,Yes,Yes,12,Yes,Yes,Fiber optic,Yes,No,No,Yes,Yes,Yes,Month-to-month,No,Bank transfer (automatic),150.79,1785.53,Yes,Digital_Streaming_Cohort
DIG3-00950,Female,0,No,No,42,No,No phone service,Fiber optic,Yes,Yes,No,No,Yes,No,Month-to-month,No,Bank transfer (automatic),108.79,4672.68,No,Digital_Streaming_Cohort
DIG3-00951,Male,0,Yes,No,67,Yes,Yes,Fiber optic,No,No,Yes,No,Yes,No,Month-to-month,Yes,Credit card (automatic),124.86,8157.6,Yes,Digital_Streaming_Cohort
DIG3-00952,Female,0,No,Yes,1,No,No phone service,Fiber optic,No,Yes,Yes,No,Yes,No,Month-to-month,No,Electronic check,107.38,104.86,Yes,Digital_Streaming_Cohort
DIG3-00953,Female,0,No,Yes,51,Yes,Yes,Fiber optic,No,Yes,No,Yes,Yes,No,Month-to-month,No,Credit card (automatic),135.33,7055.9,Yes,Digital_Streaming_Cohort
DIG3-00954,Male,0,No,No,72,Yes,Yes,Fiber optic,Yes,No,No,Yes,Yes,No,Month-to-month,No,Credit card (automatic),133.82,9811.16,No,Digital_Streaming_Cohort
DIG3-00955,Female,0,No,No,61,Yes,Yes,DSL,Yes,No,Yes,No,Yes,No,Month-to-month,Yes,Bank transfer (automatic),112.02,6808.51,Yes,Digital_Streaming_Cohort
DIG3-00956,Male,0,No,No,5,Yes,Yes,Fiber optic,No,No,No,No,Yes,Yes,Month-to-month,Yes,Credit card (automatic),129.25,620.51,Yes,Digital_Streaming_Cohort
DIG3-00957,Female,0,No,No,17,Yes,No,DSL,No,Yes,No,No,Yes,Yes,Two year,Yes,Bank transfer (automatic),102.79,1727.09,No,Digital_Streaming_Cohort
DIG3-00958,Male,1,Yes,No,12,Yes,No,Fiber optic,No,Yes,Yes,Yes,Yes,Yes,Month-to-month,Yes,Electronic check,146.15,1800.0,Yes,Digital_Streaming_Cohort
DIG3-00959,Female,0,Yes,No,22,No,No phone service,Fiber optic,Yes,Yes,Yes,Yes,Yes,Yes,Month-to-month,No,Credit card (automatic),140.92,3143.14,No,Digital_Streaming_Cohort
DIG3-00960,Male,0,No,No,3,Yes,No,Fiber optic,Yes,Yes,Yes,No,Yes,No,One year,Yes,Electronic check,133.57,407.97,Yes,Digital_Streaming_Cohort
DIG3-00961,Male,0,No,Yes,4,No,No phone service,DSL,Yes,Yes,Yes,Yes,Yes,Yes,Two year,Yes,Credit card (automatic),122.06,469.74,No,Digital_Streaming_Cohort
DIG3-00962,Male,0,No,No,19,Yes,Yes,Fiber optic,Yes,Yes,No,No,No,Yes,Month-to-month,Yes,Electronic check,137.98,2703.66,No,Digital_Streaming_Cohort
DIG3-00963,Female,0,No,Yes,4,No,No phone service,Fiber optic,No,No,Yes,No,No,Yes,Month-to-month,Yes,Credit card (automatic),95.58,388.16,Yes,Digital_Streaming_Cohort
DIG3-00964,Male,0,No,No,5,Yes,Yes,Fiber optic,Yes,Yes,No,No,Yes,Yes,Two year,Yes,Electronic check,151.09,751.97,No,Digital_Streaming_Cohort
DIG3-00965,Male,0,No,No,18,Yes,Yes,DSL,No,No,No,Yes,No,Yes,Month-to-month,Yes,Credit card (automatic),104.48,1816.22,No,Digital_Streaming_Cohort
DIG3-00966,Female,0,No,Yes,24,Yes,No,DSL,No,Yes,No,No,Yes,Yes,Month-to-month,Yes,Credit card (automatic),99.63,2307.34,No,Digital_Streaming_Cohort
DIG3-00967,Female,0,No,No,52,Yes,Yes,DSL,Yes,Yes,No,Yes,No,No,Month-to-month,Yes,Electronic check,114.96,6101.39,No,Digital_Streaming_Cohort
DIG3-00968,Male,1,Yes,No,20,Yes,No,Fiber optic,Yes,No,No,No,No,No,Month-to-month,Yes,Bank transfer (automatic),91.6,1763.06,No,Digital_Streaming_Cohort
DIG3-00969,Male,1,No,No,10,Yes,No,Fiber optic,Yes,Yes,No,No,No,Yes,Month-to-month,Yes,Bank transfer (automatic),115.64,1202.15,Yes,Digital_Streaming_Cohort
DIG3-00970,Male,0,Yes,No,15,Yes,No,DSL,No,No,No,No,No,No,Month-to-month,Yes,Bank transfer (automatic),61.14,909.47,No,Digital_Streaming_Cohort
DIG3-00971,Male,0,No,No,7,Yes,Yes,Fiber optic,No,Yes,Yes,No,No,No,Month-to-month,Yes,Bank transfer (automatic),121.33,869.03,No,Digital_Streaming_Cohort
DIG3-00972,Female,0,No,Yes,22,Yes,Yes,DSL,Yes,Yes,Yes,No,Yes,Yes,Month-to-month,No,Bank transfer (automatic),140.84,3097.14,Yes,Digital_Streaming_Cohort
DIG3-00973,Female,0,No,No,8,No,No phone service,DSL,Yes,Yes,Yes,No,Yes,No,Two year,Yes,Bank transfer (automatic),98.22,793.64,No,Digital_Streaming_Cohort
DIG3-00974,Male,0,Yes,No,50,Yes,No,DSL,No,Yes,No,Yes,Yes,No,Month-to-month,No,Credit card (automatic),102.29,5127.57,No,Digital_Streaming_Cohort
DIG3-00975,Female,0,No,Yes,9,Yes,No,DSL,Yes,Yes,No,Yes,Yes,No,Month-to-month,Yes,Electronic check,107.51,981.69,Yes,Digital_Streaming_Cohort
DIG3-00976,Male,0,No,No,9,Yes,Yes,Fiber optic,No,Yes,Yes,No,Yes,Yes,Month-to-month,Yes,Credit card (automatic),149.01,1344.49,Yes,Digital_Streaming_Cohort
DIG3-00977,Female,0,Yes,No,1,Yes,No,Fiber optic,Yes,No,No,No,No,Yes,Month-to-month,No,Bank transfer (automatic),110.2,107.63,Yes,Digital_Streaming_Cohort
DIG3-00978,Male,0,No,Yes,11,Yes,Yes,DSL,No,No,Yes,No,Yes,Yes,Month-to-month,No,Electronic check,119.87,1298.37,Yes,Digital_Streaming_Cohort
DIG3-00979,Female,0,No,No,12,Yes,Yes,Fiber optic,No,Yes,Yes,No,No,Yes,One year,Yes,Credit card (automatic),133.68,1568.17,No,Digital_Streaming_Cohort
DIG3-00980,Female,0,Yes,No,20,Yes,No,Fiber optic,No,Yes,Yes,No,No,No,One year,No,Bank transfer (automatic),100.56,1959.45,No,Digital_Streaming_Cohort
DIG3-00981,Male,0,Yes,Yes,15,Yes,Yes,No,No internet service,No internet service,No internet service,No internet service,No internet service,No internet service,One year,Yes,Bank transfer (automatic),48.0,746.91,No,Digital_Streaming_Cohort
DIG3-00982,Female,0,Yes,Yes,32,Yes,No,Fiber optic,Yes,Yes,Yes,No,No,No,Two year,No,Bank transfer (automatic),113.9,3643.59,No,Digital_Streaming_Cohort
DIG3-00983,Male,0,Yes,No,8,Yes,Yes,DSL,No,Yes,No,No,Yes,Yes,Month-to-month,Yes,Electronic check,126.22,1031.08,No,Digital_Streaming_Cohort
DIG3-00984,Male,0,No,No,6,Yes,Yes,Fiber optic,No,Yes,No,No,Yes,No,Two year,No,Bank transfer (automatic),125.73,755.59,No,Digital_Streaming_Cohort
DIG3-00985,Male,0,No,No,72,Yes,Yes,DSL,No,Yes,No,No,Yes,No,Month-to-month,Yes,Mailed check,106.63,7711.56,No,Digital_Streaming_Cohort
DIG3-00986,Male,0,Yes,No,45,Yes,No,Fiber optic,No,Yes,No,Yes,No,Yes,Two year,Yes,Mailed check,121.08,5391.57,No,Digital_Streaming_Cohort
DIG3-00987,Male,1,No,No,2,Yes,No,Fiber optic,No,No,No,No,No,Yes,One year,No,Credit card (automatic),100.18,199.22,No,Digital_Streaming_Cohort
DIG3-00988,Female,0,Yes,Yes,6,Yes,Yes,Fiber optic,No,Yes,No,No,No,Yes,Month-to-month,No,Bank transfer (automatic),125.18,740.77,No,Digital_Streaming_Cohort
DIG3-00989,Female,0,No,No,12,No,No phone service,DSL,No,Yes,Yes,No,Yes,No,One year,No,Credit card (automatic),87.71,1036.04,Yes,Digital_Streaming_Cohort
DIG3-00990,Female,0,No,No,17,Yes,Yes,Fiber optic,Yes,No,Yes,No,Yes,No,Month-to-month,Yes,Credit card (automatic),133.31,2298.28,Yes,Digital_Streaming_Cohort
DIG3-00991,Female,0,Yes,No,30,No,No phone service,Fiber optic,No,Yes,Yes,Yes,Yes,Yes,Month-to-month,No,Electronic check,133.88,4019.1,Yes,Digital_Streaming_Cohort
DIG3-00992,Female,1,No,No,17,Yes,Yes,DSL,No,Yes,Yes,Yes,Yes,Yes,Month-to-month,Yes,Credit card (automatic),143.64,2445.83,No,Digital_Streaming_Cohort
DIG3-00993,Male,0,Yes,Yes,39,Yes,Yes,Fiber optic,Yes,Yes,No,No,Yes,Yes,One year,Yes,Bank transfer (automatic),150.95,6087.76,No,Digital_Streaming_Cohort
DIG3-00994,Male,0,No,Yes,64,No,No phone service,Fiber optic,No,Yes,Yes,No,Yes,No,Month-to-month,No,Credit card (automatic),113.84,7055.78,No,Digital_Streaming_Cohort
DIG3-00995,Male,0,No,No,33,Yes,Yes,DSL,Yes,Yes,No,Yes,Yes,Yes,Month-to-month,Yes,Bank transfer (automatic),141.4,4553.42,No,Digital_Streaming_Cohort
DIG3-00996,Male,0,No,No,15,Yes,Yes,No,No internet service,No internet service,No internet service,No internet service,No internet service,No internet service,Two year,Yes,Credit card (automatic),50.7,767.96,No,Digital_Streaming_Cohort
DIG3-00997,Female,0,Yes,Yes,72,Yes,No,Fiber optic,No,No,Yes,Yes,No,No,Month-to-month,Yes,Credit card (automatic),107.5,7777.28,Yes,Digital_Streaming_Cohort
DIG3-00998,Female,0,No,Yes,1,Yes,Yes,Fiber optic,Yes,No,No,Yes,No,No,Month-to-month,No,Bank transfer (automatic),120.08,117.94,Yes,Digital_Streaming_Cohort
DIG3-00999,Male,0,Yes,Yes,36,Yes,No,Fiber optic,No,Yes,Yes,No,Yes,No,Month-to-month,Yes,Credit card (automatic),118.6,4394.32,No,Digital_Streaming_Cohort
DIG3-01000,Female,0,Yes,No,6,Yes,No,Fiber optic,Yes,Yes,No,No,No,No,Two year,Yes,Credit card (automatic),101.98,629.48,No,Digital_Streaming_Cohort
DIG3-01001,Female,0,Yes,No,45,No,No phone service,DSL,Yes,Yes,Yes,No,Yes,Yes,Month-to-month,No,Credit card (automatic),111.95,5097.76,Yes,Digital_Streaming_Cohort
DIG3-01002,Male,0,No,Yes,72,Yes,Yes,No,No internet service,No internet service,No internet service,No internet service,No internet service,No internet service,Month-to-month,No,Electronic check,51.25,3807.59,Yes,Digital_Streaming_Cohort
DIG3-01003,Male,0,No,No,10,No,No phone service,DSL,Yes,Yes,No,No,No,Yes,One year,Yes,Credit card (automatic),88.47,884.95,No,Digital_Streaming_Cohort
DIG3-01004,Female,1,Yes,Yes,45,Yes,Yes,Fiber optic,Yes,No,No,Yes,Yes,Yes,Month-to-month,No,Bank transfer (automatic),149.57,6672.6,No,Digital_Streaming_Cohort
DIG3-01005,Male,0,No,No,25,Yes,Yes,DSL,Yes,Yes,Yes,No,Yes,Yes,Month-to-month,Yes,Credit card (automatic),139.08,3580.59,Yes,Digital_Streaming_Cohort
DIG3-01006,Female,0,No,No,6,No,No phone service,DSL,No,No,Yes,No,No,Yes,Month-to-month,Yes,Bank transfer (automatic),82.23,480.67,No,Digital_Streaming_Cohort
DIG3-01007,Female,0,No,No,40,Yes,No,Fiber optic,No,Yes,Yes,No,Yes,No,One year,Yes,Electronic check,125.1,4937.22,No,Digital_Streaming_Cohort
DIG3-01008,Male,0,No,No,39,Yes,No,Fiber optic,Yes,No,No,Yes,No,Yes,Two year,Yes,Mailed check,119.02,4697.26,No,Digital_Streaming_Cohort
DIG3-01009,Female,0,Yes,No,16,Yes,Yes,DSL,No,No,Yes,Yes,Yes,No,Two year,No,Electronic check,122.4,1947.47,No,Digital_Streaming_Cohort
DIG3-01010,Male,0,Yes,No,39,Yes,No,Fiber optic,Yes,Yes,No,No,No,No,One year,Yes,Bank transfer (automatic),107.42,4034.17,No,Digital_Streaming_Cohort
DIG3-01011,Male,0,No,Yes,30,No,No phone service,Fiber optic,No,Yes,Yes,No,Yes,No,One year,No,Credit card (automatic),113.8,3305.88,No,Digital_Streaming_Cohort
DIG3-01012,Female,0,No,No,58,Yes,Yes,No,No internet service,No internet service,No internet service,No internet service,No internet service,No internet service,Month-to-month,Yes,Bank transfer (automatic),48.52,2730.91,No,Digital_Streaming_Cohort
DIG3-01013,Female,0,No,No,7,Yes,Yes,Fiber optic,Yes,Yes,Yes,No,No,Yes,Month-to-month,Yes,Credit card (automatic),144.7,1033.05,No,Digital_Streaming_Cohort
DIG3-01014,Female,0,No,No,46,Yes,No,DSL,No,Yes,No,Yes,Yes,Yes,One year,Yes,Bank transfer (automatic),109.87,4984.93,No,Digital_Streaming_Cohort
DIG3-01015,Male,0,Yes,Yes,14,Yes,Yes,Fiber optic,Yes,Yes,No,No,No,Yes,Month-to-month,Yes,Credit card (automatic),139.57,1890.01,Yes,Digital_Streaming_Cohort
DIG3-01016,Male,0,No,No,6,Yes,Yes,Fiber optic,Yes,Yes,Yes,No,Yes,Yes,Month-to-month,Yes,Bank transfer (automatic),158.68,941.4,Yes,Digital_Streaming_Cohort
DIG3-01017,Female,0,Yes,No,17,Yes,Yes,DSL,No,No,No,Yes,No,Yes,Month-to-month,Yes,Mailed check,109.11,1856.64,No,Digital_Streaming_Cohort
DIG3-01018,Male,0,No,No,7,Yes,Yes,Fiber optic,No,No,No,No,Yes,Yes,One year,Yes,Credit card (automatic),129.71,916.61,No,Digital_Streaming_Cohort
DIG3-01019,Female,0,No,Yes,38,Yes,No,DSL,Yes,Yes,No,Yes,Yes,Yes,Month-to-month,Yes,Electronic check,127.8,4705.48,No,Digital_Streaming_Cohort
DIG3-01020,Male,0,No,Yes,39,Yes,Yes,Fiber optic,Yes,Yes,No,No,No,No,Month-to-month,Yes,Electronic check,119.4,4635.07,Yes,Digital_Streaming_Cohort
DIG3-01021,Female,0,Yes,No,4,Yes,No,Fiber optic,No,No,No,No,Yes,No,Month-to-month,Yes,Mailed check,98.95,407.93,Yes,Digital_Streaming_Cohort
DIG3-01022,Female,0,No,No,72,Yes,Yes,Fiber optic,No,No,No,Yes,Yes,No,Month-to-month,Yes,Mailed check,125.27,9361.59,No,Digital_Streaming_Cohort
DIG3-01023,Female,0,Yes,Yes,52,Yes,Yes,Fiber optic,No,No,Yes,No,No,Yes,Month-to-month,Yes,Bank transfer (automatic),119.97,6045.02,No,Digital_Streaming_Cohort
DIG3-01024,Male,0,Yes,No,14,Yes,No,Fiber optic,No,Yes,Yes,Yes,Yes,Yes,One year,Yes,Mailed check,143.49,2060.87,No,Digital_Streaming_Cohort
DIG3-01025,Female,0,No,No,52,Yes,Yes,DSL,Yes,Yes,Yes,Yes,Yes,No,Month-to-month,Yes,Bank transfer (automatic),134.54,7024.68,No,Digital_Streaming_Cohort
DIG3-01026,Female,0,No,No,62,Yes,Yes,Fiber optic,Yes,Yes,No,No,Yes,No,Two year,Yes,Credit card (automatic),138.99,8542.44,No,Digital_Streaming_Cohort
DIG3-01027,Male,0,Yes,No,30,Yes,No,Fiber optic,No,Yes,Yes,No,No,No,Two year,No,Bank transfer (automatic),104.32,3206.28,No,Digital_Streaming_Cohort
DIG3-01028,Male,1,No,No,2,Yes,Yes,Fiber optic,Yes,Yes,Yes,No,Yes,Yes,Two year,Yes,Bank transfer (automatic),165.61,320.33,No,Digital_Streaming_Cohort
DIG3-01029,Female,0,No,Yes,13,Yes,Yes,DSL,No,Yes,Yes,Yes,No,No,One year,Yes,Electronic check,105.39,1393.16,No,Digital_Streaming_Cohort
DIG3-01030,Male,0,No,Yes,19,Yes,No,Fiber optic,Yes,No,No,No,Yes,Yes,Month-to-month,Yes,Electronic check,123.97,2419.79,Yes,Digital_Streaming_Cohort
DIG3-01031,Male,0,Yes,No,5,Yes,Yes,Fiber optic,No,No,Yes,Yes,Yes,No,One year,Yes,Bank transfer (automatic),137.17,660.47,No,Digital_Streaming_Cohort
DIG3-01032,Male,0,No,Yes,10,Yes,Yes,DSL,No,No,Yes,Yes,Yes,No,Month-to-month,No,Credit card (automatic),116.01,1135.67,Yes,Digital_Streaming_Cohort
DIG3-01033,Female,0,No,No,25,Yes,Yes,DSL,No,Yes,No,No,Yes,Yes,One year,Yes,Credit card (automatic),119.87,3104.12,No,Digital_Streaming_Cohort
DIG3-01034,Female,0,Yes,No,7,Yes,No,Fiber optic,No,Yes,No,No,No,No,One year,No,Credit card (automatic),96.04,689.32,No,Digital_Streaming_Cohort
DIG3-01035,Female,0,No,No,9,No,No phone service,DSL,No,No,No,No,No,No,One year,Yes,Credit card (automatic),55.91,508.53,No,Digital_Streaming_Cohort
DIG3-01036,Male,0,No,No,1,Yes,Yes,Fiber optic,No,No,No,No,No,Yes,One year,Yes,Credit card (automatic),117.83,119.84,Yes,Digital_Streaming_Cohort
DIG3-01037,Female,0,Yes,Yes,51,Yes,No,Fiber optic,Yes,No,No,Yes,Yes,No,Two year,Yes,Credit card (automatic),119.7,6053.27,No,Digital_Streaming_Cohort
DIG3-01038,Female,0,Yes,No,28,Yes,No,Fiber optic,Yes,No,Yes,No,No,No,One year,Yes,Electronic check,107.02,2992.73,No,Digital_Streaming_Cohort
DIG3-01039,Female,0,No,No,41,No,No phone service,DSL,No,Yes,No,Yes,No,Yes,Month-to-month,Yes,Electronic check,89.9,3687.05,No,Digital_Streaming_Cohort
DIG3-01040,Male,0,No,Yes,41,Yes,No,Fiber optic,Yes,Yes,No,Yes,Yes,Yes,One year,Yes,Mailed check,142.21,5925.38,No,Digital_Streaming_Cohort
DIG3-01041,Female,0,No,No,17,Yes,No,Fiber optic,Yes,Yes,No,No,Yes,Yes,Month-to-month,Yes,Bank transfer (automatic),137.55,2422.79,Yes,Digital_Streaming_Cohort
DIG3-01042,Female,0,No,No,35,Yes,No,No,No internet service,No internet service,No internet service,No internet service,No internet service,No internet service,Month-to-month,Yes,Electronic check,34.31,1187.1,Yes,Digital_Streaming_Cohort
DIG3-01043,Female,1,Yes,Yes,10,Yes,No,DSL,No,Yes,No,Yes,No,No,Month-to-month,Yes,Electronic check,85.29,858.68,No,Digital_Streaming_Cohort
DIG3-01044,Female,1,No,Yes,59,Yes,No,DSL,Yes,Yes,Yes,No,Yes,No,Month-to-month,No,Electronic check,112.22,6773.99,Yes,Digital_Streaming_Cohort
DIG3-01045,Male,0,Yes,No,43,Yes,No,DSL,Yes,Yes,Yes,Yes,Yes,Yes,Month-to-month,Yes,Electronic check,132.02,5837.24,No,Digital_Streaming_Cohort
DIG3-01046,Female,0,No,Yes,49,Yes,No,Fiber optic,No,Yes,No,Yes,Yes,Yes,Month-to-month,Yes,Credit card (automatic),134.15,6315.75,No,Digital_Streaming_Cohort
DIG3-01047,Male,0,No,No,34,Yes,No,DSL,Yes,No,Yes,No,Yes,Yes,Month-to-month,Yes,Electronic check,111.73,3824.45,Yes,Digital_Streaming_Cohort
DIG3-01048,Female,0,Yes,Yes,1,Yes,No,Fiber optic,No,No,No,No,Yes,Yes,Two year,No,Credit card (automatic),109.8,112.81,No,Digital_Streaming_Cohort
DIG3-01049,Female,0,Yes,No,22,Yes,Yes,Fiber optic,Yes,No,Yes,No,Yes,Yes,Month-to-month,Yes,Credit card (automatic),149.13,3335.88,No,Digital_Streaming_Cohort
DIG3-01050,Female,0,No,No,3,Yes,Yes,DSL,No,Yes,No,No,No,Yes,Month-to-month,No,Electronic check,104.46,303.89,Yes,Digital_Streaming_Cohort
DIG3-01051,Female,0,No,Yes,33,Yes,No,Fiber optic,No,Yes,No,No,No,Yes,Month-to-month,Yes,Bank transfer (automatic),111.36,3649.05,Yes,Digital_Streaming_Cohort
DIG3-01052,Male,0,Yes,No,5,Yes,Yes,Fiber optic,Yes,No,Yes,Yes,Yes,Yes,One year,Yes,Electronic check,161.79,800.36,No,Digital_Streaming_Cohort
DIG3-01053,Female,0,No,No,23,Yes,No,DSL,Yes,Yes,No,Yes,Yes,Yes,Month-to-month,Yes,Credit card (automatic),122.15,2780.8,Yes,Digital_Streaming_Cohort
DIG3-01054,Female,0,No,No,20,Yes,No,DSL,Yes,No,No,No,Yes,Yes,Month-to-month,No,Bank transfer (automatic),100.99,2040.64,Yes,Digital_Streaming_Cohort
DIG3-01055,Female,0,No,No,50,Yes,No,Fiber optic,Yes,No,Yes,No,No,Yes,Two year,Yes,Electronic check,120.15,5836.4,No,Digital_Streaming_Cohort
DIG3-01056,Male,0,Yes,Yes,29,Yes,Yes,Fiber optic,No,No,No,No,Yes,No,Month-to-month,Yes,Bank transfer (automatic),116.02,3405.07,No,Digital_Streaming_Cohort
DIG3-01057,Male,0,No,Yes,18,Yes,Yes,Fiber optic,No,No,No,No,Yes,No,One year,No,Credit card (automatic),109.0,1964.37,No,Digital_Streaming_Cohort
DIG3-01058,Male,0,Yes,Yes,22,Yes,Yes,Fiber optic,No,No,No,No,Yes,No,Two year,Yes,Credit card (automatic),115.27,2620.74,No,Digital_Streaming_Cohort
DIG3-01059,Male,0,No,No,54,Yes,No,Fiber optic,No,No,Yes,No,Yes,No,One year,No,Bank transfer (automatic),108.23,6023.8,No,Digital_Streaming_Cohort
DIG3-01060,Female,0,No,No,3,No,No phone service,Fiber optic,Yes,No,No,No,Yes,No,Month-to-month,Yes,Bank transfer (automatic),97.13,295.46,Yes,Digital_Streaming_Cohort
DIG3-01061,Male,0,Yes,No,8,Yes,Yes,Fiber optic,No,Yes,Yes,Yes,No,Yes,One year,Yes,Mailed check,145.11,1171.68,No,Digital_Streaming_Cohort
DIG3-01062,Female,0,No,No,8,Yes,Yes,Fiber optic,No,Yes,Yes,No,No,No,Month-to-month,No,Bank transfer (automatic),122.83,1014.84,Yes,Digital_Streaming_Cohort
DIG3-01063,Female,0,No,No,35,Yes,Yes,Fiber optic,Yes,No,No,No,Yes,Yes,One year,Yes,Credit card (automatic),138.5,4854.75,No,Digital_Streaming_Cohort
DIG3-01064,Female,0,Yes,No,39,No,No phone service,Fiber optic,Yes,Yes,Yes,No,Yes,Yes,Month-to-month,Yes,Electronic check,137.72,5190.25,Yes,Digital_Streaming_Cohort
DIG3-01065,Female,0,No,No,38,Yes,No,Fiber optic,No,No,No,Yes,No,Yes,One year,No,Credit card (automatic),107.16,3928.7,No,Digital_Streaming_Cohort
DIG3-01066,Female,0,Yes,No,4,Yes,Yes,Fiber optic,Yes,Yes,No,No,No,No,Month-to-month,Yes,Mailed check,119.1,478.75,No,Digital_Streaming_Cohort
DIG3-01067,Female,0,Yes,No,36,Yes,Yes,Fiber optic,No,Yes,No,No,No,No,Two year,Yes,Credit card (automatic),106.79,3963.51,No,Digital_Streaming_Cohort
DIG3-01068,Female,0,No,No,43,No,No phone service,DSL,Yes,Yes,No,No,No,Yes,Two year,Yes,Electronic check,86.09,3693.38,No,Digital_Streaming_Cohort
DIG3-01069,Female,0,No,No,8,Yes,No,Fiber optic,No,No,Yes,No,Yes,Yes,One year,Yes,Credit card (automatic),122.3,959.88,No,Digital_Streaming_Cohort
DIG3-01070,Female,0,No,No,35,Yes,Yes,Fiber optic,Yes,No,No,No,Yes,Yes,Month-to-month,No,Bank transfer (automatic),141.75,4771.35,Yes,Digital_Streaming_Cohort
DIG3-01071,Male,0,Yes,Yes,17,Yes,No,Fiber optic,Yes,No,No,No,Yes,No,Two year,No,Credit card (automatic),108.23,1850.54,Yes,Digital_Streaming_Cohort
DIG3-01072,Male,0,No,No,72,Yes,No,Fiber optic,Yes,Yes,No,Yes,Yes,No,One year,Yes,Electronic check,130.38,9625.46,No,Digital_Streaming_Cohort
DIG3-01073,Female,0,No,No,21,Yes,Yes,DSL,No,Yes,No,No,No,Yes,Month-to-month,Yes,Electronic check,106.52,2246.15,No,Digital_Streaming_Cohort
DIG3-01074,Male,0,Yes,No,32,Yes,Yes,Fiber optic,No,Yes,No,Yes,No,Yes,One year,Yes,Electronic check,130.13,4249.99,No,Digital_Streaming_Cohort
DIG3-01075,Female,0,No,No,2,Yes,Yes,Fiber optic,No,Yes,No,No,Yes,Yes,One year,Yes,Bank transfer (automatic),141.29,286.18,Yes,Digital_Streaming_Cohort
DIG3-01076,Female,0,No,No,24,Yes,No,No,No internet service,No internet service,No internet service,No internet service,No internet service,No internet service,Month-to-month,Yes,Electronic check,30.83,711.33,No,Digital_Streaming_Cohort
DIG3-01077,Male,1,Yes,Yes,9,Yes,Yes,Fiber optic,Yes,No,Yes,Yes,No,No,One year,Yes,Electronic check,135.34,1193.06,No,Digital_Streaming_Cohort
DIG3-01078,Female,0,Yes,Yes,10,No,No phone service,Fiber optic,No,No,Yes,No,Yes,No,Month-to-month,Yes,Mailed check,97.64,1011.73,No,Digital_Streaming_Cohort
DIG3-01079,Female,0,Yes,No,29,Yes,Yes,Fiber optic,Yes,Yes,No,No,Yes,Yes,Month-to-month,Yes,Bank transfer (automatic),146.27,4229.51,No,Digital_Streaming_Cohort
DIG3-01080,Female,0,No,Yes,2,Yes,Yes,Fiber optic,Yes,No,Yes,Yes,No,Yes,Month-to-month,Yes,Credit card (automatic),150.03,310.93,Yes,Digital_Streaming_Cohort
DIG3-01081,Female,0,No,No,4,Yes,No,Fiber optic,No,Yes,No,No,No,No,Month-to-month,Yes,Bank transfer (automatic),95.18,372.44,Yes,Digital_Streaming_Cohort
DIG3-01082,Female,0,Yes,No,63,Yes,No,DSL,No,Yes,Yes,No,No,Yes,Two year,Yes,Bank transfer (automatic),99.41,6348.08,No,Digital_Streaming_Cohort
DIG3-01083,Male,0,No,Yes,23,Yes,Yes,DSL,No,Yes,No,No,No,No,Month-to-month,No,Bank transfer (automatic),85.47,1890.83,No,Digital_Streaming_Cohort
DIG3-01084,Male,0,Yes,No,1,Yes,Yes,Fiber optic,Yes,No,No,No,No,Yes,One year,Yes,Mailed check,123.68,128.57,Yes,Digital_Streaming_Cohort
DIG3-01085,Male,0,No,No,6,Yes,No,DSL,Yes,Yes,No,No,No,No,Two year,Yes,Bank transfer (automatic),86.5,533.87,No,Digital_Streaming_Cohort
DIG3-01086,Female,0,Yes,No,15,Yes,No,Fiber optic,No,Yes,Yes,No,No,No,Month-to-month,Yes,Electronic check,109.21,1688.41,Yes,Digital_Streaming_Cohort
DIG3-01087,Male,0,Yes,No,13,Yes,No,Fiber optic,Yes,No,No,No,No,Yes,One year,Yes,Credit card (automatic),111.68,1443.26,Yes,Digital_Streaming_Cohort
DIG3-01088,Female,0,No,No,51,Yes,No,DSL,No,No,No,No,No,No,Month-to-month,Yes,Credit card (automatic),63.47,3162.32,No,Digital_Streaming_Cohort
DIG3-01089,Female,0,No,No,12,Yes,Yes,Fiber optic,Yes,Yes,No,Yes,Yes,Yes,One year,Yes,Bank transfer (automatic),164.25,1924.39,Yes,Digital_Streaming_Cohort
DIG3-01090,Male,0,No,No,25,Yes,Yes,Fiber optic,No,No,Yes,Yes,Yes,Yes,Month-to-month,No,Bank transfer (automatic),149.63,3779.68,Yes,Digital_Streaming_Cohort
DIG3-01091,Female,0,No,No,1,Yes,Yes,Fiber optic,No,No,Yes,No,No,Yes,One year,No,Bank transfer (automatic),121.44,122.64,Yes,Digital_Streaming_Cohort
DIG3-01092,Male,0,No,No,18,Yes,Yes,DSL,Yes,Yes,Yes,Yes,Yes,Yes,Month-to-month,Yes,Electronic check,150.16,2652.78,No,Digital_Streaming_Cohort
DIG3-01093,Female,0,Yes,No,72,Yes,Yes,Fiber optic,No,Yes,Yes,No,No,No,Month-to-month,No,Bank transfer (automatic),117.49,8355.81,No,Digital_Streaming_Cohort
DIG3-01094,Female,0,Yes,No,11,Yes,No,Fiber optic,No,No,Yes,No,Yes,No,Month-to-month,Yes,Electronic check,110.92,1178.58,Yes,Digital_Streaming_Cohort
DIG3-01095,Male,0,Yes,Yes,14,Yes,Yes,DSL,No,Yes,No,No,Yes,No,Month-to-month,Yes,Credit card (automatic),101.32,1448.21,Yes,Digital_Streaming_Cohort
DIG3-01096,Female,0,Yes,No,5,Yes,No,DSL,Yes,No,No,No,Yes,Yes,Two year,Yes,Electronic check,103.83,501.61,No,Digital_Streaming_Cohort
DIG3-01097,Female,0,Yes,Yes,2,Yes,No,No,No internet service,No internet service,No internet service,No internet service,No internet service,No internet service,One year,Yes,Credit card (automatic),37.8,78.3,Yes,Digital_Streaming_Cohort
DIG3-01098,Male,0,No,Yes,18,Yes,No,DSL,Yes,No,Yes,No,Yes,Yes,Month-to-month,Yes,Credit card (automatic),109.98,2017.08,Yes,Digital_Streaming_Cohort
DIG3-01099,Female,0,Yes,No,15,Yes,No,Fiber optic,Yes,No,Yes,No,Yes,Yes,Month-to-month,Yes,Bank transfer (automatic),138.55,2029.51,Yes,Digital_Streaming_Cohort
DIG3-01100,Female,0,No,No,6,No,No phone service,No,No internet service,No internet service,No internet service,No internet service,No internet service,No internet service,One year,Yes,Electronic check,25.95,160.28,No,Digital_Streaming_Cohort
DIG3-01101,Female,0,No,No,5,Yes,Yes,DSL,Yes,Yes,Yes,Yes,No,Yes,Month-to-month,Yes,Credit card (automatic),133.12,642.03,No,Digital_Streaming_Cohort
DIG3-01102,Female,0,Yes,No,54,Yes,No,Fiber optic,Yes,Yes,Yes,Yes,Yes,Yes,Month-to-month,No,Credit card (automatic),157.77,8679.31,No,Digital_Streaming_Cohort
DIG3-01103,Female,0,Yes,No,58,Yes,Yes,Fiber optic,No,Yes,Yes,Yes,Yes,Yes,One year,Yes,Bank transfer (automatic),164.12,9182.4,No,Digital_Streaming_Cohort
DIG3-01104,Female,1,Yes,No,48,Yes,No,DSL,Yes,Yes,No,Yes,Yes,Yes,Month-to-month,Yes,Electronic check,123.08,5762.2,No,Digital_Streaming_Cohort
DIG3-01105,Male,0,No,No,18,Yes,Yes,Fiber optic,Yes,Yes,Yes,Yes,Yes,No,Month-to-month,Yes,Electronic check,153.62,2720.36,Yes,Digital_Streaming_Cohort
DIG3-01106,Male,0,Yes,No,46,Yes,No,Fiber optic,Yes,Yes,No,Yes,Yes,Yes,Month-to-month,No,Electronic check,138.57,6200.06,No,Digital_Streaming_Cohort
DIG3-01107,Female,0,No,Yes,5,No,No phone service,Fiber optic,Yes,Yes,Yes,No,Yes,Yes,Month-to-month,No,Bank transfer (automatic),134.15,655.5,Yes,Digital_Streaming_Cohort
DIG3-01108,Male,0,No,No,11,Yes,Yes,Fiber optic,Yes,Yes,Yes,No,Yes,Yes,Month-to-month,No,Bank transfer (automatic),154.5,1669.81,Yes,Digital_Streaming_Cohort
DIG3-01109,Female,0,Yes,Yes,5,Yes,Yes,Fiber optic,Yes,Yes,Yes,Yes,Yes,Yes,Month-to-month,No,Electronic check,173.88,900.75,Yes,Digital_Streaming_Cohort
DIG3-01110,Female,0,Yes,No,21,Yes,Yes,DSL,Yes,Yes,No,No,Yes,No,Two year,Yes,Electronic check,119.74,2512.01,No,Digital_Streaming_Cohort
DIG3-01111,Male,1,Yes,No,35,Yes,Yes,DSL,Yes,Yes,No,Yes,Yes,Yes,Month-to-month,No,Electronic check,143.91,5035.06,No,Digital_Streaming_Cohort
DIG3-01112,Male,0,No,No,2,Yes,Yes,Fiber optic,No,Yes,No,No,No,No,Month-to-month,Yes,Bank transfer (automatic),109.83,213.73,No,Digital_Streaming_Cohort
DIG3-01113,Male,0,Yes,Yes,9,Yes,Yes,DSL,No,No,Yes,Yes,No,Yes,Month-to-month,Yes,Credit card (automatic),116.52,1075.01,Yes,Digital_Streaming_Cohort
DIG3-01114,Female,0,No,No,10,No,No phone service,Fiber optic,Yes,No,Yes,No,No,Yes,One year,No,Bank transfer (automatic),112.21,1115.12,No,Digital_Streaming_Cohort
DIG3-01115,Female,0,No,No,5,Yes,No,Fiber optic,No,Yes,No,No,Yes,Yes,Month-to-month,Yes,Bank transfer (automatic),126.9,638.63,Yes,Digital_Streaming_Cohort
DIG3-01116,Male,0,No,No,21,Yes,No,DSL,No,No,No,Yes,No,Yes,Month-to-month,Yes,Electronic check,86.55,1756.36,Yes,Digital_Streaming_Cohort
DIG3-01117,Female,0,No,Yes,57,Yes,Yes,Fiber optic,No,No,Yes,No,No,Yes,One year,Yes,Bank transfer (automatic),128.24,7413.57,No,Digital_Streaming_Cohort
DIG3-01118,Male,0,No,No,3,Yes,No,DSL,Yes,Yes,Yes,No,Yes,No,Month-to-month,No,Electronic check,105.67,325.93,Yes,Digital_Streaming_Cohort
DIG3-01119,Female,1,No,No,2,Yes,Yes,Fiber optic,No,Yes,Yes,Yes,Yes,No,Month-to-month,Yes,Bank transfer (automatic),142.19,287.15,Yes,Digital_Streaming_Cohort
DIG3-01120,Male,0,No,No,22,Yes,Yes,Fiber optic,Yes,Yes,No,No,No,Yes,Month-to-month,No,Bank transfer (automatic),136.75,3033.44,Yes,Digital_Streaming_Cohort
DIG3-01121,Male,1,Yes,No,18,Yes,Yes,Fiber optic,No,Yes,No,No,Yes,No,One year,No,Electronic check,124.81,2210.88,No,Digital_Streaming_Cohort
DIG3-01122,Male,0,Yes,No,34,Yes,No,Fiber optic,No,Yes,No,No,No,No,Month-to-month,Yes,Credit card (automatic),93.58,3186.09,No,Digital_Streaming_Cohort
DIG3-01123,Female,1,No,No,13,Yes,Yes,Fiber optic,No,Yes,Yes,No,No,No,One year,Yes,Electronic check,115.2,1500.83,No,Digital_Streaming_Cohort
DIG3-01124,Male,0,No,No,16,No,No phone service,Fiber optic,No,Yes,Yes,Yes,No,Yes,Month-to-month,No,Electronic check,115.92,1923.03,Yes,Digital_Streaming_Cohort
DIG3-01125,Female,0,No,Yes,1,Yes,Yes,Fiber optic,No,No,No,Yes,No,No,Month-to-month,Yes,Credit card (automatic),108.99,110.3,Yes,Digital_Streaming_Cohort
DIG3-01126,Female,1,Yes,Yes,12,Yes,No,DSL,No,No,No,No,No,Yes,Two year,No,Electronic check,78.45,924.84,No,Digital_Streaming_Cohort
DIG3-01127,Male,0,Yes,No,10,Yes,Yes,Fiber optic,No,Yes,Yes,Yes,Yes,No,One year,No,Bank transfer (automatic),146.54,1495.55,No,Digital_Streaming_Cohort
DIG3-01128,Female,0,No,No,54,Yes,No,Fiber optic,Yes,No,No,No,Yes,No,Month-to-month,Yes,Credit card (automatic),108.47,6064.09,No,Digital_Streaming_Cohort
DIG3-01129,Female,0,No,No,8,Yes,Yes,DSL,No,Yes,No,No,No,No,Month-to-month,No,Electronic check,94.05,775.97,Yes,Digital_Streaming_Cohort
DIG3-01130,Male,1,Yes,No,17,Yes,Yes,DSL,Yes,No,Yes,No,No,Yes,Month-to-month,Yes,Bank transfer (automatic),113.91,1879.29,Yes,Digital_Streaming_Cohort
DIG3-01131,Male,0,No,No,25,Yes,Yes,Fiber optic,Yes,No,No,Yes,Yes,No,Two year,Yes,Electronic check,136.9,3517.02,No,Digital_Streaming_Cohort
DIG3-01132,Female,0,Yes,No,45,Yes,Yes,DSL,Yes,No,Yes,No,Yes,No,Two year,Yes,Bank transfer (automatic),112.03,4856.56,No,Digital_Streaming_Cohort
DIG3-01133,Female,1,Yes,No,29,Yes,Yes,Fiber optic,Yes,Yes,Yes,No,Yes,Yes,Month-to-month,Yes,Bank transfer (automatic),156.79,4603.7,No,Digital_Streaming_Cohort
DIG3-01134,Female,0,No,Yes,1,Yes,Yes,DSL,No,Yes,No,No,No,No,Month-to-month,No,Bank transfer (automatic),83.8,83.46,No,Digital_Streaming_Cohort
DIG3-01135,Male,0,Yes,No,2,Yes,No,Fiber optic,Yes,Yes,Yes,No,No,Yes,Month-to-month,Yes,Credit card (automatic),135.02,270.58,Yes,Digital_Streaming_Cohort
DIG3-01136,Male,0,Yes,No,52,Yes,No,Fiber optic,Yes,No,Yes,No,Yes,No,Month-to-month,Yes,Electronic check,119.41,6252.71,Yes,Digital_Streaming_Cohort
DIG3-01137,Male,0,No,No,23,Yes,Yes,Fiber optic,No,No,No,Yes,Yes,Yes,Month-to-month,Yes,Credit card (automatic),140.7,3256.9,Yes,Digital_Streaming_Cohort
DIG3-01138,Male,1,No,No,14,Yes,No,DSL,No,Yes,Yes,Yes,Yes,Yes,Month-to-month,Yes,Bank transfer (automatic),125.55,1802.83,Yes,Digital_Streaming_Cohort
DIG3-01139,Female,0,No,No,11,Yes,Yes,Fiber optic,No,Yes,No,No,Yes,Yes,Month-to-month,Yes,Electronic check,137.63,1485.53,Yes,Digital_Streaming_Cohort
DIG3-01140,Female,0,Yes,Yes,72,Yes,No,No,No internet service,No internet service,No internet service,No internet service,No internet service,No internet service,One year,Yes,Bank transfer (automatic),40.58,3007.32,No,Digital_Streaming_Cohort
DIG3-01141,Female,0,No,No,20,Yes,No,Fiber optic,No,No,Yes,No,Yes,Yes,Month-to-month,No,Mailed check,127.15,2473.88,Yes,Digital_Streaming_Cohort
DIG3-01142,Male,1,No,No,54,Yes,No,Fiber optic,Yes,Yes,Yes,No,No,Yes,One year,Yes,Bank transfer (automatic),131.53,7065.34,No,Digital_Streaming_Cohort
DIG3-01143,Male,1,No,No,1,Yes,No,Fiber optic,No,No,No,No,No,Yes,Month-to-month,Yes,Credit card (automatic),99.1,97.11,Yes,Digital_Streaming_Cohort
DIG3-01144,Male,1,No,No,7,Yes,No,Fiber optic,Yes,No,Yes,No,No,No,Month-to-month,Yes,Credit card (automatic),102.41,720.56,No,Digital_Streaming_Cohort
DIG3-01145,Male,0,No,No,17,Yes,Yes,DSL,No,Yes,No,No,Yes,No,Month-to-month,Yes,Credit card (automatic),104.15,1806.68,Yes,Digital_Streaming_Cohort
DIG3-01146,Female,0,No,No,6,Yes,No,Fiber optic,No,Yes,Yes,No,No,Yes,One year,No,Credit card (automatic),118.92,735.58,No,Digital_Streaming_Cohort
DIG3-01147,Male,0,No,No,45,Yes,No,Fiber optic,Yes,No,No,Yes,Yes,Yes,One year,Yes,Bank transfer (automatic),137.61,6309.82,No,Digital_Streaming_Cohort
DIG3-01148,Male,0,No,No,4,Yes,Yes,Fiber optic,No,No,No,No,No,Yes,One year,Yes,Bank transfer (automatic),117.1,478.32,Yes,Digital_Streaming_Cohort
DIG3-01149,Female,0,No,Yes,2,Yes,Yes,DSL,No,Yes,Yes,No,Yes,No,Two year,Yes,Electronic check,117.23,226.88,No,Digital_Streaming_Cohort
DIG3-01150,Male,1,No,No,7,Yes,Yes,Fiber optic,No,Yes,Yes,Yes,Yes,Yes,Month-to-month,No,Credit card (automatic),163.15,1180.13,No,Digital_Streaming_Cohort
DIG3-01151,Female,0,Yes,Yes,4,Yes,No,Fiber optic,No,Yes,Yes,No,No,No,Month-to-month,Yes,Electronic check,102.54,411.51,Yes,Digital_Streaming_Cohort
DIG3-01152,Male,0,No,Yes,17,Yes,No,Fiber optic,No,No,No,No,No,No,Month-to-month,No,Credit card (automatic),91.72,1616.71,Yes,Digital_Streaming_Cohort
DIG3-01153,Male,1,Yes,No,6,Yes,No,Fiber optic,No,No,Yes,Yes,No,Yes,Month-to-month,No,Bank transfer (automatic),116.55,688.85,Yes,Digital_Streaming_Cohort
DIG3-01154,Female,0,No,Yes,72,Yes,No,Fiber optic,No,Yes,No,Yes,No,Yes,Month-to-month,Yes,Electronic check,125.87,8797.27,Yes,Digital_Streaming_Cohort
DIG3-01155,Female,0,No,No,13,Yes,Yes,Fiber optic,Yes,No,No,Yes,Yes,Yes,One year,No,Credit card (automatic),146.85,1895.15,No,Digital_Streaming_Cohort
DIG3-01156,Male,1,No,Yes,45,Yes,Yes,No,No internet service,No internet service,No internet service,No internet service,No internet service,No internet service,Month-to-month,Yes,Bank transfer (automatic),49.01,2135.64,Yes,Digital_Streaming_Cohort
DIG3-01157,Female,0,No,No,9,Yes,Yes,Fiber optic,Yes,Yes,No,No,No,No,One year,Yes,Credit card (automatic),113.25,1030.84,No,Digital_Streaming_Cohort
DIG3-01158,Female,0,No,No,18,Yes,Yes,Fiber optic,No,No,No,Yes,Yes,No,One year,No,Electronic check,124.56,2277.23,No,Digital_Streaming_Cohort
DIG3-01159,Female,1,No,No,7,No,No phone service,Fiber optic,No,Yes,Yes,No,Yes,No,Month-to-month,Yes,Bank transfer (automatic),109.21,740.81,Yes,Digital_Streaming_Cohort
DIG3-01160,Female,0,No,Yes,1,Yes,No,Fiber optic,Yes,Yes,No,No,Yes,No,Month-to-month,Yes,Bank transfer (automatic),115.19,118.22,Yes,Digital_Streaming_Cohort
DIG3-01161,Male,0,No,No,7,Yes,Yes,Fiber optic,Yes,No,No,Yes,No,Yes,Month-to-month,Yes,Credit card (automatic),138.1,995.48,Yes,Digital_Streaming_Cohort
DIG3-01162,Male,0,Yes,No,10,Yes,Yes,Fiber optic,No,Yes,No,No,Yes,Yes,One year,Yes,Bank transfer (automatic),140.94,1357.19,Yes,Digital_Streaming_Cohort
DIG3-01163,Female,0,No,No,10,No,No phone service,Fiber optic,No,Yes,No,Yes,Yes,Yes,One year,Yes,Electronic check,120.65,1213.07,No,Digital_Streaming_Cohort
DIG3-01164,Female,0,No,No,42,Yes,Yes,Fiber optic,Yes,No,Yes,No,Yes,No,Month-to-month,Yes,Bank transfer (automatic),137.14,5902.62,Yes,Digital_Streaming_Cohort
DIG3-01165,Female,0,Yes,No,54,Yes,No,DSL,No,Yes,No,Yes,No,Yes,Month-to-month,Yes,Electronic check,104.49,5747.56,No,Digital_Streaming_Cohort
DIG3-01166,Female,0,No,No,50,No,No phone service,DSL,No,No,No,No,Yes,Yes,Two year,Yes,Electronic check,80.15,4066.42,No,Digital_Streaming_Cohort
DIG3-01167,Female,0,No,No,55,Yes,Yes,No,No internet service,No internet service,No internet service,No internet service,No internet service,No internet service,One year,No,Electronic check,50.05,2826.84,No,Digital_Streaming_Cohort
DIG3-01168,Male,0,No,No,3,No,No phone service,Fiber optic,Yes,Yes,No,No,Yes,Yes,One year,Yes,Mailed check,128.45,395.81,Yes,Digital_Streaming_Cohort
DIG3-01169,Female,0,No,No,38,Yes,No,Fiber optic,No,No,No,Yes,Yes,Yes,Month-to-month,Yes,Electronic check,123.88,4596.75,No,Digital_Streaming_Cohort
DIG3-01170,Female,0,No,No,29,Yes,Yes,DSL,No,No,No,Yes,Yes,Yes,Month-to-month,Yes,Credit card (automatic),114.97,3234.94,No,Digital_Streaming_Cohort
DIG3-01171,Female,0,No,No,17,Yes,No,DSL,No,No,Yes,No,Yes,Yes,One year,No,Electronic check,107.77,1857.55,Yes,Digital_Streaming_Cohort
DIG3-01172,Female,0,No,No,26,Yes,Yes,Fiber optic,Yes,Yes,Yes,No,Yes,Yes,Month-to-month,Yes,Bank transfer (automatic),158.4,4078.18,Yes,Digital_Streaming_Cohort
DIG3-01173,Male,0,No,No,12,No,No phone service,Fiber optic,No,Yes,Yes,No,Yes,Yes,Two year,Yes,Credit card (automatic),120.4,1488.96,No,Digital_Streaming_Cohort
DIG3-01174,Female,0,No,No,32,Yes,No,Fiber optic,Yes,Yes,No,No,Yes,Yes,Month-to-month,Yes,Bank transfer (automatic),134.78,4354.16,No,Digital_Streaming_Cohort
DIG3-01175,Male,0,No,No,61,Yes,Yes,DSL,Yes,No,Yes,No,No,Yes,Month-to-month,Yes,Credit card (automatic),116.88,7089.08,Yes,Digital_Streaming_Cohort
DIG3-01176,Male,0,Yes,Yes,1,No,No phone service,DSL,Yes,No,Yes,No,No,No,One year,Yes,Credit card (automatic),73.62,72.7,Yes,Digital_Streaming_Cohort
DIG3-01177,Male,0,Yes,No,10,Yes,No,DSL,Yes,No,No,Yes,Yes,Yes,Month-to-month,Yes,Credit card (automatic),117.08,1163.9,Yes,Digital_Streaming_Cohort
DIG3-01178,Male,0,No,Yes,34,Yes,Yes,Fiber optic,Yes,No,No,Yes,No,No,Month-to-month,No,Electronic check,117.15,3824.02,Yes,Digital_Streaming_Cohort
DIG3-01179,Female,1,No,No,24,Yes,Yes,No,No internet service,No internet service,No internet service,No internet service,No internet service,No internet service,Month-to-month,Yes,Electronic check,51.83,1216.39,Yes,Digital_Streaming_Cohort
DIG3-01180,Female,0,Yes,No,12,Yes,Yes,Fiber optic,No,Yes,No,Yes,No,No,Month-to-month,Yes,Bank transfer (automatic),114.4,1392.46,No,Digital_Streaming_Cohort
DIG3-01181,Female,1,No,No,16,Yes,No,Fiber optic,Yes,Yes,Yes,No,Yes,Yes,Month-to-month,Yes,Credit card (automatic),144.83,2368.32,Yes,Digital_Streaming_Cohort
DIG3-01182,Female,0,Yes,Yes,19,Yes,Yes,No,No internet service,No internet service,No internet service,No internet service,No internet service,No internet service,One year,Yes,Credit card (automatic),50.91,929.74,Yes,Digital_Streaming_Cohort
DIG3-01183,Male,0,Yes,No,65,Yes,No,Fiber optic,Yes,Yes,Yes,No,Yes,Yes,One year,No,Credit card (automatic),144.33,9239.56,No,Digital_Streaming_Cohort
DIG3-01184,Male,0,Yes,No,19,Yes,Yes,DSL,No,No,Yes,Yes,Yes,Yes,Month-to-month,Yes,Electronic check,130.73,2528.76,Yes,Digital_Streaming_Cohort
DIG3-01185,Female,1,Yes,No,3,No,No phone service,Fiber optic,No,No,Yes,Yes,No,No,One year,Yes,Electronic check,94.9,278.29,Yes,Digital_Streaming_Cohort
DIG3-01186,Female,0,Yes,No,8,Yes,Yes,Fiber optic,No,No,No,Yes,No,Yes,Month-to-month,Yes,Credit card (automatic),125.15,982.38,Yes,Digital_Streaming_Cohort
DIG3-01187,Male,0,Yes,No,6,Yes,Yes,DSL,No,No,No,Yes,No,Yes,One year,No,Credit card (automatic),101.07,617.94,No,Digital_Streaming_Cohort
DIG3-01188,Male,0,No,Yes,9,No,No phone service,DSL,Yes,Yes,Yes,Yes,Yes,No,One year,Yes,Credit card (automatic),110.63,972.72,No,Digital_Streaming_Cohort
DIG3-01189,Male,0,No,No,42,Yes,No,DSL,No,No,Yes,No,No,No,One year,Yes,Electronic check,75.09,3217.36,No,Digital_Streaming_Cohort
DIG3-01190,Male,0,No,No,6,Yes,No,Fiber optic,No,Yes,Yes,Yes,No,No,One year,No,Electronic check,113.54,694.9,No,Digital_Streaming_Cohort
DIG3-01191,Female,0,Yes,No,23,No,No phone service,Fiber optic,No,No,No,No,No,Yes,One year,Yes,Bank transfer (automatic),96.39,2189.42,Yes,Digital_Streaming_Cohort
DIG3-01192,Male,0,No,No,13,Yes,No,Fiber optic,Yes,No,Yes,No,No,No,One year,Yes,Electronic check,105.2,1415.05,No,Digital_Streaming_Cohort
DIG3-01193,Male,0,No,No,46,Yes,No,Fiber optic,No,No,Yes,Yes,No,Yes,One year,No,Credit card (automatic),117.23,5428.09,No,Digital_Streaming_Cohort
DIG3-01194,Female,0,No,Yes,10,Yes,Yes,No,No internet service,No internet service,No internet service,No internet service,No internet service,No internet service,One year,No,Mailed check,48.81,477.19,Yes,Digital_Streaming_Cohort
DIG3-01195,Female,0,No,Yes,3,Yes,No,DSL,Yes,Yes,No,Yes,No,Yes,One year,No,Bank transfer (automatic),112.17,343.48,No,Digital_Streaming_Cohort
DIG3-01196,Female,0,Yes,Yes,2,Yes,Yes,Fiber optic,No,Yes,Yes,Yes,No,No,Month-to-month,No,Electronic check,127.92,247.95,Yes,Digital_Streaming_Cohort
DIG3-01197,Female,0,No,No,4,Yes,Yes,DSL,Yes,Yes,No,Yes,Yes,Yes,Two year,No,Bank transfer (automatic),145.46,587.83,No,Digital_Streaming_Cohort
DIG3-01198,Male,0,No,Yes,11,No,No phone service,Fiber optic,No,Yes,Yes,No,No,Yes,Month-to-month,Yes,Electronic check,107.49,1151.92,Yes,Digital_Streaming_Cohort
DIG3-01199,Male,0,No,No,10,Yes,Yes,DSL,Yes,No,No,No,Yes,No,Month-to-month,No,Electronic check,101.63,1041.43,Yes,Digital_Streaming_Cohort
DIG3-01200,Male,0,No,Yes,26,Yes,No,Fiber optic,No,No,No,Yes,Yes,Yes,Month-to-month,No,Electronic check,126.89,3212.54,Yes,Digital_Streaming_Cohort
DIG3-01201,Female,0,Yes,No,72,Yes,Yes,DSL,No,No,Yes,No,Yes,No,One year,Yes,Bank transfer (automatic),102.36,7458.4,No,Digital_Streaming_Cohort
DIG3-01202,Female,0,Yes,No,6,No,No phone service,Fiber optic,Yes,Yes,No,No,No,Yes,Month-to-month,Yes,Bank transfer (automatic),105.66,648.53,No,Digital_Streaming_Cohort
DIG3-01203,Female,0,No,Yes,59,No,No phone service,Fiber optic,No,Yes,No,No,Yes,Yes,Month-to-month,Yes,Bank transfer (automatic),116.78,7068.23,Yes,Digital_Streaming_Cohort
DIG3-01204,Male,0,No,Yes,39,Yes,Yes,Fiber optic,Yes,Yes,Yes,Yes,Yes,Yes,Month-to-month,Yes,Credit card (automatic),169.35,6810.67,No,Digital_Streaming_Cohort
DIG3-01205,Male,0,No,No,30,No,No phone service,Fiber optic,Yes,No,No,No,Yes,Yes,One year,Yes,Credit card (automatic),113.4,3484.9,No,Digital_Streaming_Cohort
DIG3-01206,Male,1,No,No,6,Yes,No,DSL,No,Yes,No,No,No,No,One year,No,Credit card (automatic),77.1,478.74,Yes,Digital_Streaming_Cohort
DIG3-01207,Female,0,No,No,48,No,No phone service,Fiber optic,Yes,Yes,Yes,Yes,No,No,Month-to-month,Yes,Electronic check,118.9,5857.31,No,Digital_Streaming_Cohort
DIG3-01208,Female,0,No,No,72,Yes,No,DSL,No,Yes,Yes,Yes,Yes,Yes,Month-to-month,Yes,Electronic check,124.87,8982.82,No,Digital_Streaming_Cohort
DIG3-01209,Male,0,No,Yes,71,No,No phone service,Fiber optic,Yes,Yes,Yes,No,No,No,Month-to-month,Yes,Electronic check,100.11,7344.36,No,Digital_Streaming_Cohort
DIG3-01210,Female,0,No,No,10,Yes,Yes,DSL,Yes,Yes,Yes,Yes,Yes,Yes,One year,Yes,Mailed check,154.74,1490.14,No,Digital_Streaming_Cohort
DIG3-01211,Female,0,No,No,10,No,No phone service,Fiber optic,Yes,Yes,No,No,Yes,Yes,Month-to-month,No,Mailed check,127.46,1228.7,Yes,Digital_Streaming_Cohort
DIG3-01212,Female,0,Yes,No,1,Yes,No,Fiber optic,No,Yes,Yes,Yes,No,No,Month-to-month,No,Bank transfer (automatic),118.1,121.15,No,Digital_Streaming_Cohort
DIG3-01213,Female,0,Yes,Yes,19,Yes,No,Fiber optic,Yes,No,Yes,No,Yes,No,One year,Yes,Electronic check,116.47,2142.39,No,Digital_Streaming_Cohort
DIG3-01214,Female,1,Yes,No,4,No,No phone service,Fiber optic,No,No,Yes,No,No,No,Month-to-month,No,Credit card (automatic),87.62,360.87,No,Digital_Streaming_Cohort
DIG3-01215,Male,0,Yes,No,22,Yes,Yes,Fiber optic,Yes,No,Yes,No,No,Yes,Month-to-month,Yes,Electronic check,131.59,2843.61,No,Digital_Streaming_Cohort
DIG3-01216,Male,0,No,Yes,19,No,No phone service,Fiber optic,No,No,No,Yes,Yes,Yes,Month-to-month,No,Credit card (automatic),118.67,2234.68,No,Digital_Streaming_Cohort
DIG3-01217,Female,0,No,No,6,No,No phone service,Fiber optic,No,No,No,No,No,Yes,Month-to-month,Yes,Bank transfer (automatic),94.18,547.04,Yes,Digital_Streaming_Cohort
DIG3-01218,Male,0,No,No,43,Yes,No,Fiber optic,Yes,No,No,No,No,Yes,Month-to-month,Yes,Credit card (automatic),109.72,4563.12,No,Digital_Streaming_Cohort
DIG3-01219,Male,0,Yes,Yes,17,Yes,No,Fiber optic,Yes,No,No,No,Yes,Yes,One year,Yes,Electronic check,124.92,2042.08,Yes,Digital_Streaming_Cohort
DIG3-01220,Male,0,No,No,19,Yes,Yes,DSL,Yes,No,No,No,Yes,No,One year,No,Credit card (automatic),109.33,1998.47,Yes,Digital_Streaming_Cohort
DIG3-01221,Female,0,Yes,No,33,Yes,Yes,Fiber optic,No,Yes,No,Yes,Yes,Yes,Two year,Yes,Bank transfer (automatic),149.41,5053.26,Yes,Digital_Streaming_Cohort
DIG3-01222,Male,0,No,No,9,No,No phone service,DSL,No,No,Yes,No,Yes,Yes,One year,No,Credit card (automatic),91.63,837.88,No,Digital_Streaming_Cohort
DIG3-01223,Female,0,No,No,14,No,No phone service,Fiber optic,No,No,No,Yes,Yes,Yes,Two year,Yes,Electronic check,122.64,1689.92,No,Digital_Streaming_Cohort
DIG3-01224,Female,0,No,Yes,16,Yes,Yes,DSL,Yes,Yes,Yes,Yes,No,No,Month-to-month,Yes,Credit card (automatic),126.1,2037.05,No,Digital_Streaming_Cohort
DIG3-01225,Female,0,Yes,No,48,Yes,Yes,Fiber optic,Yes,No,No,Yes,Yes,Yes,One year,Yes,Bank transfer (automatic),150.76,6964.84,Yes,Digital_Streaming_Cohort
DIG3-01226,Female,0,Yes,Yes,31,Yes,No,Fiber optic,No,Yes,Yes,Yes,Yes,No,Month-to-month,No,Bank transfer (automatic),133.62,4169.53,Yes,Digital_Streaming_Cohort
DIG3-01227,Female,0,No,No,16,Yes,Yes,Fiber optic,Yes,Yes,No,Yes,No,No,One year,No,Electronic check,125.48,2066.97,Yes,Digital_Streaming_Cohort
DIG3-01228,Female,0,No,No,54,Yes,No,Fiber optic,No,No,No,Yes,No,Yes,Month-to-month,Yes,Bank transfer (automatic),106.51,5881.57,No,Digital_Streaming_Cohort
DIG3-01229,Male,0,No,No,6,Yes,Yes,Fiber optic,No,Yes,No,No,Yes,Yes,Two year,No,Credit card (automatic),139.86,858.61,No,Digital_Streaming_Cohort
DIG3-01230,Male,0,Yes,Yes,72,Yes,No,Fiber optic,Yes,No,Yes,No,No,Yes,Month-to-month,No,Credit card (automatic),124.34,9191.68,Yes,Digital_Streaming_Cohort
DIG3-01231,Female,0,No,Yes,14,Yes,No,Fiber optic,No,No,Yes,Yes,Yes,Yes,Month-to-month,Yes,Credit card (automatic),136.61,1984.83,No,Digital_Streaming_Cohort
DIG3-01232,Female,0,No,No,1,Yes,No,Fiber optic,Yes,Yes,Yes,Yes,Yes,Yes,Month-to-month,No,Mailed check,155.4,155.46,Yes,Digital_Streaming_Cohort
DIG3-01233,Male,0,No,No,2,Yes,No,Fiber optic,Yes,No,No,Yes,No,No,Month-to-month,Yes,Electronic check,108.16,221.98,Yes,Digital_Streaming_Cohort
DIG3-01234,Male,0,No,No,2,Yes,No,Fiber optic,Yes,Yes,Yes,Yes,Yes,No,Month-to-month,Yes,Mailed check,137.88,267.76,No,Digital_Streaming_Cohort
DIG3-01235,Male,0,Yes,No,27,Yes,No,Fiber optic,Yes,No,Yes,No,No,Yes,One year,No,Credit card (automatic),120.22,3203.45,No,Digital_Streaming_Cohort
DIG3-01236,Female,0,Yes,No,43,Yes,Yes,Fiber optic,No,No,No,Yes,Yes,Yes,Month-to-month,No,Bank transfer (automatic),141.34,5959.47,No,Digital_Streaming_Cohort
DIG3-01237,Female,0,Yes,No,17,Yes,No,Fiber optic,Yes,Yes,No,No,Yes,Yes,Month-to-month,Yes,Mailed check,131.7,2292.84,Yes,Digital_Streaming_Cohort
DIG3-01238,Female,0,No,No,20,Yes,Yes,Fiber optic,Yes,Yes,No,No,Yes,Yes,Month-to-month,No,Credit card (automatic),155.72,3106.99,Yes,Digital_Streaming_Cohort
DIG3-01239,Female,0,Yes,No,3,Yes,No,No,No internet service,No internet service,No internet service,No internet service,No internet service,No internet service,One year,No,Electronic check,32.61,99.25,No,Digital_Streaming_Cohort
DIG3-01240,Male,1,No,Yes,27,Yes,No,Fiber optic,Yes,No,No,No,No,No,Month-to-month,Yes,Electronic check,95.26,2530.24,Yes,Digital_Streaming_Cohort
DIG3-01241,Male,0,No,Yes,31,Yes,Yes,DSL,No,Yes,No,No,Yes,Yes,One year,Yes,Bank transfer (automatic),123.89,3928.94,No,Digital_Streaming_Cohort
DIG3-01242,Male,0,No,No,11,Yes,No,Fiber optic,No,No,Yes,No,Yes,No,Month-to-month,Yes,Electronic check,110.43,1219.82,Yes,Digital_Streaming_Cohort
DIG3-01243,Male,0,No,No,20,Yes,No,Fiber optic,No,Yes,No,Yes,Yes,Yes,Month-to-month,Yes,Bank transfer (automatic),141.13,2765.83,Yes,Digital_Streaming_Cohort
DIG3-01244,Female,0,No,No,7,Yes,Yes,Fiber optic,Yes,Yes,Yes,Yes,No,Yes,Month-to-month,Yes,Bank transfer (automatic),151.53,1027.01,Yes,Digital_Streaming_Cohort
DIG3-01245,Female,0,No,No,3,Yes,No,DSL,No,Yes,Yes,Yes,Yes,Yes,Two year,Yes,Mailed check,129.25,393.19,No,Digital_Streaming_Cohort
DIG3-01246,Male,0,No,No,10,Yes,Yes,DSL,Yes,No,No,No,No,No,Two year,No,Electronic check,85.22,874.81,Yes,Digital_Streaming_Cohort
DIG3-01247,Female,0,No,Yes,6,Yes,No,DSL,No,No,Yes,No,Yes,Yes,Month-to-month,Yes,Credit card (automatic),101.67,613.27,Yes,Digital_Streaming_Cohort
DIG3-01248,Female,0,No,Yes,15,No,No phone service,DSL,Yes,Yes,No,No,Yes,Yes,One year,Yes,Electronic check,103.03,1585.34,No,Digital_Streaming_Cohort
DIG3-01249,Male,0,No,No,3,Yes,Yes,Fiber optic,Yes,Yes,No,Yes,No,No,One year,Yes,Electronic check,128.0,378.4,No,Digital_Streaming_Cohort
DIG3-01250,Female,0,No,Yes,14,Yes,Yes,Fiber optic,No,No,No,No,Yes,Yes,Month-to-month,Yes,Electronic check,129.41,1860.54,Yes,Digital_Streaming_Cohort
DIG3-01251,Female,0,No,No,72,Yes,Yes,No,No internet service,No internet service,No internet service,No internet service,No internet service,No internet service,One year,No,Credit card (automatic),50.37,3661.09,No,Digital_Streaming_Cohort
DIG3-01252,Female,0,No,No,2,No,No phone service,Fiber optic,Yes,Yes,Yes,No,Yes,No,Month-to-month,Yes,Bank transfer (automatic),122.47,254.25,Yes,Digital_Streaming_Cohort
DIG3-01253,Female,1,No,Yes,32,Yes,Yes,Fiber optic,No,No,No,No,Yes,Yes,Month-to-month,Yes,Credit card (automatic),134.93,4213.81,Yes,Digital_Streaming_Cohort
DIG3-01254,Male,1,Yes,No,2,Yes,Yes,DSL,No,Yes,Yes,No,Yes,Yes,Two year,Yes,Credit card (automatic),128.67,259.91,No,Digital_Streaming_Cohort
DIG3-01255,Female,0,No,No,22,Yes,No,Fiber optic,No,No,No,Yes,Yes,No,Month-to-month,Yes,Bank transfer (automatic),108.8,2404.64,Yes,Digital_Streaming_Cohort
DIG3-01256,Male,0,No,No,10,Yes,Yes,Fiber optic,No,No,Yes,Yes,No,Yes,One year,Yes,Credit card (automatic),135.0,1304.45,No,Digital_Streaming_Cohort
DIG3-01257,Male,0,Yes,Yes,18,Yes,Yes,No,No internet service,No internet service,No internet service,No internet service,No internet service,No internet service,Month-to-month,Yes,Credit card (automatic),52.6,972.9,No,Digital_Streaming_Cohort
DIG3-01258,Male,0,No,Yes,34,Yes,No,No,No internet service,No internet service,No internet service,No internet service,No internet service,No internet service,Month-to-month,Yes,Electronic check,35.03,1173.68,Yes,Digital_Streaming_Cohort
DIG3-01259,Female,1,No,Yes,18,Yes,No,DSL,Yes,No,No,No,No,No,Two year,Yes,Bank transfer (automatic),73.32,1339.87,No,Digital_Streaming_Cohort
DIG3-01260,Male,0,Yes,No,18,Yes,Yes,Fiber optic,No,Yes,Yes,Yes,No,Yes,One year,No,Credit card (automatic),150.61,2816.28,No,Digital_Streaming_Cohort
DIG3-01261,Female,0,Yes,No,13,No,No phone service,Fiber optic,Yes,No,No,Yes,Yes,Yes,Two year,Yes,Electronic check,122.97,1640.19,No,Digital_Streaming_Cohort
DIG3-01262,Male,0,No,No,42,Yes,No,Fiber optic,No,Yes,Yes,Yes,Yes,Yes,One year,Yes,Credit card (automatic),146.1,6126.44,Yes,Digital_Streaming_Cohort
DIG3-01263,Male,0,Yes,Yes,19,No,No phone service,Fiber optic,Yes,Yes,Yes,Yes,No,Yes,Month-to-month,Yes,Credit card (automatic),128.18,2457.27,No,Digital_Streaming_Cohort
DIG3-01264,Male,1,Yes,No,38,Yes,Yes,Fiber optic,Yes,Yes,No,Yes,No,No,Month-to-month,No,Credit card (automatic),127.15,4922.86,Yes,Digital_Streaming_Cohort
DIG3-01265,Male,0,No,No,42,Yes,Yes,DSL,Yes,Yes,Yes,Yes,No,Yes,Month-to-month,Yes,Electronic check,131.71,5531.13,No,Digital_Streaming_Cohort
DIG3-01266,Female,1,No,Yes,26,No,No phone service,DSL,Yes,Yes,No,No,No,No,Month-to-month,Yes,Electronic check,72.59,1949.12,No,Digital_Streaming_Cohort
DIG3-01267,Female,0,No,No,43,Yes,No,Fiber optic,Yes,Yes,No,No,No,Yes,One year,Yes,Bank transfer (automatic),123.83,5461.1,No,Digital_Streaming_Cohort
DIG3-01268,Male,0,No,No,7,Yes,No,No,No internet service,No internet service,No internet service,No internet service,No internet service,No internet service,Month-to-month,Yes,Bank transfer (automatic),35.63,247.4,Yes,Digital_Streaming_Cohort
DIG3-01269,Male,0,Yes,No,3,No,No phone service,Fiber optic,No,Yes,No,No,Yes,No,Month-to-month,Yes,Mailed check,99.22,300.2,Yes,Digital_Streaming_Cohort
DIG3-01270,Female,0,Yes,No,13,Yes,Yes,Fiber optic,No,No,No,No,Yes,Yes,One year,Yes,Credit card (automatic),130.28,1638.58,Yes,Digital_Streaming_Cohort
DIG3-01271,Male,0,Yes,Yes,12,No,No phone service,Fiber optic,Yes,Yes,Yes,No,Yes,Yes,Two year,Yes,Bank transfer (automatic),137.32,1675.53,Yes,Digital_Streaming_Cohort
DIG3-01272,Male,0,Yes,No,42,Yes,Yes,Fiber optic,No,Yes,No,Yes,Yes,No,Month-to-month,No,Electronic check,140.12,5786.77,No,Digital_Streaming_Cohort
DIG3-01273,Female,0,No,No,2,Yes,Yes,Fiber optic,No,No,No,No,No,Yes,One year,Yes,Credit card (automatic),117.53,226.6,Yes,Digital_Streaming_Cohort
DIG3-01274,Female,0,No,No,27,Yes,Yes,Fiber optic,Yes,Yes,Yes,No,Yes,Yes,Month-to-month,Yes,Electronic check,154.76,4228.64,No,Digital_Streaming_Cohort
DIG3-01275,Male,0,No,No,26,Yes,No,DSL,No,No,Yes,No,Yes,Yes,One year,Yes,Credit card (automatic),107.4,2885.13,Yes,Digital_Streaming_Cohort
DIG3-01276,Male,0,No,No,10,Yes,No,DSL,Yes,Yes,No,No,Yes,No,One year,Yes,Electronic check,100.58,1021.8,Yes,Digital_Streaming_Cohort
DIG3-01277,Male,0,No,No,70,Yes,Yes,DSL,Yes,Yes,Yes,No,No,Yes,Month-to-month,Yes,Electronic check,128.05,9057.14,Yes,Digital_Streaming_Cohort
DIG3-01278,Female,0,Yes,No,1,Yes,No,DSL,Yes,Yes,Yes,No,Yes,Yes,One year,Yes,Bank transfer (automatic),126.62,123.28,Yes,Digital_Streaming_Cohort
DIG3-01279,Male,0,No,No,31,Yes,Yes,Fiber optic,Yes,Yes,Yes,Yes,Yes,Yes,Month-to-month,Yes,Electronic check,173.76,5541.75,No,Digital_Streaming_Cohort
DIG3-01280,Male,0,Yes,No,9,No,No phone service,Fiber optic,Yes,No,Yes,No,Yes,No,Two year,Yes,Bank transfer (automatic),107.56,972.95,No,Digital_Streaming_Cohort
DIG3-01281,Female,0,Yes,No,1,Yes,Yes,DSL,Yes,Yes,Yes,Yes,No,No,Month-to-month,Yes,Credit card (automatic),119.59,118.91,Yes,Digital_Streaming_Cohort
DIG3-01282,Male,0,No,No,3,Yes,Yes,DSL,Yes,Yes,Yes,No,Yes,Yes,Month-to-month,Yes,Bank transfer (automatic),143.66,437.3,No,Digital_Streaming_Cohort
DIG3-01283,Female,0,Yes,No,17,Yes,No,Fiber optic,Yes,Yes,Yes,Yes,Yes,Yes,Month-to-month,No,Electronic check,159.94,2674.14,Yes,Digital_Streaming_Cohort
DIG3-01284,Female,1,No,No,12,Yes,No,Fiber optic,Yes,No,No,Yes,No,No,Month-to-month,Yes,Credit card (automatic),104.25,1299.57,No,Digital_Streaming_Cohort
DIG3-01285,Male,0,No,Yes,9,Yes,Yes,Fiber optic,Yes,No,No,No,Yes,Yes,Month-to-month,No,Credit card (automatic),137.53,1199.1,Yes,Digital_Streaming_Cohort
DIG3-01286,Female,0,Yes,No,1,Yes,Yes,DSL,Yes,Yes,Yes,No,Yes,Yes,Month-to-month,No,Credit card (automatic),142.29,145.77,Yes,Digital_Streaming_Cohort
DIG3-01287,Male,0,Yes,Yes,1,Yes,Yes,Fiber optic,Yes,Yes,No,Yes,Yes,Yes,Month-to-month,Yes,Bank transfer (automatic),155.4,155.12,Yes,Digital_Streaming_Cohort
DIG3-01288,Female,0,Yes,No,58,Yes,Yes,Fiber optic,Yes,Yes,Yes,Yes,No,No,One year,Yes,Credit card (automatic),137.73,8215.02,No,Digital_Streaming_Cohort
DIG3-01289,Female,1,No,No,26,Yes,Yes,Fiber optic,No,Yes,Yes,No,No,No,One year,Yes,Credit card (automatic),116.19,3112.08,Yes,Digital_Streaming_Cohort
DIG3-01290,Female,0,No,Yes,15,Yes,Yes,Fiber optic,Yes,No,Yes,Yes,No,Yes,Month-to-month,Yes,Electronic check,146.0,2249.25,Yes,Digital_Streaming_Cohort
DIG3-01291,Male,0,No,No,7,Yes,No,Fiber optic,No,Yes,Yes,No,No,Yes,Two year,Yes,Mailed check,120.29,869.61,No,Digital_Streaming_Cohort
DIG3-01292,Male,0,No,No,2,No,No phone service,Fiber optic,No,Yes,No,Yes,Yes,Yes,One year,Yes,Credit card (automatic),125.01,256.25,No,Digital_Streaming_Cohort
DIG3-01293,Male,1,Yes,No,72,Yes,No,Fiber optic,No,Yes,Yes,No,No,Yes,One year,Yes,Bank transfer (automatic),115.66,8317.61,No,Digital_Streaming_Cohort
DIG3-01294,Female,0,Yes,No,17,Yes,Yes,Fiber optic,Yes,Yes,No,No,No,Yes,Month-to-month,No,Credit card (automatic),138.28,2298.16,No,Digital_Streaming_Cohort
DIG3-01295,Female,0,Yes,Yes,5,Yes,Yes,Fiber optic,Yes,Yes,Yes,Yes,Yes,Yes,One year,Yes,Credit card (automatic),175.7,848.46,Yes,Digital_Streaming_Cohort
DIG3-01296,Male,0,No,No,59,Yes,No,Fiber optic,No,Yes,No,No,No,No,Month-to-month,Yes,Electronic check,91.48,5471.88,No,Digital_Streaming_Cohort
DIG3-01297,Female,0,No,No,8,Yes,No,Fiber optic,Yes,No,No,No,No,Yes,Month-to-month,Yes,Credit card (automatic),111.77,897.07,Yes,Digital_Streaming_Cohort
DIG3-01298,Male,1,No,No,19,Yes,No,No,No internet service,No internet service,No internet service,No internet service,No internet service,No internet service,Month-to-month,Yes,Electronic check,39.17,761.29,No,Digital_Streaming_Cohort
DIG3-01299,Male,0,Yes,Yes,16,Yes,No,Fiber optic,Yes,No,Yes,No,Yes,No,Month-to-month,Yes,Bank transfer (automatic),123.45,1996.34,No,Digital_Streaming_Cohort
DIG3-01300,Female,0,Yes,No,53,Yes,Yes,DSL,Yes,Yes,No,No,Yes,No,One year,Yes,Credit card (automatic),117.68,6102.78,Yes,Digital_Streaming_Cohort
DIG3-01301,Male,0,Yes,No,5,Yes,Yes,Fiber optic,Yes,No,No,Yes,No,Yes,Month-to-month,No,Credit card (automatic),139.02,716.87,No,Digital_Streaming_Cohort
DIG3-01302,Male,0,No,Yes,22,Yes,No,Fiber optic,Yes,No,Yes,No,Yes,Yes,Two year,No,Credit card (automatic),140.63,3040.94,No,Digital_Streaming_Cohort
DIG3-01303,Male,0,Yes,No,36,Yes,Yes,Fiber optic,Yes,Yes,No,No,Yes,Yes,Two year,Yes,Mailed check,153.35,5364.47,No,Digital_Streaming_Cohort
DIG3-01304,Male,0,Yes,No,10,Yes,Yes,DSL,No,No,Yes,Yes,No,Yes,Month-to-month,No,Electronic check,111.48,1137.74,Yes,Digital_Streaming_Cohort
DIG3-01305,Male,0,Yes,No,20,Yes,No,No,No internet service,No internet service,No internet service,No internet service,No internet service,No internet service,Month-to-month,No,Electronic check,34.83,674.65,No,Digital_Streaming_Cohort
DIG3-01306,Male,0,Yes,Yes,59,Yes,No,Fiber optic,No,Yes,No,No,No,Yes,Month-to-month,No,Bank transfer (automatic),110.49,6759.83,No,Digital_Streaming_Cohort
DIG3-01307,Male,0,No,Yes,18,Yes,No,Fiber optic,No,No,Yes,No,No,Yes,One year,No,Credit card (automatic),112.24,1959.41,No,Digital_Streaming_Cohort
DIG3-01308,Male,0,Yes,No,27,Yes,No,Fiber optic,Yes,Yes,No,No,No,Yes,Month-to-month,Yes,Electronic check,122.84,3235.0,No,Digital_Streaming_Cohort
DIG3-01309,Male,0,No,No,12,Yes,Yes,Fiber optic,Yes,Yes,Yes,Yes,Yes,No,Two year,Yes,Electronic check,153.92,1790.79,No,Digital_Streaming_Cohort
DIG3-01310,Male,0,No,No,14,Yes,Yes,DSL,Yes,No,No,No,No,Yes,Month-to-month,No,Electronic check,103.64,1496.86,Yes,Digital_Streaming_Cohort
DIG3-01311,Male,0,No,No,4,Yes,Yes,DSL,No,Yes,No,No,Yes,No,Month-to-month,No,Electronic check,103.17,407.62,Yes,Digital_Streaming_Cohort
DIG3-01312,Female,0,Yes,No,10,Yes,Yes,DSL,Yes,Yes,Yes,Yes,Yes,No,Two year,Yes,Electronic check,134.91,1335.76,Yes,Digital_Streaming_Cohort
DIG3-01313,Female,0,No,No,42,Yes,Yes,Fiber optic,No,Yes,Yes,Yes,No,No,One year,Yes,Mailed check,126.87,5413.29,No,Digital_Streaming_Cohort
DIG3-01314,Male,0,No,Yes,16,Yes,No,Fiber optic,No,Yes,No,Yes,No,No,Month-to-month,No,Credit card (automatic),108.08,1704.68,Yes,Digital_Streaming_Cohort
DIG3-01315,Female,0,Yes,No,30,No,No phone service,Fiber optic,No,No,No,Yes,Yes,Yes,Month-to-month,Yes,Credit card (automatic),111.67,3309.27,Yes,Digital_Streaming_Cohort
DIG3-01316,Male,0,Yes,No,19,Yes,Yes,Fiber optic,No,Yes,Yes,Yes,No,Yes,Two year,Yes,Bank transfer (automatic),142.53,2624.66,No,Digital_Streaming_Cohort
DIG3-01317,Male,1,No,Yes,16,Yes,No,DSL,Yes,Yes,No,No,No,Yes,Two year,Yes,Credit card (automatic),98.17,1542.82,No,Digital_Streaming_Cohort
DIG3-01318,Male,0,No,No,52,Yes,Yes,Fiber optic,Yes,Yes,Yes,No,No,Yes,Two year,Yes,Credit card (automatic),147.11,7719.95,No,Digital_Streaming_Cohort
DIG3-01319,Male,0,No,No,8,Yes,No,DSL,No,Yes,Yes,Yes,Yes,Yes,One year,No,Bank transfer (automatic),124.75,998.34,No,Digital_Streaming_Cohort
DIG3-01320,Male,0,Yes,No,2,Yes,Yes,DSL,Yes,No,No,Yes,Yes,No,Month-to-month,No,Bank transfer (automatic),110.2,221.53,Yes,Digital_Streaming_Cohort
DIG3-01321,Female,0,No,Yes,29,No,No phone service,Fiber optic,No,No,Yes,Yes,No,Yes,Month-to-month,No,Mailed check,110.21,3119.64,No,Digital_Streaming_Cohort
DIG3-01322,Female,0,No,No,72,Yes,No,DSL,Yes,Yes,Yes,Yes,No,No,One year,Yes,Mailed check,105.19,7806.24,No,Digital_Streaming_Cohort
DIG3-01323,Male,0,No,No,67,Yes,No,DSL,No,Yes,Yes,Yes,No,No,Two year,Yes,Credit card (automatic),91.19,6181.34,No,Digital_Streaming_Cohort
DIG3-01324,Male,0,No,Yes,1,No,No phone service,Fiber optic,Yes,Yes,Yes,Yes,Yes,Yes,Month-to-month,No,Credit card (automatic),141.99,144.04,Yes,Digital_Streaming_Cohort
DIG3-01325,Female,0,No,No,12,No,No phone service,Fiber optic,Yes,No,Yes,No,No,Yes,Month-to-month,No,Credit card (automatic),110.89,1348.99,Yes,Digital_Streaming_Cohort
DIG3-01326,Male,0,No,No,18,Yes,No,Fiber optic,No,No,No,No,Yes,Yes,Month-to-month,No,Credit card (automatic),114.94,2077.93,Yes,Digital_Streaming_Cohort
DIG3-01327,Female,0,No,No,39,No,No phone service,Fiber optic,No,No,No,Yes,Yes,Yes,Month-to-month,No,Electronic check,119.0,4641.03,No,Digital_Streaming_Cohort
DIG3-01328,Male,0,No,No,71,Yes,No,Fiber optic,Yes,No,Yes,No,No,No,Month-to-month,No,Electronic check,105.65,7386.9,Yes,Digital_Streaming_Cohort
DIG3-01329,Male,0,Yes,No,27,No,No phone service,Fiber optic,No,Yes,No,No,Yes,Yes,One year,Yes,Mailed check,114.34,2967.0,No,Digital_Streaming_Cohort
DIG3-01330,Male,0,Yes,No,5,Yes,No,Fiber optic,No,No,No,Yes,No,Yes,Month-to-month,Yes,Electronic check,106.46,542.39,Yes,Digital_Streaming_Cohort
DIG3-01331,Female,0,No,Yes,2,Yes,Yes,Fiber optic,No,Yes,No,No,Yes,No,Month-to-month,Yes,Credit card (automatic),128.3,248.64,Yes,Digital_Streaming_Cohort
DIG3-01332,Male,0,Yes,No,9,Yes,No,Fiber optic,No,No,No,No,Yes,Yes,Month-to-month,Yes,Credit card (automatic),116.25,1040.99,No,Digital_Streaming_Cohort
DIG3-01333,Male,0,No,Yes,39,Yes,Yes,Fiber optic,No,Yes,No,No,Yes,No,Month-to-month,Yes,Bank transfer (automatic),121.75,4838.66,Yes,Digital_Streaming_Cohort
DIG3-01334,Female,0,Yes,No,72,Yes,No,DSL,No,Yes,No,No,Yes,Yes,Month-to-month,Yes,Bank transfer (automatic),105.86,7857.75,No,Digital_Streaming_Cohort
DIG3-01335,Female,1,Yes,No,14,Yes,No,Fiber optic,Yes,Yes,No,No,No,Yes,Month-to-month,Yes,Bank transfer (automatic),119.47,1654.2,No,Digital_Streaming_Cohort
DIG3-01336,Female,0,Yes,Yes,3,No,No phone service,Fiber optic,No,Yes,Yes,No,Yes,No,Month-to-month,Yes,Electronic check,113.59,330.02,Yes,Digital_Streaming_Cohort
DIG3-01337,Female,0,No,No,8,Yes,Yes,No,No internet service,No internet service,No internet service,No internet service,No internet service,No internet service,One year,Yes,Credit card (automatic),51.28,407.05,No,Digital_Streaming_Cohort
DIG3-01338,Male,0,No,Yes,72,Yes,Yes,Fiber optic,No,No,No,Yes,Yes,Yes,Two year,Yes,Bank transfer (automatic),137.64,10043.07,No,Digital_Streaming_Cohort
DIG3-01339,Male,0,Yes,No,62,Yes,Yes,Fiber optic,No,No,No,No,Yes,No,Month-to-month,Yes,Credit card (automatic),112.82,7014.93,No,Digital_Streaming_Cohort
DIG3-01340,Female,0,No,Yes,15,Yes,No,DSL,No,No,No,No,Yes,Yes,Month-to-month,Yes,Credit card (automatic),96.17,1433.57,No,Digital_Streaming_Cohort
DIG3-01341,Male,0,No,No,60,Yes,Yes,DSL,Yes,No,Yes,Yes,Yes,Yes,Month-to-month,No,Bank transfer (automatic),140.75,8471.18,Yes,Digital_Streaming_Cohort
DIG3-01342,Male,0,No,No,15,Yes,Yes,Fiber optic,No,No,No,No,No,No,Month-to-month,Yes,Credit card (automatic),105.03,1556.38,Yes,Digital_Streaming_Cohort
DIG3-01343,Female,0,Yes,No,60,Yes,No,Fiber optic,Yes,No,No,Yes,No,No,Month-to-month,Yes,Credit card (automatic),105.71,6269.06,Yes,Digital_Streaming_Cohort
DIG3-01344,Female,0,No,No,18,Yes,Yes,DSL,No,No,Yes,No,Yes,Yes,Month-to-month,No,Credit card (automatic),120.49,2227.0,Yes,Digital_Streaming_Cohort
DIG3-01345,Male,0,No,No,5,No,No phone service,Fiber optic,No,No,Yes,No,Yes,No,Month-to-month,Yes,Credit card (automatic),100.4,519.42,No,Digital_Streaming_Cohort
DIG3-01346,Female,1,No,Yes,24,Yes,No,Fiber optic,Yes,Yes,Yes,Yes,No,Yes,One year,No,Credit card (automatic),138.93,3303.16,No,Digital_Streaming_Cohort
DIG3-01347,Male,0,Yes,No,46,Yes,No,Fiber optic,No,No,No,No,No,Yes,Month-to-month,Yes,Bank transfer (automatic),98.86,4413.82,No,Digital_Streaming_Cohort
DIG3-01348,Male,0,Yes,No,36,Yes,Yes,Fiber optic,Yes,Yes,Yes,No,No,Yes,Two year,No,Credit card (automatic),145.72,5110.89,No,Digital_Streaming_Cohort
DIG3-01349,Female,0,Yes,Yes,36,Yes,No,No,No internet service,No internet service,No internet service,No internet service,No internet service,No internet service,One year,Yes,Electronic check,38.56,1345.97,No,Digital_Streaming_Cohort
DIG3-01350,Female,0,No,No,1,Yes,No,Fiber optic,No,No,No,No,Yes,No,Two year,Yes,Bank transfer (automatic),102.09,100.53,No,Digital_Streaming_Cohort
DIG3-01351,Male,0,No,No,25,Yes,No,DSL,No,No,No,No,No,No,Month-to-month,Yes,Electronic check,64.07,1589.81,No,Digital_Streaming_Cohort
DIG3-01352,Male,0,Yes,No,40,Yes,No,Fiber optic,Yes,Yes,Yes,No,Yes,Yes,Month-to-month,Yes,Electronic check,143.19,5797.13,No,Digital_Streaming_Cohort
DIG3-01353,Female,0,Yes,No,4,Yes,Yes,DSL,Yes,Yes,Yes,Yes,Yes,Yes,One year,Yes,Electronic check,149.13,585.44,No,Digital_Streaming_Cohort
DIG3-01354,Male,0,Yes,Yes,72,Yes,Yes,DSL,Yes,Yes,No,No,Yes,Yes,One year,No,Electronic check,124.54,8669.6,Yes,Digital_Streaming_Cohort
DIG3-01355,Female,0,No,No,9,Yes,Yes,Fiber optic,Yes,Yes,No,No,Yes,No,Month-to-month,No,Electronic check,131.14,1165.41,Yes,Digital_Streaming_Cohort
DIG3-01356,Female,0,Yes,Yes,23,Yes,No,Fiber optic,No,No,No,No,Yes,No,Month-to-month,Yes,Credit card (automatic),97.66,2261.99,Yes,Digital_Streaming_Cohort
DIG3-01357,Female,0,No,No,34,Yes,Yes,Fiber optic,No,No,Yes,No,Yes,Yes,Month-to-month,Yes,Electronic check,145.94,5020.55,No,Digital_Streaming_Cohort
DIG3-01358,Female,0,No,No,3,Yes,No,Fiber optic,No,Yes,No,No,Yes,Yes,One year,Yes,Bank transfer (automatic),123.77,361.92,Yes,Digital_Streaming_Cohort
DIG3-01359,Male,0,No,No,44,Yes,No,DSL,No,No,No,No,Yes,Yes,Two year,Yes,Bank transfer (automatic),89.06,3999.05,No,Digital_Streaming_Cohort
DIG3-01360,Female,0,No,No,72,Yes,Yes,Fiber optic,No,Yes,Yes,Yes,Yes,No,Month-to-month,Yes,Electronic check,145.49,10771.75,Yes,Digital_Streaming_Cohort
DIG3-01361,Male,1,No,No,2,Yes,Yes,Fiber optic,No,No,No,No,No,Yes,One year,Yes,Credit card (automatic),119.02,231.72,No,Digital_Streaming_Cohort
DIG3-01362,Male,0,No,No,12,No,No phone service,Fiber optic,No,Yes,No,No,Yes,No,Two year,Yes,Bank transfer (automatic),100.83,1225.24,No,Digital_Streaming_Cohort
DIG3-01363,Male,1,Yes,No,4,No,No phone service,DSL,Yes,Yes,No,No,Yes,Yes,Month-to-month,Yes,Electronic check,103.32,420.8,No,Digital_Streaming_Cohort
DIG3-01364,Male,0,Yes,No,72,No,No phone service,DSL,Yes,Yes,Yes,No,No,No,One year,No,Electronic check,86.41,6093.41,No,Digital_Streaming_Cohort
DIG3-01365,Male,0,Yes,Yes,4,Yes,Yes,DSL,No,No,No,No,No,No,Month-to-month,No,Credit card (automatic),82.66,330.8,Yes,Digital_Streaming_Cohort
DIG3-01366,Male,0,Yes,No,17,Yes,No,Fiber optic,Yes,Yes,Yes,Yes,Yes,No,Month-to-month,Yes,Electronic check,141.24,2308.52,No,Digital_Streaming_Cohort
DIG3-01367,Female,0,No,No,13,Yes,No,DSL,No,Yes,No,No,Yes,Yes,Month-to-month,Yes,Electronic check,100.86,1263.02,No,Digital_Streaming_Cohort
DIG3-01368,Male,0,No,No,47,No,No phone service,Fiber optic,No,Yes,Yes,Yes,No,Yes,Month-to-month,No,Bank transfer (automatic),121.67,5850.01,No,Digital_Streaming_Cohort
DIG3-01369,Male,0,No,No,5,Yes,No,DSL,Yes,Yes,No,Yes,Yes,Yes,One year,Yes,Electronic check,121.37,618.28,No,Digital_Streaming_Cohort
DIG3-01370,Male,0,No,No,5,Yes,No,DSL,No,No,No,No,Yes,No,Month-to-month,No,Bank transfer (automatic),78.13,403.6,No,Digital_Streaming_Cohort
DIG3-01371,Female,0,No,Yes,9,Yes,Yes,DSL,Yes,No,Yes,Yes,Yes,No,Two year,Yes,Electronic check,125.35,1154.71,No,Digital_Streaming_Cohort
DIG3-01372,Male,0,Yes,No,70,Yes,Yes,Fiber optic,No,No,Yes,No,No,No,Month-to-month,Yes,Credit card (automatic),108.79,7529.7,No,Digital_Streaming_Cohort
DIG3-01373,Female,0,Yes,No,15,Yes,No,Fiber optic,No,No,Yes,No,No,No,One year,Yes,Bank transfer (automatic),91.35,1357.58,Yes,Digital_Streaming_Cohort
DIG3-01374,Female,1,No,No,9,Yes,Yes,Fiber optic,No,No,Yes,No,Yes,Yes,One year,Yes,Electronic check,142.75,1262.88,No,Digital_Streaming_Cohort
DIG3-01375,Female,0,No,No,34,Yes,Yes,Fiber optic,Yes,No,Yes,No,No,Yes,One year,Yes,Electronic check,136.11,4664.09,Yes,Digital_Streaming_Cohort
DIG3-01376,Male,0,No,No,60,No,No phone service,Fiber optic,Yes,Yes,No,No,Yes,No,One year,Yes,Electronic check,111.46,6814.48,No,Digital_Streaming_Cohort
DIG3-01377,Male,0,No,No,24,Yes,Yes,No,No internet service,No internet service,No internet service,No internet service,No internet service,No internet service,Month-to-month,Yes,Credit card (automatic),45.53,1053.58,Yes,Digital_Streaming_Cohort
DIG3-01378,Male,0,No,No,1,Yes,No,Fiber optic,No,No,Yes,Yes,Yes,No,One year,Yes,Bank transfer (automatic),124.5,121.7,Yes,Digital_Streaming_Cohort
DIG3-01379,Male,0,No,No,16,Yes,Yes,DSL,No,Yes,No,Yes,Yes,Yes,Month-to-month,Yes,Bank transfer (automatic),127.45,1989.77,No,Digital_Streaming_Cohort
DIG3-01380,Female,0,No,Yes,7,Yes,No,Fiber optic,Yes,No,Yes,Yes,Yes,No,Two year,Yes,Bank transfer (automatic),128.4,874.47,No,Digital_Streaming_Cohort
DIG3-01381,Female,0,Yes,Yes,72,Yes,Yes,Fiber optic,Yes,Yes,Yes,No,Yes,Yes,Month-to-month,Yes,Bank transfer (automatic),159.83,11385.56,Yes,Digital_Streaming_Cohort
DIG3-01382,Male,0,No,No,66,Yes,Yes,Fiber optic,No,No,Yes,No,No,Yes,Month-to-month,No,Credit card (automatic),126.78,8453.53,Yes,Digital_Streaming_Cohort
DIG3-01383,Male,0,Yes,No,27,Yes,Yes,Fiber optic,No,No,No,Yes,Yes,Yes,Month-to-month,Yes,Bank transfer (automatic),137.43,3735.53,Yes,Digital_Streaming_Cohort
DIG3-01384,Male,0,Yes,No,54,No,No phone service,DSL,No,Yes,Yes,No,Yes,Yes,Month-to-month,Yes,Credit card (automatic),102.53,5349.66,Yes,Digital_Streaming_Cohort
DIG3-01385,Male,0,No,No,8,Yes,Yes,Fiber optic,Yes,Yes,No,No,No,Yes,One year,No,Electronic check,135.13,1085.37,Yes,Digital_Streaming_Cohort
DIG3-01386,Male,0,Yes,Yes,2,Yes,No,DSL,Yes,Yes,No,Yes,Yes,No,Month-to-month,Yes,Electronic check,110.42,223.48,Yes,Digital_Streaming_Cohort
DIG3-01387,Male,0,No,No,38,No,No phone service,Fiber optic,Yes,Yes,Yes,Yes,Yes,Yes,Month-to-month,Yes,Bank transfer (automatic),144.52,5425.88,Yes,Digital_Streaming_Cohort
DIG3-01388,Male,0,Yes,No,1,Yes,No,DSL,No,Yes,Yes,No,No,No,Month-to-month,Yes,Credit card (automatic),82.08,81.37,No,Digital_Streaming_Cohort
DIG3-01389,Female,0,No,No,48,Yes,Yes,DSL,No,Yes,Yes,Yes,No,No,One year,Yes,Credit card (automatic),108.79,5135.97,No,Digital_Streaming_Cohort
DIG3-01390,Female,0,Yes,No,40,Yes,No,Fiber optic,Yes,No,No,No,Yes,Yes,One year,No,Electronic check,125.44,5214.56,Yes,Digital_Streaming_Cohort
DIG3-01391,Male,0,No,No,72,Yes,Yes,Fiber optic,No,Yes,Yes,No,Yes,Yes,Two year,Yes,Credit card (automatic),150.77,11116.99,No,Digital_Streaming_Cohort
DIG3-01392,Female,1,No,No,6,Yes,No,Fiber optic,No,No,No,Yes,Yes,No,Month-to-month,Yes,Electronic check,109.69,667.81,Yes,Digital_Streaming_Cohort
DIG3-01393,Male,1,Yes,No,7,Yes,Yes,No,No internet service,No internet service,No internet service,No internet service,No internet service,No internet service,Month-to-month,No,Credit card (automatic),51.27,364.1,No,Digital_Streaming_Cohort
DIG3-01394,Male,0,No,Yes,17,Yes,No,Fiber optic,Yes,No,Yes,No,Yes,Yes,Two year,No,Credit card (automatic),132.84,2220.05,Yes,Digital_Streaming_Cohort
DIG3-01395,Male,0,No,Yes,41,No,No phone service,DSL,No,No,No,Yes,Yes,Yes,One year,Yes,Electronic check,92.02,3801.96,No,Digital_Streaming_Cohort
DIG3-01396,Female,0,No,Yes,57,Yes,Yes,Fiber optic,No,No,Yes,No,No,No,One year,Yes,Electronic check,112.35,6166.34,No,Digital_Streaming_Cohort
DIG3-01397,Male,0,No,Yes,46,Yes,No,DSL,Yes,Yes,Yes,No,No,Yes,Two year,No,Credit card (automatic),107.81,4899.14,No,Digital_Streaming_Cohort
DIG3-01398,Male,0,No,No,23,Yes,Yes,DSL,No,No,Yes,No,Yes,Yes,Month-to-month,Yes,Bank transfer (automatic),118.64,2727.64,Yes,Digital_Streaming_Cohort
DIG3-01399,Female,0,No,No,17,Yes,Yes,DSL,No,Yes,No,Yes,Yes,No,Month-to-month,Yes,Credit card (automatic),113.41,1979.09,No,Digital_Streaming_Cohort
DIG3-01400,Male,1,No,No,3,Yes,No,DSL,No,Yes,No,No,Yes,No,Month-to-month,Yes,Bank transfer (automatic),88.22,269.83,Yes,Digital_Streaming_Cohort
DIG3-01401,Female,1,No,No,17,Yes,Yes,No,No internet service,No internet service,No internet service,No internet service,No internet service,No internet service,One year,Yes,Electronic check,45.2,797.25,No,Digital_Streaming_Cohort
DIG3-01402,Female,0,No,No,4,Yes,Yes,Fiber optic,Yes,No,No,Yes,Yes,No,One year,Yes,Credit card (automatic),131.39,530.81,No,Digital_Streaming_Cohort
DIG3-01403,Male,0,No,No,20,Yes,No,Fiber optic,Yes,Yes,No,No,No,Yes,Two year,No,Bank transfer (automatic),121.93,2381.42,No,Digital_Streaming_Cohort
DIG3-01404,Female,0,Yes,No,5,No,No phone service,DSL,No,No,No,Yes,No,No,Two year,Yes,Bank transfer (automatic),57.5,281.09,No,Digital_Streaming_Cohort
DIG3-01405,Female,0,No,No,11,Yes,No,Fiber optic,No,Yes,No,No,No,Yes,Month-to-month,Yes,Credit card (automatic),109.81,1253.74,Yes,Digital_Streaming_Cohort
DIG3-01406,Female,0,No,No,3,Yes,Yes,Fiber optic,No,No,Yes,Yes,No,No,One year,Yes,Credit card (automatic),114.93,348.46,Yes,Digital_Streaming_Cohort
DIG3-01407,Male,0,Yes,No,17,Yes,No,Fiber optic,No,No,No,No,No,No,Two year,No,Bank transfer (automatic),85.62,1483.04,No,Digital_Streaming_Cohort
DIG3-01408,Male,0,No,No,35,Yes,No,DSL,Yes,No,No,No,No,Yes,One year,No,Bank transfer (automatic),89.27,3035.82,Yes,Digital_Streaming_Cohort
DIG3-01409,Male,1,No,No,24,Yes,Yes,DSL,Yes,Yes,Yes,Yes,Yes,Yes,Two year,Yes,Bank transfer (automatic),152.1,3550.37,Yes,Digital_Streaming_Cohort
DIG3-01410,Male,0,No,No,1,Yes,Yes,Fiber optic,Yes,No,No,Yes,Yes,No,Month-to-month,Yes,Credit card (automatic),135.48,140.45,Yes,Digital_Streaming_Cohort
DIG3-01411,Male,0,Yes,Yes,17,Yes,No,DSL,No,No,No,No,Yes,Yes,Month-to-month,Yes,Bank transfer (automatic),92.32,1544.24,No,Digital_Streaming_Cohort
DIG3-01412,Female,0,Yes,No,9,Yes,Yes,Fiber optic,Yes,Yes,No,No,Yes,No,Month-to-month,Yes,Bank transfer (automatic),136.44,1247.86,Yes,Digital_Streaming_Cohort
DIG3-01413,Female,1,No,No,22,Yes,Yes,Fiber optic,Yes,No,No,No,Yes,No,Month-to-month,Yes,Credit card (automatic),125.5,2864.61,No,Digital_Streaming_Cohort
DIG3-01414,Female,1,Yes,No,5,Yes,Yes,Fiber optic,Yes,No,Yes,Yes,No,Yes,Month-to-month,Yes,Bank transfer (automatic),145.13,718.69,No,Digital_Streaming_Cohort
DIG3-01415,Female,1,Yes,No,33,Yes,Yes,Fiber optic,Yes,No,Yes,No,Yes,Yes,Month-to-month,Yes,Electronic check,149.73,5040.04,Yes,Digital_Streaming_Cohort
DIG3-01416,Male,0,No,No,72,Yes,No,DSL,Yes,Yes,No,No,Yes,Yes,Month-to-month,Yes,Credit card (automatic),115.35,8468.27,Yes,Digital_Streaming_Cohort
DIG3-01417,Male,0,No,No,5,Yes,Yes,Fiber optic,Yes,No,Yes,Yes,Yes,Yes,Month-to-month,Yes,Bank transfer (automatic),158.8,822.84,Yes,Digital_Streaming_Cohort
DIG3-01418,Female,0,No,No,6,Yes,No,DSL,No,Yes,No,No,No,No,Month-to-month,No,Bank transfer (automatic),76.75,446.74,No,Digital_Streaming_Cohort
DIG3-01419,Female,0,No,No,30,Yes,No,Fiber optic,Yes,Yes,No,No,No,Yes,Month-to-month,Yes,Electronic check,121.78,3675.29,Yes,Digital_Streaming_Cohort
DIG3-01420,Male,0,Yes,No,2,Yes,Yes,Fiber optic,No,Yes,No,No,Yes,No,Month-to-month,Yes,Credit card (automatic),124.69,251.38,Yes,Digital_Streaming_Cohort
DIG3-01421,Female,0,No,No,72,Yes,Yes,DSL,No,No,Yes,Yes,Yes,Yes,Month-to-month,No,Credit card (automatic),123.48,8745.51,Yes,Digital_Streaming_Cohort
DIG3-01422,Male,0,No,No,45,Yes,Yes,Fiber optic,Yes,Yes,Yes,No,No,No,Month-to-month,Yes,Credit card (automatic),132.11,5974.4,No,Digital_Streaming_Cohort
DIG3-01423,Female,0,Yes,No,11,No,No phone service,Fiber optic,No,Yes,Yes,Yes,Yes,Yes,Month-to-month,Yes,Bank transfer (automatic),135.57,1544.05,No,Digital_Streaming_Cohort
DIG3-01424,Male,0,No,No,15,Yes,Yes,DSL,No,Yes,No,No,Yes,Yes,Month-to-month,No,Credit card (automatic),123.43,1828.31,No,Digital_Streaming_Cohort
DIG3-01425,Female,0,No,Yes,4,Yes,No,Fiber optic,No,Yes,Yes,No,Yes,Yes,One year,Yes,Bank transfer (automatic),136.16,544.26,No,Digital_Streaming_Cohort
DIG3-01426,Female,0,Yes,No,72,Yes,Yes,DSL,No,No,Yes,No,Yes,Yes,Two year,Yes,Bank transfer (automatic),119.08,8407.1,Yes,Digital_Streaming_Cohort
DIG3-01427,Female,1,No,Yes,10,Yes,Yes,DSL,Yes,Yes,Yes,No,No,No,Two year,Yes,Bank transfer (automatic),110.26,1103.73,No,Digital_Streaming_Cohort
DIG3-01428,Male,0,Yes,No,10,Yes,No,Fiber optic,Yes,Yes,Yes,Yes,Yes,Yes,Month-to-month,Yes,Bank transfer (automatic),158.1,1613.66,No,Digital_Streaming_Cohort
DIG3-01429,Female,1,Yes,Yes,19,Yes,Yes,No,No internet service,No internet service,No internet service,No internet service,No internet service,No internet service,Month-to-month,No,Credit card (automatic),49.4,917.21,Yes,Digital_Streaming_Cohort
DIG3-01430,Male,0,No,No,19,Yes,Yes,Fiber optic,No,Yes,No,No,Yes,Yes,One year,Yes,Electronic check,137.43,2614.79,Yes,Digital_Streaming_Cohort
DIG3-01431,Male,0,Yes,No,72,No,No phone service,DSL,Yes,Yes,Yes,Yes,Yes,No,One year,Yes,Credit card (automatic),110.3,7834.13,No,Digital_Streaming_Cohort
DIG3-01432,Male,0,No,Yes,1,Yes,No,Fiber optic,No,No,Yes,Yes,Yes,Yes,Month-to-month,Yes,Credit card (automatic),136.82,134.86,Yes,Digital_Streaming_Cohort
DIG3-01433,Male,0,Yes,No,12,Yes,No,Fiber optic,Yes,No,No,No,Yes,No,Month-to-month,Yes,Credit card (automatic),110.62,1371.66,Yes,Digital_Streaming_Cohort
DIG3-01434,Male,0,Yes,No,35,No,No phone service,DSL,No,No,Yes,Yes,No,No,One year,No,Electronic check,76.65,2585.39,No,Digital_Streaming_Cohort
DIG3-01435,Male,1,Yes,No,35,Yes,Yes,Fiber optic,No,Yes,Yes,Yes,No,No,Two year,Yes,Credit card (automatic),127.13,4333.17,No,Digital_Streaming_Cohort
DIG3-01436,Female,0,Yes,No,42,Yes,Yes,DSL,No,No,No,No,Yes,Yes,Month-to-month,Yes,Electronic check,110.05,4660.06,Yes,Digital_Streaming_Cohort
DIG3-01437,Female,0,No,Yes,18,Yes,No,DSL,No,Yes,Yes,No,Yes,Yes,Month-to-month,Yes,Bank transfer (automatic),115.86,2066.39,No,Digital_Streaming_Cohort
DIG3-01438,Female,0,No,No,45,Yes,No,Fiber optic,No,Yes,No,No,No,Yes,Month-to-month,Yes,Credit card (automatic),108.63,4695.0,No,Digital_Streaming_Cohort
DIG3-01439,Male,0,No,No,44,Yes,No,Fiber optic,No,No,Yes,Yes,Yes,No,Month-to-month,No,Bank transfer (automatic),122.47,5579.51,No,Digital_Streaming_Cohort
DIG3-01440,Female,0,Yes,No,4,Yes,Yes,No,No internet service,No internet service,No internet service,No internet service,No internet service,No internet service,Month-to-month,No,Bank transfer (automatic),49.1,191.04,Yes,Digital_Streaming_Cohort
DIG3-01441,Male,0,No,No,6,Yes,No,Fiber optic,Yes,No,Yes,No,Yes,Yes,One year,Yes,Credit card (automatic),134.99,799.09,No,Digital_Streaming_Cohort
DIG3-01442,Female,0,No,Yes,12,Yes,No,DSL,No,No,Yes,No,Yes,No,Month-to-month,No,Electronic check,90.35,1097.1,No,Digital_Streaming_Cohort
DIG3-01443,Male,0,Yes,No,43,Yes,No,DSL,Yes,Yes,Yes,No,No,Yes,One year,Yes,Bank transfer (automatic),111.19,4603.77,No,Digital_Streaming_Cohort
DIG3-01444,Female,0,No,No,31,Yes,Yes,DSL,No,No,Yes,Yes,No,No,One year,Yes,Electronic check,96.17,2915.43,No,Digital_Streaming_Cohort
DIG3-01445,Male,0,No,Yes,5,Yes,No,Fiber optic,Yes,No,No,No,No,Yes,One year,Yes,Credit card (automatic),108.83,559.65,Yes,Digital_Streaming_Cohort
DIG3-01446,Female,0,No,No,15,Yes,Yes,Fiber optic,No,No,Yes,No,No,No,Month-to-month,Yes,Bank transfer (automatic),111.47,1623.57,No,Digital_Streaming_Cohort
DIG3-01447,Female,0,No,No,22,Yes,No,DSL,Yes,Yes,Yes,Yes,Yes,No,One year,Yes,Bank transfer (automatic),121.75,2646.22,Yes,Digital_Streaming_Cohort
DIG3-01448,Female,0,Yes,No,10,No,No phone service,DSL,No,Yes,Yes,No,Yes,Yes,Month-to-month,Yes,Credit card (automatic),105.43,1089.1,Yes,Digital_Streaming_Cohort
DIG3-01449,Female,0,No,No,48,No,No phone service,Fiber optic,No,Yes,Yes,No,Yes,Yes,Month-to-month,Yes,Bank transfer (automatic),130.71,6464.76,No,Digital_Streaming_Cohort
DIG3-01450,Female,0,No,Yes,9,Yes,Yes,Fiber optic,No,Yes,No,No,No,Yes,Two year,Yes,Mailed check,123.15,1088.85,No,Digital_Streaming_Cohort
DIG3-01451,Female,1,Yes,No,3,Yes,Yes,Fiber optic,No,No,Yes,No,Yes,No,Month-to-month,Yes,Electronic check,127.43,389.62,Yes,Digital_Streaming_Cohort
DIG3-01452,Female,0,Yes,No,9,Yes,Yes,Fiber optic,Yes,No,No,No,Yes,Yes,Month-to-month,No,Credit card (automatic),136.11,1177.67,No,Digital_Streaming_Cohort
DIG3-01453,Female,0,No,No,56,Yes,Yes,DSL,No,Yes,Yes,No,Yes,Yes,One year,Yes,Electronic check,133.46,7540.82,No,Digital_Streaming_Cohort
DIG3-01454,Female,0,Yes,No,39,Yes,No,DSL,Yes,Yes,No,Yes,No,Yes,Month-to-month,Yes,Electronic check,110.46,4263.82,No,Digital_Streaming_Cohort
DIG3-01455,Female,0,Yes,No,4,Yes,Yes,Fiber optic,Yes,Yes,No,Yes,Yes,Yes,Month-to-month,Yes,Credit card (automatic),158.4,649.52,No,Digital_Streaming_Cohort
DIG3-01456,Female,0,No,Yes,37,Yes,Yes,Fiber optic,Yes,Yes,No,No,Yes,Yes,Month-to-month,Yes,Bank transfer (automatic),149.41,5458.0,No,Digital_Streaming_Cohort
DIG3-01457,Male,1,No,No,3,No,No phone service,Fiber optic,Yes,Yes,Yes,Yes,Yes,Yes,Two year,Yes,Credit card (automatic),139.51,422.85,No,Digital_Streaming_Cohort
DIG3-01458,Male,0,Yes,No,8,Yes,Yes,Fiber optic,Yes,Yes,Yes,Yes,Yes,Yes,Month-to-month,Yes,Electronic check,168.63,1310.08,No,Digital_Streaming_Cohort
DIG3-01459,Female,0,No,No,33,No,No phone service,DSL,Yes,Yes,No,Yes,No,Yes,One year,No,Credit card (automatic),100.25,3381.34,No,Digital_Streaming_Cohort
DIG3-01460,Female,0,No,No,4,Yes,Yes,Fiber optic,Yes,Yes,No,Yes,No,Yes,Month-to-month,Yes,Electronic check,147.19,609.17,No,Digital_Streaming_Cohort
DIG3-01461,Male,0,Yes,No,10,Yes,Yes,Fiber optic,No,No,Yes,No,Yes,Yes,Month-to-month,Yes,Credit card (automatic),135.73,1321.15,Yes,Digital_Streaming_Cohort
DIG3-01462,Female,1,Yes,Yes,51,Yes,No,Fiber optic,No,No,No,No,No,Yes,Month-to-month,No,Mailed check,100.17,5116.77,No,Digital_Streaming_Cohort
DIG3-01463,Male,0,No,No,5,Yes,Yes,DSL,No,Yes,Yes,Yes,Yes,No,Month-to-month,No,Mailed check,125.65,629.77,No,Digital_Streaming_Cohort
DIG3-01464,Male,0,No,No,20,Yes,Yes,DSL,No,Yes,No,Yes,No,Yes,Month-to-month,No,Bank transfer (automatic),110.62,2172.93,Yes,Digital_Streaming_Cohort
DIG3-01465,Female,0,No,No,1,Yes,Yes,Fiber optic,Yes,Yes,Yes,No,Yes,Yes,Month-to-month,Yes,Credit card (automatic),158.02,161.01,Yes,Digital_Streaming_Cohort
DIG3-01466,Female,0,Yes,No,3,Yes,No,Fiber optic,Yes,No,Yes,Yes,Yes,Yes,Month-to-month,Yes,Credit card (automatic),144.49,446.57,Yes,Digital_Streaming_Cohort
DIG3-01467,Female,0,Yes,No,19,Yes,No,DSL,Yes,No,Yes,Yes,Yes,Yes,Two year,No,Bank transfer (automatic),126.46,2482.66,No,Digital_Streaming_Cohort
DIG3-01468,Female,0,Yes,Yes,7,Yes,Yes,Fiber optic,No,Yes,Yes,Yes,Yes,No,Month-to-month,Yes,Electronic check,146.87,1015.3,Yes,Digital_Streaming_Cohort
DIG3-01469,Male,0,Yes,No,40,Yes,Yes,Fiber optic,No,No,Yes,No,Yes,No,Month-to-month,Yes,Electronic check,128.29,5206.94,Yes,Digital_Streaming_Cohort
DIG3-01470,Male,0,Yes,No,41,Yes,No,No,No internet service,No internet service,No internet service,No internet service,No internet service,No internet service,Two year,Yes,Credit card (automatic),34.09,1347.14,No,Digital_Streaming_Cohort
DIG3-01471,Female,0,Yes,No,20,Yes,No,Fiber optic,No,Yes,No,Yes,Yes,Yes,Month-to-month,Yes,Bank transfer (automatic),130.27,2541.06,No,Digital_Streaming_Cohort
DIG3-01472,Male,0,No,No,26,Yes,Yes,DSL,Yes,Yes,Yes,Yes,Yes,Yes,One year,No,Mailed check,144.15,3688.85,No,Digital_Streaming_Cohort
DIG3-01473,Male,0,Yes,No,38,Yes,Yes,Fiber optic,No,No,No,No,Yes,No,Month-to-month,Yes,Credit card (automatic),114.57,4323.98,Yes,Digital_Streaming_Cohort
DIG3-01474,Female,0,No,No,36,No,No phone service,DSL,No,Yes,No,Yes,Yes,Yes,Month-to-month,Yes,Credit card (automatic),103.63,3662.14,No,Digital_Streaming_Cohort
DIG3-01475,Female,0,Yes,No,72,Yes,No,DSL,Yes,No,Yes,Yes,No,Yes,One year,Yes,Bank transfer (automatic),112.34,7985.64,Yes,Digital_Streaming_Cohort
DIG3-01476,Female,0,Yes,No,30,No,No phone service,DSL,Yes,Yes,No,Yes,No,Yes,One year,Yes,Credit card (automatic),104.44,3255.12,No,Digital_Streaming_Cohort
DIG3-01477,Female,0,Yes,No,20,Yes,Yes,DSL,Yes,Yes,No,No,No,No,Month-to-month,Yes,Credit card (automatic),95.69,1837.83,No,Digital_Streaming_Cohort
DIG3-01478,Male,1,Yes,No,46,Yes,Yes,Fiber optic,No,No,No,Yes,No,Yes,Two year,Yes,Bank transfer (automatic),122.68,5620.78,No,Digital_Streaming_Cohort
DIG3-01479,Male,0,No,No,2,Yes,No,Fiber optic,Yes,No,Yes,No,Yes,No,Month-to-month,Yes,Credit card (automatic),119.87,242.66,Yes,Digital_Streaming_Cohort
DIG3-01480,Male,0,No,No,13,No,No phone service,Fiber optic,Yes,Yes,No,No,No,Yes,Month-to-month,No,Electronic check,113.25,1470.38,Yes,Digital_Streaming_Cohort
DIG3-01481,Male,0,Yes,No,3,Yes,Yes,Fiber optic,No,No,Yes,No,No,No,One year,Yes,Electronic check,114.67,352.42,No,Digital_Streaming_Cohort
DIG3-01482,Female,0,Yes,No,1,Yes,Yes,Fiber optic,Yes,Yes,Yes,Yes,No,Yes,Month-to-month,Yes,Bank transfer (automatic),158.41,161.96,Yes,Digital_Streaming_Cohort
DIG3-01483,Female,0,Yes,No,6,Yes,Yes,Fiber optic,No,Yes,Yes,No,No,Yes,One year,Yes,Credit card (automatic),136.76,850.42,No,Digital_Streaming_Cohort
DIG3-01484,Female,0,No,Yes,53,Yes,Yes,Fiber optic,No,Yes,No,Yes,Yes,No,Month-to-month,No,Electronic check,130.13,7146.65,No,Digital_Streaming_Cohort
DIG3-01485,Male,0,Yes,No,33,Yes,Yes,Fiber optic,Yes,Yes,No,Yes,Yes,Yes,Month-to-month,Yes,Electronic check,158.46,5051.29,Yes,Digital_Streaming_Cohort
DIG3-01486,Male,0,Yes,No,5,No,No phone service,Fiber optic,No,No,Yes,Yes,Yes,Yes,One year,Yes,Electronic check,127.47,657.51,Yes,Digital_Streaming_Cohort
DIG3-01487,Female,0,Yes,Yes,8,Yes,Yes,Fiber optic,No,No,Yes,Yes,Yes,No,One year,Yes,Mailed check,137.0,1069.11,No,Digital_Streaming_Cohort
DIG3-01488,Female,1,Yes,No,2,Yes,Yes,Fiber optic,No,No,No,Yes,Yes,Yes,Two year,Yes,Electronic check,136.28,281.33,No,Digital_Streaming_Cohort
DIG3-01489,Male,0,No,Yes,20,Yes,Yes,Fiber optic,Yes,No,No,Yes,Yes,Yes,Two year,No,Bank transfer (automatic),145.87,2820.62,No,Digital_Streaming_Cohort
DIG3-01490,Female,0,No,No,6,Yes,Yes,Fiber optic,No,Yes,No,No,Yes,Yes,Month-to-month,No,Credit card (automatic),140.9,875.01,Yes,Digital_Streaming_Cohort
DIG3-01491,Female,0,No,Yes,4,Yes,Yes,DSL,No,Yes,No,No,No,No,Month-to-month,Yes,Bank transfer (automatic),86.43,342.04,No,Digital_Streaming_Cohort
DIG3-01492,Male,0,No,No,33,Yes,No,Fiber optic,Yes,Yes,No,No,Yes,No,One year,Yes,Credit card (automatic),119.03,3789.41,No,Digital_Streaming_Cohort
DIG3-01493,Female,0,Yes,Yes,22,Yes,No,DSL,Yes,No,No,Yes,Yes,Yes,Month-to-month,No,Credit card (automatic),111.54,2441.67,Yes,Digital_Streaming_Cohort
DIG3-01494,Female,0,Yes,No,52,Yes,No,Fiber optic,Yes,No,No,No,Yes,Yes,Month-to-month,Yes,Bank transfer (automatic),122.76,6316.29,Yes,Digital_Streaming_Cohort
DIG3-01495,Male,0,Yes,No,2,Yes,Yes,Fiber optic,No,Yes,Yes,No,Yes,Yes,One year,Yes,Credit card (automatic),152.07,306.2,No,Digital_Streaming_Cohort
DIG3-01496,Female,0,No,No,36,Yes,Yes,Fiber optic,No,No,Yes,Yes,No,No,One year,No,Bank transfer (automatic),127.7,4585.39,Yes,Digital_Streaming_Cohort
DIG3-01497,Male,0,No,No,45,Yes,No,Fiber optic,Yes,Yes,No,No,Yes,Yes,One year,No,Credit card (automatic),131.82,6163.36,No,Digital_Streaming_Cohort
DIG3-01498,Male,0,No,Yes,36,Yes,No,Fiber optic,No,Yes,Yes,No,Yes,Yes,One year,Yes,Bank transfer (automatic),136.93,4853.82,Yes,Digital_Streaming_Cohort
DIG3-01499,Female,0,No,Yes,33,Yes,Yes,Fiber optic,No,No,Yes,Yes,No,Yes,Month-to-month,No,Credit card (automatic),135.72,4570.12,No,Digital_Streaming_Cohort
DIG3-01500,Female,0,Yes,No,72,No,No phone service,DSL,No,Yes,No,Yes,Yes,Yes,Month-to-month,Yes,Bank transfer (automatic),106.12,7573.2,No,Digital_Streaming_Cohort
DIG3-01501,Male,0,Yes,No,60,No,No phone service,Fiber optic,No,No,Yes,Yes,No,No,Month-to-month,Yes,Credit card (automatic),95.24,5738.72,No,Digital_Streaming_Cohort
DIG3-01502,Male,0,No,No,20,Yes,No,Fiber optic,Yes,No,No,Yes,No,Yes,Month-to-month,Yes,Credit card (automatic),120.41,2401.44,No,Digital_Streaming_Cohort
DIG3-01503,Female,0,Yes,No,3,Yes,No,DSL,Yes,Yes,No,No,No,Yes,Month-to-month,Yes,Credit card (automatic),97.16,290.9,Yes,Digital_Streaming_Cohort
DIG3-01504,Female,0,No,No,27,Yes,Yes,Fiber optic,Yes,No,Yes,Yes,Yes,Yes,One year,Yes,Mailed check,159.7,4286.26,No,Digital_Streaming_Cohort
DIG3-01505,Male,0,No,Yes,12,Yes,No,DSL,No,No,No,No,Yes,No,Month-to-month,Yes,Electronic check,78.82,959.83,Yes,Digital_Streaming_Cohort
DIG3-01506,Female,0,No,Yes,3,Yes,No,Fiber optic,Yes,No,Yes,No,Yes,Yes,Month-to-month,No,Bank transfer (automatic),133.91,398.74,Yes,Digital_Streaming_Cohort
DIG3-01507,Male,0,Yes,No,1,Yes,No,Fiber optic,No,Yes,No,Yes,No,Yes,Month-to-month,No,Bank transfer (automatic),118.38,118.17,Yes,Digital_Streaming_Cohort
DIG3-01508,Male,0,Yes,Yes,11,Yes,Yes,Fiber optic,Yes,No,No,No,Yes,Yes,One year,Yes,Electronic check,138.64,1474.12,Yes,Digital_Streaming_Cohort
DIG3-01509,Male,0,No,Yes,46,Yes,No,Fiber optic,No,Yes,Yes,Yes,Yes,No,Month-to-month,Yes,Electronic check,126.52,5703.73,No,Digital_Streaming_Cohort
DIG3-01510,Male,0,Yes,No,1,Yes,Yes,Fiber optic,Yes,Yes,Yes,Yes,Yes,No,Month-to-month,Yes,Credit card (automatic),156.81,155.38,Yes,Digital_Streaming_Cohort
DIG3-01511,Female,0,No,No,27,No,No phone service,DSL,Yes,Yes,Yes,Yes,No,Yes,Month-to-month,Yes,Electronic check,107.62,2947.19,No,Digital_Streaming_Cohort
DIG3-01512,Male,0,No,No,43,Yes,Yes,No,No internet service,No internet service,No internet service,No internet service,No internet service,No internet service,Month-to-month,Yes,Credit card (automatic),51.94,2228.29,No,Digital_Streaming_Cohort
DIG3-01513,Female,0,No,No,12,Yes,Yes,Fiber optic,No,No,No,No,No,Yes,Month-to-month,Yes,Credit card (automatic),115.02,1377.96,No,Digital_Streaming_Cohort
DIG3-01514,Female,0,No,Yes,18,Yes,Yes,Fiber optic,Yes,Yes,No,No,No,No,One year,No,Credit card (automatic),116.46,2138.7,No,Digital_Streaming_Cohort
DIG3-01515,Female,0,No,Yes,67,Yes,Yes,Fiber optic,No,Yes,No,No,No,Yes,Month-to-month,Yes,Bank transfer (automatic),125.45,8201.86,No,Digital_Streaming_Cohort
DIG3-01516,Male,0,Yes,No,2,Yes,Yes,Fiber optic,Yes,No,No,No,No,No,Month-to-month,No,Credit card (automatic),112.13,215.82,Yes,Digital_Streaming_Cohort
DIG3-01517,Female,0,Yes,No,11,Yes,No,Fiber optic,Yes,No,Yes,No,Yes,No,One year,Yes,Credit card (automatic),121.47,1314.03,No,Digital_Streaming_Cohort
DIG3-01518,Male,0,No,No,68,Yes,No,No,No internet service,No internet service,No internet service,No internet service,No internet service,No internet service,Two year,Yes,Electronic check,32.92,2256.83,No,Digital_Streaming_Cohort
DIG3-01519,Male,0,Yes,No,13,No,No phone service,Fiber optic,No,No,No,No,Yes,Yes,Two year,Yes,Mailed check,107.68,1427.58,No,Digital_Streaming_Cohort
DIG3-01520,Male,0,No,No,2,Yes,Yes,DSL,No,Yes,Yes,No,Yes,No,Month-to-month,Yes,Electronic check,110.09,222.52,Yes,Digital_Streaming_Cohort
DIG3-01521,Male,1,No,No,22,Yes,No,Fiber optic,No,Yes,No,No,Yes,Yes,One year,Yes,Credit card (automatic),125.74,2697.8,Yes,Digital_Streaming_Cohort
DIG3-01522,Female,0,No,No,52,Yes,Yes,Fiber optic,No,Yes,No,Yes,Yes,Yes,One year,Yes,Credit card (automatic),148.97,7774.43,No,Digital_Streaming_Cohort
DIG3-01523,Male,0,Yes,No,21,Yes,Yes,Fiber optic,No,Yes,Yes,Yes,Yes,Yes,One year,Yes,Electronic check,160.08,3402.52,No,Digital_Streaming_Cohort
DIG3-01524,Male,0,No,No,32,Yes,Yes,No,No internet service,No internet service,No internet service,No internet service,No internet service,No internet service,Month-to-month,Yes,Mailed check,54.09,1793.51,Yes,Digital_Streaming_Cohort
DIG3-01525,Female,0,No,No,15,Yes,Yes,Fiber optic,Yes,No,Yes,Yes,No,Yes,Month-to-month,Yes,Bank transfer (automatic),143.89,2165.0,No,Digital_Streaming_Cohort
DIG3-01526,Male,0,No,No,4,Yes,Yes,Fiber optic,Yes,Yes,Yes,Yes,Yes,Yes,One year,Yes,Bank transfer (automatic),176.9,710.39,Yes,Digital_Streaming_Cohort
DIG3-01527,Male,0,No,Yes,18,Yes,Yes,No,No internet service,No internet service,No internet service,No internet service,No internet service,No internet service,One year,Yes,Bank transfer (automatic),51.73,946.36,No,Digital_Streaming_Cohort
DIG3-01528,Male,0,No,No,14,No,No phone service,DSL,No,Yes,No,Yes,No,No,Month-to-month,Yes,Credit card (automatic),75.02,1048.49,No,Digital_Streaming_Cohort
DIG3-01529,Female,0,No,No,44,Yes,Yes,Fiber optic,Yes,No,Yes,No,No,No,One year,Yes,Credit card (automatic),114.82,5106.53,No,Digital_Streaming_Cohort
DIG3-01530,Male,0,No,No,21,Yes,Yes,Fiber optic,Yes,No,Yes,No,Yes,No,Two year,Yes,Bank transfer (automatic),134.97,2724.02,No,Digital_Streaming_Cohort
DIG3-01531,Female,0,No,Yes,54,Yes,No,Fiber optic,No,Yes,No,Yes,No,Yes,Month-to-month,Yes,Mailed check,114.12,6118.07,Yes,Digital_Streaming_Cohort
DIG3-01532,Male,0,No,Yes,2,Yes,Yes,Fiber optic,No,Yes,Yes,No,Yes,No,Month-to-month,Yes,Mailed check,136.38,265.9,Yes,Digital_Streaming_Cohort
DIG3-01533,Male,0,Yes,No,17,No,No phone service,Fiber optic,No,Yes,No,No,Yes,No,Month-to-month,Yes,Mailed check,98.98,1708.47,No,Digital_Streaming_Cohort
DIG3-01534,Female,0,No,No,3,No,No phone service,DSL,Yes,No,No,No,Yes,No,Two year,Yes,Credit card (automatic),80.56,250.9,Yes,Digital_Streaming_Cohort
DIG3-01535,Female,0,Yes,No,63,No,No phone service,Fiber optic,Yes,No,No,Yes,Yes,No,One year,Yes,Credit card (automatic),113.49,7221.06,Yes,Digital_Streaming_Cohort
DIG3-01536,Male,0,Yes,No,68,Yes,Yes,DSL,Yes,Yes,Yes,Yes,No,No,One year,Yes,Bank transfer (automatic),120.03,7927.65,No,Digital_Streaming_Cohort
DIG3-01537,Female,0,Yes,No,35,No,No phone service,DSL,No,No,Yes,Yes,No,Yes,Month-to-month,No,Credit card (automatic),86.22,2990.21,No,Digital_Streaming_Cohort
DIG3-01538,Female,0,No,No,19,Yes,Yes,Fiber optic,Yes,No,Yes,Yes,Yes,Yes,Month-to-month,Yes,Bank transfer (automatic),159.63,2944.67,Yes,Digital_Streaming_Cohort
DIG3-01539,Female,0,No,No,18,Yes,Yes,DSL,No,No,No,No,Yes,Yes,Month-to-month,No,Mailed check,109.89,1984.97,Yes,Digital_Streaming_Cohort
DIG3-01540,Female,0,No,No,1,Yes,No,Fiber optic,Yes,Yes,Yes,Yes,Yes,Yes,Month-to-month,Yes,Credit card (automatic),154.57,153.01,Yes,Digital_Streaming_Cohort
DIG3-01541,Female,0,No,No,20,Yes,Yes,Fiber optic,No,No,No,No,Yes,Yes,Month-to-month,Yes,Credit card (automatic),127.23,2550.14,Yes,Digital_Streaming_Cohort
DIG3-01542,Male,0,No,Yes,59,Yes,Yes,Fiber optic,No,Yes,No,Yes,Yes,Yes,Month-to-month,No,Bank transfer (automatic),149.59,9004.31,No,Digital_Streaming_Cohort
DIG3-01543,Female,0,No,No,31,Yes,Yes,Fiber optic,No,No,Yes,No,Yes,No,Month-to-month,Yes,Mailed check,123.49,3842.4,No,Digital_Streaming_Cohort
DIG3-01544,Female,0,Yes,No,2,Yes,No,Fiber optic,No,Yes,Yes,No,Yes,Yes,One year,Yes,Electronic check,138.47,270.73,Yes,Digital_Streaming_Cohort
DIG3-01545,Male,0,No,No,35,Yes,Yes,DSL,No,No,No,No,Yes,Yes,Two year,No,Electronic check,109.35,3915.61,Yes,Digital_Streaming_Cohort
DIG3-01546,Male,0,No,No,28,Yes,Yes,DSL,No,Yes,No,No,Yes,Yes,Month-to-month,Yes,Electronic check,120.97,3268.06,No,Digital_Streaming_Cohort
DIG3-01547,Female,0,No,Yes,16,Yes,Yes,DSL,Yes,Yes,Yes,No,Yes,No,Month-to-month,Yes,Credit card (automatic),126.83,2106.15,Yes,Digital_Streaming_Cohort
DIG3-01548,Female,0,Yes,No,25,Yes,Yes,Fiber optic,Yes,Yes,Yes,Yes,No,Yes,Month-to-month,Yes,Credit card (automatic),153.59,3954.25,No,Digital_Streaming_Cohort
DIG3-01549,Male,0,No,No,6,Yes,Yes,DSL,Yes,No,No,Yes,No,No,Month-to-month,Yes,Credit card (automatic),101.38,595.33,No,Digital_Streaming_Cohort
DIG3-01550,Male,0,Yes,No,3,Yes,No,DSL,Yes,Yes,No,No,No,No,Month-to-month,No,Bank transfer (automatic),86.02,263.83,Yes,Digital_Streaming_Cohort
DIG3-01551,Female,0,Yes,Yes,13,Yes,Yes,Fiber optic,Yes,Yes,Yes,Yes,No,No,Month-to-month,Yes,Credit card (automatic),138.91,1745.36,Yes,Digital_Streaming_Cohort
DIG3-01552,Male,0,No,No,33,Yes,Yes,DSL,Yes,No,Yes,No,Yes,Yes,One year,Yes,Mailed check,129.32,4305.0,No,Digital_Streaming_Cohort
DIG3-01553,Female,0,Yes,No,25,Yes,Yes,Fiber optic,No,No,No,No,Yes,No,Month-to-month,Yes,Mailed check,113.77,2905.95,No,Digital_Streaming_Cohort
DIG3-01554,Male,0,No,No,32,Yes,No,Fiber optic,Yes,Yes,Yes,No,Yes,Yes,Month-to-month,Yes,Electronic check,149.53,4661.57,No,Digital_Streaming_Cohort
DIG3-01555,Female,0,Yes,Yes,24,Yes,Yes,DSL,Yes,No,Yes,No,Yes,No,Month-to-month,No,Bank transfer (automatic),113.92,2782.46,Yes,Digital_Streaming_Cohort
DIG3-01556,Male,0,No,Yes,22,Yes,Yes,DSL,Yes,No,No,No,Yes,No,Month-to-month,Yes,Credit card (automatic),108.08,2418.71,No,Digital_Streaming_Cohort
DIG3-01557,Male,0,No,No,41,Yes,Yes,Fiber optic,Yes,Yes,Yes,No,Yes,No,One year,Yes,Electronic check,147.6,5892.21,Yes,Digital_Streaming_Cohort
DIG3-01558,Female,0,Yes,No,14,Yes,Yes,DSL,Yes,No,Yes,No,Yes,Yes,One year,Yes,Electronic check,133.25,1858.84,No,Digital_Streaming_Cohort
DIG3-01559,Male,0,No,No,40,Yes,Yes,DSL,No,No,Yes,No,No,Yes,Two year,Yes,Credit card (automatic),107.23,4272.98,No,Digital_Streaming_Cohort
DIG3-01560,Female,0,Yes,Yes,16,Yes,No,Fiber optic,No,Yes,Yes,No,Yes,Yes,Month-to-month,No,Credit card (automatic),136.11,2200.34,Yes,Digital_Streaming_Cohort
DIG3-01561,Female,0,No,No,26,Yes,Yes,Fiber optic,Yes,No,Yes,No,Yes,No,Month-to-month,Yes,Electronic check,135.81,3400.63,Yes,Digital_Streaming_Cohort
DIG3-01562,Male,0,Yes,No,18,Yes,Yes,Fiber optic,No,Yes,Yes,Yes,No,Yes,Month-to-month,Yes,Bank transfer (automatic),145.82,2700.3,Yes,Digital_Streaming_Cohort
DIG3-01563,Female,0,Yes,Yes,9,Yes,No,Fiber optic,Yes,No,Yes,No,No,Yes,Month-to-month,Yes,Bank transfer (automatic),118.09,1091.21,No,Digital_Streaming_Cohort
DIG3-01564,Female,0,No,Yes,6,Yes,Yes,Fiber optic,No,No,No,No,Yes,No,Two year,Yes,Bank transfer (automatic),119.58,721.25,No,Digital_Streaming_Cohort
DIG3-01565,Female,0,Yes,No,36,Yes,No,Fiber optic,Yes,Yes,No,Yes,No,No,Month-to-month,Yes,Bank transfer (automatic),112.83,4065.79,Yes,Digital_Streaming_Cohort
DIG3-01566,Female,0,Yes,No,6,No,No phone service,DSL,Yes,Yes,Yes,No,Yes,Yes,Month-to-month,Yes,Credit card (automatic),115.35,664.55,No,Digital_Streaming_Cohort
DIG3-01567,Female,0,No,No,10,Yes,Yes,Fiber optic,No,Yes,Yes,Yes,Yes,No,Two year,Yes,Credit card (automatic),146.02,1510.53,No,Digital_Streaming_Cohort
DIG3-01568,Male,0,Yes,No,24,Yes,No,Fiber optic,No,No,No,No,No,Yes,One year,Yes,Mailed check,100.34,2466.34,No,Digital_Streaming_Cohort
DIG3-01569,Male,0,No,Yes,6,Yes,No,Fiber optic,No,Yes,No,No,Yes,No,One year,Yes,Mailed check,112.39,650.3,Yes,Digital_Streaming_Cohort
DIG3-01570,Male,0,No,No,2,Yes,No,Fiber optic,Yes,Yes,No,Yes,No,No,Month-to-month,Yes,Mailed check,114.72,237.32,Yes,Digital_Streaming_Cohort
DIG3-01571,Female,0,Yes,No,1,No,No phone service,DSL,No,No,No,Yes,Yes,Yes,One year,No,Credit card (automatic),94.59,96.9,No,Digital_Streaming_Cohort
DIG3-01572,Male,0,No,No,42,Yes,Yes,Fiber optic,No,Yes,Yes,No,No,No,One year,Yes,Bank transfer (automatic),120.34,5003.58,No,Digital_Streaming_Cohort
DIG3-01573,Female,0,No,No,44,Yes,No,Fiber optic,Yes,Yes,No,Yes,Yes,Yes,One year,Yes,Electronic check,148.31,6746.22,No,Digital_Streaming_Cohort
DIG3-01574,Male,0,Yes,No,5,Yes,Yes,Fiber optic,No,Yes,No,No,Yes,Yes,Month-to-month,Yes,Bank transfer (automatic),136.96,684.44,No,Digital_Streaming_Cohort
DIG3-01575,Female,0,No,Yes,18,Yes,No,DSL,No,No,Yes,No,Yes,No,One year,Yes,Bank transfer (automatic),95.67,1698.52,Yes,Digital_Streaming_Cohort
DIG3-01576,Female,0,Yes,Yes,2,Yes,Yes,DSL,No,Yes,No,Yes,No,Yes,One year,Yes,Bank transfer (automatic),115.21,233.27,Yes,Digital_Streaming_Cohort
DIG3-01577,Male,1,Yes,Yes,5,Yes,Yes,Fiber optic,No,Yes,No,Yes,Yes,No,One year,Yes,Mailed check,135.95,673.19,No,Digital_Streaming_Cohort
DIG3-01578,Male,0,No,No,7,Yes,Yes,Fiber optic,Yes,No,No,No,No,No,Month-to-month,Yes,Bank transfer (automatic),110.79,806.11,No,Digital_Streaming_Cohort
DIG3-01579,Male,0,No,Yes,18,Yes,Yes,Fiber optic,Yes,Yes,Yes,Yes,Yes,Yes,One year,Yes,Electronic check,171.74,3014.47,No,Digital_Streaming_Cohort
DIG3-01580,Female,0,Yes,No,30,Yes,No,DSL,Yes,No,Yes,Yes,No,Yes,Month-to-month,Yes,Credit card (automatic),111.41,3342.86,Yes,Digital_Streaming_Cohort
DIG3-01581,Male,0,No,No,42,Yes,Yes,Fiber optic,No,No,Yes,Yes,Yes,Yes,Month-to-month,Yes,Bank transfer (automatic),153.36,6295.3,Yes,Digital_Streaming_Cohort
DIG3-01582,Male,0,Yes,No,3,Yes,Yes,DSL,Yes,No,Yes,No,Yes,Yes,Month-to-month,No,Electronic check,131.11,385.81,Yes,Digital_Streaming_Cohort
DIG3-01583,Male,0,No,No,38,Yes,Yes,DSL,Yes,No,Yes,Yes,No,Yes,Month-to-month,Yes,Bank transfer (automatic),121.59,4564.38,No,Digital_Streaming_Cohort
DIG3-01584,Female,0,No,No,11,Yes,No,DSL,Yes,No,Yes,No,Yes,Yes,Month-to-month,Yes,Bank transfer (automatic),110.44,1247.4,Yes,Digital_Streaming_Cohort
DIG3-01585,Female,0,No,No,28,Yes,Yes,DSL,No,No,Yes,No,No,Yes,Two year,Yes,Electronic check,105.73,2902.04,No,Digital_Streaming_Cohort
DIG3-01586,Female,0,No,No,5,Yes,Yes,Fiber optic,No,Yes,No,No,Yes,Yes,Two year,No,Bank transfer (automatic),147.64,721.95,No,Digital_Streaming_Cohort
DIG3-01587,Male,0,Yes,No,16,Yes,Yes,DSL,No,Yes,Yes,Yes,Yes,Yes,Two year,Yes,Bank transfer (automatic),137.02,2204.79,No,Digital_Streaming_Cohort
DIG3-01588,Male,1,No,Yes,12,No,No phone service,Fiber optic,Yes,Yes,No,Yes,No,Yes,Month-to-month,No,Credit card (automatic),121.09,1455.05,Yes,Digital_Streaming_Cohort
DIG3-01589,Male,0,No,No,5,Yes,Yes,Fiber optic,No,Yes,Yes,No,Yes,No,Month-to-month,Yes,Electronic check,130.63,636.8,Yes,Digital_Streaming_Cohort
DIG3-01590,Male,1,No,No,42,Yes,Yes,No,No internet service,No internet service,No internet service,No internet service,No internet service,No internet service,Month-to-month,Yes,Credit card (automatic),55.46,2331.72,No,Digital_Streaming_Cohort
DIG3-01591,Male,0,No,No,20,Yes,No,Fiber optic,No,No,Yes,No,No,Yes,Month-to-month,Yes,Credit card (automatic),111.54,2179.84,Yes,Digital_Streaming_Cohort
DIG3-01592,Female,0,No,Yes,2,No,No phone service,DSL,No,Yes,No,No,Yes,Yes,Month-to-month,Yes,Bank transfer (automatic),93.16,185.34,Yes,Digital_Streaming_Cohort
DIG3-01593,Female,0,No,No,6,Yes,No,DSL,Yes,Yes,Yes,No,Yes,Yes,Month-to-month,Yes,Electronic check,127.65,763.26,Yes,Digital_Streaming_Cohort
DIG3-01594,Female,0,No,No,10,Yes,Yes,Fiber optic,No,Yes,Yes,No,Yes,No,Month-to-month,Yes,Electronic check,138.49,1376.92,Yes,Digital_Streaming_Cohort
DIG3-01595,Female,0,No,No,8,Yes,Yes,Fiber optic,Yes,No,Yes,Yes,No,No,Month-to-month,Yes,Bank transfer (automatic),128.17,1021.31,Yes,Digital_Streaming_Cohort
DIG3-01596,Female,0,No,Yes,7,Yes,Yes,Fiber optic,No,No,Yes,Yes,No,No,Month-to-month,Yes,Mailed check,118.87,850.99,No,Digital_Streaming_Cohort
DIG3-01597,Male,1,Yes,Yes,4,Yes,Yes,Fiber optic,No,No,Yes,No,No,Yes,Month-to-month,Yes,Credit card (automatic),125.41,516.45,Yes,Digital_Streaming_Cohort
DIG3-01598,Female,0,No,Yes,33,Yes,No,Fiber optic,Yes,No,Yes,Yes,Yes,Yes,Month-to-month,Yes,Bank transfer (automatic),149.26,4777.95,No,Digital_Streaming_Cohort
DIG3-01599,Female,0,Yes,No,5,Yes,No,DSL,No,No,Yes,Yes,Yes,No,Month-to-month,No,Bank transfer (automatic),101.47,516.57,Yes,Digital_Streaming_Cohort
DIG3-01600,Male,0,Yes,No,29,Yes,Yes,DSL,Yes,Yes,Yes,Yes,Yes,Yes,Month-to-month,Yes,Credit card (automatic),143.13,4176.05,Yes,Digital_Streaming_Cohort
DIG3-01601,Male,1,Yes,Yes,64,Yes,No,DSL,No,Yes,No,No,Yes,Yes,Month-to-month,Yes,Mailed check,103.1,6375.06,No,Digital_Streaming_Cohort
DIG3-01602,Female,0,No,No,72,Yes,Yes,Fiber optic,No,Yes,No,Yes,Yes,Yes,Month-to-month,No,Credit card (automatic),147.28,10696.46,No,Digital_Streaming_Cohort
DIG3-01603,Male,1,Yes,No,55,Yes,No,Fiber optic,No,Yes,Yes,Yes,Yes,Yes,Month-to-month,Yes,Credit card (automatic),145.94,8092.27,No,Digital_Streaming_Cohort
DIG3-01604,Female,1,No,No,3,Yes,Yes,Fiber optic,No,Yes,Yes,No,No,Yes,Month-to-month,Yes,Credit card (automatic),141.37,437.51,Yes,Digital_Streaming_Cohort
DIG3-01605,Male,0,No,No,16,No,No phone service,Fiber optic,Yes,Yes,Yes,Yes,No,No,Month-to-month,Yes,Electronic check,111.39,1738.13,Yes,Digital_Streaming_Cohort
DIG3-01606,Male,1,Yes,No,10,Yes,Yes,Fiber optic,Yes,No,No,No,Yes,Yes,Month-to-month,Yes,Mailed check,144.1,1419.21,No,Digital_Streaming_Cohort
DIG3-01607,Female,0,Yes,No,38,Yes,Yes,Fiber optic,Yes,No,No,No,Yes,No,Month-to-month,Yes,Electronic check,124.54,4857.75,No,Digital_Streaming_Cohort
DIG3-01608,Male,0,Yes,Yes,6,No,No phone service,Fiber optic,No,Yes,No,No,No,Yes,Month-to-month,Yes,Mailed check,102.62,607.54,Yes,Digital_Streaming_Cohort
DIG3-01609,Female,0,Yes,No,13,Yes,Yes,DSL,No,No,Yes,Yes,No,Yes,Month-to-month,Yes,Credit card (automatic),110.51,1389.56,Yes,Digital_Streaming_Cohort
DIG3-01610,Male,0,Yes,No,2,Yes,Yes,Fiber optic,No,Yes,No,No,Yes,No,One year,Yes,Electronic check,124.78,242.73,Yes,Digital_Streaming_Cohort
DIG3-01611,Female,0,Yes,No,12,Yes,Yes,No,No internet service,No internet service,No internet service,No internet service,No internet service,No internet service,Month-to-month,Yes,Credit card (automatic),46.21,553.68,Yes,Digital_Streaming_Cohort
DIG3-01612,Female,0,No,No,10,Yes,Yes,Fiber optic,Yes,No,Yes,No,Yes,Yes,One year,Yes,Electronic check,150.98,1517.22,No,Digital_Streaming_Cohort
DIG3-01613,Female,0,No,Yes,28,Yes,Yes,Fiber optic,Yes,Yes,Yes,No,Yes,No,Month-to-month,Yes,Mailed check,143.75,4168.97,No,Digital_Streaming_Cohort
DIG3-01614,Female,1,Yes,Yes,23,No,No phone service,No,No internet service,No internet service,No internet service,No internet service,No internet service,No internet service,Month-to-month,Yes,Electronic check,23.28,538.43,Yes,Digital_Streaming_Cohort
DIG3-01615,Female,0,No,No,8,Yes,Yes,Fiber optic,Yes,No,No,Yes,Yes,Yes,Month-to-month,Yes,Mailed check,146.75,1133.07,Yes,Digital_Streaming_Cohort
DIG3-01616,Female,0,No,Yes,8,Yes,Yes,Fiber optic,Yes,No,No,No,Yes,Yes,Month-to-month,Yes,Electronic check,141.4,1151.71,Yes,Digital_Streaming_Cohort
DIG3-01617,Male,0,No,No,12,No,No phone service,Fiber optic,Yes,Yes,Yes,No,Yes,No,Two year,No,Bank transfer (automatic),117.43,1411.86,No,Digital_Streaming_Cohort
DIG3-01618,Male,0,Yes,No,41,Yes,No,DSL,Yes,Yes,No,No,Yes,Yes,Two year,Yes,Bank transfer (automatic),111.78,4548.82,No,Digital_Streaming_Cohort
DIG3-01619,Male,0,No,No,20,No,No phone service,DSL,No,No,No,No,No,Yes,Two year,Yes,Credit card (automatic),69.18,1349.53,No,Digital_Streaming_Cohort
DIG3-01620,Female,0,Yes,No,6,Yes,Yes,Fiber optic,Yes,Yes,No,Yes,Yes,Yes,One year,Yes,Credit card (automatic),158.73,957.04,No,Digital_Streaming_Cohort
DIG3-01621,Female,1,No,Yes,58,Yes,Yes,No,No internet service,No internet service,No internet service,No internet service,No internet service,No internet service,Two year,Yes,Credit card (automatic),51.37,2914.36,No,Digital_Streaming_Cohort
DIG3-01622,Female,0,No,Yes,6,Yes,No,Fiber optic,No,Yes,Yes,No,Yes,Yes,One year,No,Bank transfer (automatic),135.71,839.58,No,Digital_Streaming_Cohort
DIG3-01623,Female,0,No,No,72,Yes,No,Fiber optic,No,No,No,No,Yes,Yes,Two year,Yes,Credit card (automatic),112.96,7911.77,No,Digital_Streaming_Cohort
DIG3-01624,Male,0,Yes,No,13,Yes,No,Fiber optic,No,No,No,No,Yes,No,Month-to-month,Yes,Electronic check,101.33,1341.48,Yes,Digital_Streaming_Cohort
DIG3-01625,Female,0,Yes,No,30,Yes,No,Fiber optic,Yes,Yes,No,No,Yes,Yes,Two year,Yes,Electronic check,138.84,4233.37,No,Digital_Streaming_Cohort
DIG3-01626,Male,0,No,No,36,Yes,Yes,Fiber optic,No,No,No,Yes,Yes,Yes,Month-to-month,No,Mailed check,144.98,5390.41,No,Digital_Streaming_Cohort
DIG3-01627,Female,0,No,No,24,Yes,No,DSL,No,Yes,No,No,Yes,Yes,Month-to-month,No,Bank transfer (automatic),100.34,2342.22,Yes,Digital_Streaming_Cohort
DIG3-01628,Female,0,Yes,Yes,27,Yes,No,Fiber optic,No,Yes,Yes,Yes,Yes,Yes,Month-to-month,Yes,Bank transfer (automatic),140.93,3949.8,No,Digital_Streaming_Cohort
DIG3-01629,Male,0,No,Yes,25,Yes,No,Fiber optic,No,Yes,No,No,Yes,Yes,Month-to-month,Yes,Bank transfer (automatic),123.82,3048.73,No,Digital_Streaming_Cohort
DIG3-01630,Male,0,No,No,26,Yes,Yes,Fiber optic,No,No,Yes,No,Yes,No,Two year,Yes,Bank transfer (automatic),119.88,3000.05,Yes,Digital_Streaming_Cohort
DIG3-01631,Female,0,Yes,Yes,14,Yes,No,Fiber optic,Yes,No,No,Yes,Yes,No,One year,Yes,Mailed check,120.85,1651.37,No,Digital_Streaming_Cohort
DIG3-01632,Male,0,No,No,65,Yes,No,Fiber optic,No,Yes,No,No,Yes,Yes,Month-to-month,Yes,Credit card (automatic),122.48,8156.99,No,Digital_Streaming_Cohort
DIG3-01633,Male,0,No,No,15,Yes,Yes,Fiber optic,Yes,Yes,No,Yes,No,Yes,Month-to-month,Yes,Bank transfer (automatic),149.26,2269.01,No,Digital_Streaming_Cohort
DIG3-01634,Male,0,No,No,4,Yes,Yes,Fiber optic,No,Yes,No,No,Yes,No,Month-to-month,Yes,Bank transfer (automatic),121.58,476.16,No,Digital_Streaming_Cohort
DIG3-01635,Male,0,Yes,No,43,Yes,Yes,Fiber optic,Yes,No,Yes,No,Yes,No,Month-to-month,No,Credit card (automatic),132.01,5588.84,No,Digital_Streaming_Cohort
DIG3-01636,Male,0,No,No,23,Yes,Yes,Fiber optic,Yes,Yes,No,No,Yes,Yes,Month-to-month,Yes,Credit card (automatic),152.7,3563.89,No,Digital_Streaming_Cohort
DIG3-01637,Female,0,Yes,No,15,Yes,Yes,DSL,Yes,Yes,Yes,Yes,Yes,Yes,Two year,Yes,Electronic check,152.45,2302.09,Yes,Digital_Streaming_Cohort
DIG3-01638,Female,0,No,Yes,12,Yes,Yes,Fiber optic,No,No,No,No,No,Yes,Month-to-month,No,Bank transfer (automatic),113.73,1348.22,No,Digital_Streaming_Cohort
DIG3-01639,Male,0,No,No,10,Yes,No,DSL,No,No,Yes,No,Yes,Yes,Month-to-month,Yes,Credit card (automatic),102.73,1038.93,No,Digital_Streaming_Cohort
DIG3-01640,Male,0,No,No,11,No,No phone service,Fiber optic,Yes,Yes,Yes,No,Yes,Yes,Two year,Yes,Bank transfer (automatic),133.72,1506.46,No,Digital_Streaming_Cohort
DIG3-01641,Male,0,Yes,No,21,Yes,No,Fiber optic,No,Yes,No,Yes,Yes,No,One year,No,Electronic check,124.53,2630.83,No,Digital_Streaming_Cohort
DIG3-01642,Male,0,Yes,Yes,1,Yes,No,DSL,No,No,Yes,Yes,Yes,No,Month-to-month,Yes,Mailed check,95.02,95.66,No,Digital_Streaming_Cohort
DIG3-01643,Female,0,No,No,37,Yes,Yes,Fiber optic,No,No,Yes,Yes,No,Yes,Month-to-month,Yes,Credit card (automatic),136.36,5147.13,No,Digital_Streaming_Cohort
DIG3-01644,Male,0,No,Yes,13,Yes,No,Fiber optic,Yes,No,Yes,No,Yes,No,Two year,No,Electronic check,119.26,1604.39,Yes,Digital_Streaming_Cohort
DIG3-01645,Male,0,No,No,13,Yes,Yes,DSL,No,No,Yes,No,Yes,Yes,Two year,Yes,Credit card (automatic),121.05,1626.46,No,Digital_Streaming_Cohort
DIG3-01646,Female,0,No,Yes,29,Yes,Yes,Fiber optic,No,Yes,No,No,No,Yes,One year,No,Credit card (automatic),124.09,3629.06,No,Digital_Streaming_Cohort
DIG3-01647,Female,0,No,No,24,No,No phone service,Fiber optic,Yes,Yes,No,No,Yes,No,One year,No,Bank transfer (automatic),107.47,2663.69,No,Digital_Streaming_Cohort
DIG3-01648,Female,0,Yes,No,8,Yes,Yes,Fiber optic,No,No,Yes,No,No,Yes,One year,Yes,Electronic check,124.22,1008.45,No,Digital_Streaming_Cohort
DIG3-01649,Female,0,No,Yes,12,Yes,No,Fiber optic,No,No,No,Yes,No,No,Month-to-month,Yes,Bank transfer (automatic),95.6,1133.98,Yes,Digital_Streaming_Cohort
DIG3-01650,Male,0,Yes,No,15,Yes,Yes,DSL,Yes,Yes,No,Yes,Yes,Yes,One year,Yes,Electronic check,133.87,2058.81,No,Digital_Streaming_Cohort
DIG3-01651,Male,0,Yes,No,14,No,No phone service,DSL,No,No,No,Yes,Yes,Yes,Month-to-month,Yes,Credit card (automatic),98.08,1418.9,Yes,Digital_Streaming_Cohort
DIG3-01652,Female,0,Yes,Yes,15,Yes,Yes,Fiber optic,No,Yes,Yes,No,Yes,Yes,Two year,Yes,Bank transfer (automatic),151.16,2205.54,No,Digital_Streaming_Cohort
DIG3-01653,Female,0,No,No,12,Yes,Yes,Fiber optic,Yes,Yes,No,No,No,Yes,One year,No,Electronic check,136.94,1687.91,No,Digital_Streaming_Cohort
DIG3-01654,Female,0,No,No,13,Yes,No,Fiber optic,Yes,Yes,Yes,No,Yes,Yes,One year,Yes,Electronic check,150.82,1895.95,Yes,Digital_Streaming_Cohort
DIG3-01655,Female,0,Yes,No,35,Yes,Yes,DSL,No,Yes,No,Yes,No,Yes,One year,Yes,Electronic check,109.01,3891.66,No,Digital_Streaming_Cohort
DIG3-01656,Female,0,No,No,16,No,No phone service,Fiber optic,No,No,No,Yes,Yes,No,Month-to-month,Yes,Credit card (automatic),98.81,1526.81,Yes,Digital_Streaming_Cohort
DIG3-01657,Male,0,Yes,Yes,23,Yes,Yes,DSL,Yes,No,No,No,Yes,Yes,Month-to-month,Yes,Electronic check,116.11,2595.58,Yes,Digital_Streaming_Cohort
DIG3-01658,Male,0,No,No,25,Yes,Yes,Fiber optic,No,Yes,Yes,No,Yes,Yes,Month-to-month,No,Electronic check,151.55,3882.97,No,Digital_Streaming_Cohort
DIG3-01659,Female,0,Yes,Yes,15,No,No phone service,Fiber optic,Yes,Yes,Yes,Yes,Yes,No,One year,Yes,Bank transfer (automatic),136.92,2070.33,Yes,Digital_Streaming_Cohort
DIG3-01660,Female,0,No,No,17,Yes,No,Fiber optic,Yes,No,Yes,No,Yes,Yes,Month-to-month,Yes,Mailed check,133.61,2246.74,Yes,Digital_Streaming_Cohort
DIG3-01661,Male,0,No,No,34,Yes,No,DSL,Yes,No,Yes,No,Yes,Yes,Two year,Yes,Credit card (automatic),115.98,3897.92,No,Digital_Streaming_Cohort
DIG3-01662,Male,0,No,No,1,No,No phone service,Fiber optic,Yes,No,No,No,No,Yes,One year,Yes,Credit card (automatic),100.77,97.88,Yes,Digital_Streaming_Cohort
DIG3-01663,Male,0,No,No,16,Yes,Yes,DSL,No,Yes,Yes,No,No,No,Month-to-month,Yes,Mailed check,104.18,1700.08,Yes,Digital_Streaming_Cohort
DIG3-01664,Female,0,No,No,13,No,No phone service,Fiber optic,Yes,Yes,Yes,No,Yes,No,One year,Yes,Electronic check,115.38,1455.02,No,Digital_Streaming_Cohort
DIG3-01665,Female,0,No,Yes,72,Yes,No,Fiber optic,Yes,Yes,No,No,No,Yes,Two year,Yes,Credit card (automatic),118.84,8463.9,No,Digital_Streaming_Cohort
DIG3-01666,Female,0,Yes,Yes,3,Yes,Yes,No,No internet service,No internet service,No internet service,No internet service,No internet service,No internet service,Two year,Yes,Credit card (automatic),51.86,159.62,No,Digital_Streaming_Cohort
DIG3-01667,Male,0,Yes,No,22,Yes,No,Fiber optic,Yes,No,No,No,No,Yes,Two year,Yes,Bank transfer (automatic),112.61,2469.98,No,Digital_Streaming_Cohort
DIG3-01668,Male,0,Yes,No,33,Yes,Yes,DSL,No,No,No,No,Yes,No,One year,Yes,Credit card (automatic),97.03,3167.87,No,Digital_Streaming_Cohort
DIG3-01669,Male,0,No,Yes,39,Yes,Yes,Fiber optic,Yes,Yes,Yes,Yes,Yes,No,Month-to-month,Yes,Electronic check,156.36,5876.33,Yes,Digital_Streaming_Cohort
DIG3-01670,Female,0,Yes,No,8,No,No phone service,Fiber optic,No,Yes,No,Yes,Yes,No,One year,Yes,Credit card (automatic),112.15,895.08,No,Digital_Streaming_Cohort
DIG3-01671,Female,0,Yes,No,12,Yes,No,DSL,No,No,No,Yes,No,No,Month-to-month,Yes,Bank transfer (automatic),75.83,905.3,Yes,Digital_Streaming_Cohort
DIG3-01672,Male,0,No,Yes,42,Yes,No,Fiber optic,No,Yes,No,No,Yes,No,Month-to-month,Yes,Credit card (automatic),111.57,4849.01,Yes,Digital_Streaming_Cohort
DIG3-01673,Female,0,No,No,34,Yes,Yes,Fiber optic,No,Yes,No,Yes,Yes,Yes,Month-to-month,Yes,Electronic check,156.0,5449.92,Yes,Digital_Streaming_Cohort
DIG3-01674,Female,0,No,No,32,Yes,No,Fiber optic,Yes,Yes,No,No,Yes,No,Month-to-month,Yes,Bank transfer (automatic),121.0,3771.35,No,Digital_Streaming_Cohort
DIG3-01675,Female,0,Yes,No,34,Yes,Yes,DSL,No,No,No,Yes,No,No,Month-to-month,Yes,Credit card (automatic),91.6,3127.64,No,Digital_Streaming_Cohort
DIG3-01676,Male,0,No,Yes,4,Yes,No,Fiber optic,No,No,No,Yes,Yes,Yes,One year,Yes,Electronic check,124.54,494.12,No,Digital_Streaming_Cohort
DIG3-01677,Male,0,No,No,21,Yes,Yes,DSL,Yes,Yes,Yes,No,Yes,Yes,Two year,Yes,Bank transfer (automatic),144.62,3100.78,No,Digital_Streaming_Cohort
DIG3-01678,Female,0,No,No,12,No,No phone service,Fiber optic,No,No,Yes,Yes,No,No,Month-to-month,Yes,Electronic check,89.98,1083.62,Yes,Digital_Streaming_Cohort
DIG3-01679,Female,0,Yes,No,18,Yes,No,Fiber optic,No,Yes,Yes,No,Yes,Yes,Month-to-month,Yes,Credit card (automatic),135.39,2509.51,Yes,Digital_Streaming_Cohort
DIG3-01680,Male,0,No,Yes,46,No,No phone service,DSL,Yes,Yes,No,No,Yes,Yes,Month-to-month,No,Bank transfer (automatic),97.84,4500.22,No,Digital_Streaming_Cohort
DIG3-01681,Male,0,No,Yes,33,Yes,No,Fiber optic,No,No,No,No,No,Yes,Month-to-month,Yes,Electronic check,95.32,3163.47,Yes,Digital_Streaming_Cohort
DIG3-01682,Female,0,No,No,4,Yes,No,Fiber optic,Yes,Yes,No,Yes,Yes,No,One year,Yes,Bank transfer (automatic),127.53,498.4,No,Digital_Streaming_Cohort
DIG3-01683,Male,0,No,No,7,Yes,Yes,DSL,No,Yes,Yes,No,No,Yes,Month-to-month,No,Mailed check,116.73,849.16,Yes,Digital_Streaming_Cohort
DIG3-01684,Female,0,No,No,72,Yes,No,Fiber optic,No,No,Yes,No,No,Yes,Two year,Yes,Credit card (automatic),108.6,7561.72,No,Digital_Streaming_Cohort
DIG3-01685,Male,0,No,Yes,16,Yes,Yes,Fiber optic,Yes,No,No,No,No,Yes,One year,No,Credit card (automatic),128.06,2009.04,No,Digital_Streaming_Cohort
DIG3-01686,Male,0,Yes,No,5,Yes,Yes,Fiber optic,No,Yes,Yes,No,Yes,Yes,Month-to-month,Yes,Credit card (automatic),152.73,739.35,Yes,Digital_Streaming_Cohort
DIG3-01687,Female,0,No,No,19,Yes,Yes,Fiber optic,No,Yes,Yes,No,Yes,No,Two year,Yes,Mailed check,132.75,2572.59,No,Digital_Streaming_Cohort
DIG3-01688,Female,0,No,No,37,Yes,Yes,Fiber optic,Yes,No,No,Yes,Yes,Yes,Month-to-month,Yes,Credit card (automatic),156.13,5874.92,No,Digital_Streaming_Cohort
DIG3-01689,Male,0,Yes,Yes,1,Yes,No,DSL,No,Yes,Yes,Yes,Yes,Yes,Month-to-month,Yes,Credit card (automatic),123.63,121.12,Yes,Digital_Streaming_Cohort
DIG3-01690,Male,0,No,Yes,49,Yes,Yes,Fiber optic,No,Yes,Yes,No,Yes,Yes,Month-to-month,Yes,Electronic check,148.5,7034.63,No,Digital_Streaming_Cohort
DIG3-01691,Male,0,No,Yes,37,Yes,Yes,DSL,Yes,Yes,No,Yes,Yes,Yes,Two year,Yes,Electronic check,143.52,5228.15,No,Digital_Streaming_Cohort
DIG3-01692,Male,0,No,No,29,Yes,No,Fiber optic,Yes,No,Yes,Yes,No,Yes,One year,Yes,Credit card (automatic),132.16,3936.68,No,Digital_Streaming_Cohort
DIG3-01693,Female,0,No,Yes,3,Yes,No,DSL,No,No,Yes,No,Yes,No,Month-to-month,No,Electronic check,92.69,285.27,Yes,Digital_Streaming_Cohort
DIG3-01694,Female,0,Yes,No,7,Yes,Yes,Fiber optic,Yes,No,No,No,Yes,No,Month-to-month,Yes,Electronic check,122.08,831.46,Yes,Digital_Streaming_Cohort
DIG3-01695,Female,1,No,No,56,Yes,Yes,Fiber optic,Yes,Yes,No,Yes,Yes,No,One year,No,Bank transfer (automatic),147.05,8080.67,No,Digital_Streaming_Cohort
DIG3-01696,Male,0,Yes,Yes,2,Yes,Yes,Fiber optic,Yes,No,No,No,No,Yes,Month-to-month,Yes,Bank transfer (automatic),128.72,254.29,Yes,Digital_Streaming_Cohort
DIG3-01697,Male,0,No,No,4,No,No phone service,No,No internet service,No internet service,No internet service,No internet service,No internet service,No internet service,Month-to-month,No,Bank transfer (automatic),33.71,138.94,No,Digital_Streaming_Cohort
DIG3-01698,Female,0,Yes,No,72,Yes,No,Fiber optic,No,Yes,Yes,No,Yes,Yes,One year,Yes,Credit card (automatic),130.32,9483.21,No,Digital_Streaming_Cohort
DIG3-01699,Female,0,No,No,5,Yes,No,Fiber optic,Yes,No,Yes,Yes,Yes,Yes,Month-to-month,No,Credit card (automatic),144.83,706.56,No,Digital_Streaming_Cohort
DIG3-01700,Male,0,No,No,25,Yes,Yes,Fiber optic,Yes,Yes,No,No,No,Yes,One year,Yes,Electronic check,134.23,3419.98,No,Digital_Streaming_Cohort
DIG3-01701,Male,0,Yes,Yes,22,Yes,No,Fiber optic,No,Yes,No,Yes,Yes,Yes,Month-to-month,Yes,Credit card (automatic),143.79,3089.76,Yes,Digital_Streaming_Cohort
DIG3-01702,Female,0,Yes,Yes,61,Yes,No,DSL,No,No,Yes,Yes,Yes,Yes,One year,Yes,Electronic check,115.11,6764.35,No,Digital_Streaming_Cohort
DIG3-01703,Male,0,No,Yes,3,Yes,No,Fiber optic,Yes,Yes,Yes,Yes,Yes,No,Month-to-month,No,Credit card (automatic),139.46,432.58,Yes,Digital_Streaming_Cohort
DIG3-01704,Female,0,No,No,27,No,No phone service,DSL,Yes,Yes,No,Yes,Yes,No,Month-to-month,Yes,Bank transfer (automatic),97.22,2578.12,No,Digital_Streaming_Cohort
DIG3-01705,Male,0,No,No,72,Yes,No,Fiber optic,No,No,Yes,Yes,Yes,Yes,Month-to-month,Yes,Credit card (automatic),131.6,9647.53,Yes,Digital_Streaming_Cohort
DIG3-01706,Female,0,Yes,Yes,8,Yes,Yes,Fiber optic,Yes,Yes,No,Yes,Yes,No,One year,Yes,Credit card (automatic),142.46,1119.89,No,Digital_Streaming_Cohort
DIG3-01707,Female,0,No,Yes,2,Yes,Yes,Fiber optic,Yes,Yes,No,Yes,Yes,Yes,Month-to-month,Yes,Bank transfer (automatic),160.91,318.56,Yes,Digital_Streaming_Cohort
DIG3-01708,Male,0,No,No,45,Yes,Yes,Fiber optic,No,Yes,Yes,No,Yes,Yes,Month-to-month,No,Electronic check,149.46,6732.62,Yes,Digital_Streaming_Cohort
DIG3-01709,Male,0,No,No,18,Yes,Yes,DSL,Yes,No,Yes,No,Yes,No,Month-to-month,No,Credit card (automatic),118.73,2143.66,No,Digital_Streaming_Cohort
DIG3-01710,Female,0,No,Yes,11,Yes,Yes,DSL,Yes,Yes,Yes,No,No,Yes,Month-to-month,No,Credit card (automatic),124.21,1359.15,No,Digital_Streaming_Cohort
DIG3-01711,Female,0,Yes,No,33,Yes,Yes,Fiber optic,No,No,No,No,Yes,No,Month-to-month,No,Bank transfer (automatic),106.11,3385.71,No,Digital_Streaming_Cohort
DIG3-01712,Male,0,No,Yes,11,Yes,Yes,DSL,No,No,No,Yes,No,No,Month-to-month,Yes,Mailed check,89.63,969.07,No,Digital_Streaming_Cohort
DIG3-01713,Male,0,No,Yes,7,Yes,Yes,Fiber optic,No,Yes,Yes,Yes,No,No,Month-to-month,No,Credit card (automatic),131.11,952.08,No,Digital_Streaming_Cohort
DIG3-01714,Male,0,No,No,13,Yes,Yes,Fiber optic,No,No,Yes,No,Yes,Yes,One year,Yes,Credit card (automatic),134.6,1796.14,No,Digital_Streaming_Cohort
DIG3-01715,Female,0,Yes,Yes,11,Yes,No,Fiber optic,Yes,Yes,No,Yes,No,No,Two year,Yes,Electronic check,115.01,1214.53,No,Digital_Streaming_Cohort
DIG3-01716,Female,0,No,No,13,Yes,Yes,Fiber optic,Yes,Yes,No,Yes,No,Yes,One year,Yes,Bank transfer (automatic),144.3,1923.44,Yes,Digital_Streaming_Cohort
DIG3-01717,Male,0,Yes,No,72,No,No phone service,DSL,No,Yes,No,No,Yes,No,Month-to-month,Yes,Electronic check,77.08,5352.49,Yes,Digital_Streaming_Cohort
DIG3-01718,Female,0,No,No,2,Yes,Yes,Fiber optic,No,No,Yes,Yes,No,Yes,Month-to-month,Yes,Electronic check,133.48,276.89,Yes,Digital_Streaming_Cohort
DIG3-01719,Male,0,Yes,No,7,Yes,Yes,Fiber optic,Yes,No,Yes,Yes,Yes,No,Month-to-month,Yes,Electronic check,148.38,1027.61,Yes,Digital_Streaming_Cohort
DIG3-01720,Female,0,No,No,40,Yes,No,DSL,No,No,Yes,Yes,No,Yes,Month-to-month,No,Credit card (automatic),103.61,3995.44,Yes,Digital_Streaming_Cohort
DIG3-01721,Male,0,No,Yes,17,Yes,No,Fiber optic,No,Yes,Yes,Yes,Yes,Yes,Month-to-month,No,Bank transfer (automatic),148.21,2510.75,No,Digital_Streaming_Cohort
DIG3-01722,Female,0,Yes,No,27,Yes,Yes,Fiber optic,No,Yes,No,Yes,Yes,Yes,One year,No,Electronic check,146.04,3877.26,Yes,Digital_Streaming_Cohort
DIG3-01723,Male,0,Yes,No,4,Yes,No,Fiber optic,No,No,Yes,Yes,No,Yes,Month-to-month,No,Mailed check,123.89,491.4,Yes,Digital_Streaming_Cohort
DIG3-01724,Male,0,No,No,54,No,No phone service,Fiber optic,Yes,Yes,No,Yes,Yes,Yes,One year,Yes,Mailed check,135.7,7180.29,No,Digital_Streaming_Cohort
DIG3-01725,Male,1,No,No,11,Yes,Yes,DSL,No,No,No,No,No,Yes,Month-to-month,Yes,Electronic check,90.71,1028.45,Yes,Digital_Streaming_Cohort
DIG3-01726,Male,0,No,No,7,No,No phone service,Fiber optic,No,Yes,Yes,Yes,Yes,Yes,Month-to-month,Yes,Credit card (automatic),132.22,939.51,No,Digital_Streaming_Cohort
DIG3-01727,Male,1,Yes,No,31,Yes,Yes,DSL,No,Yes,Yes,No,Yes,Yes,Month-to-month,Yes,Credit card (automatic),133.76,4122.1,No,Digital_Streaming_Cohort
DIG3-01728,Female,0,No,Yes,27,Yes,No,Fiber optic,No,No,No,No,No,Yes,Two year,No,Bank transfer (automatic),100.06,2723.88,No,Digital_Streaming_Cohort
DIG3-01729,Male,0,Yes,No,35,Yes,Yes,Fiber optic,Yes,No,Yes,No,Yes,Yes,One year,Yes,Credit card (automatic),153.83,5187.84,Yes,Digital_Streaming_Cohort
DIG3-01730,Female,0,No,No,51,No,No phone service,Fiber optic,Yes,No,Yes,Yes,Yes,No,Month-to-month,Yes,Electronic check,118.84,6134.97,No,Digital_Streaming_Cohort
DIG3-01731,Male,0,No,No,2,No,No phone service,Fiber optic,Yes,No,Yes,Yes,No,Yes,Month-to-month,Yes,Bank transfer (automatic),120.43,240.33,Yes,Digital_Streaming_Cohort
DIG3-01732,Male,1,Yes,No,14,Yes,No,Fiber optic,No,Yes,No,Yes,Yes,Yes,Month-to-month,No,Credit card (automatic),135.07,1905.41,Yes,Digital_Streaming_Cohort
DIG3-01733,Male,0,No,No,14,Yes,Yes,DSL,No,Yes,No,Yes,No,Yes,One year,Yes,Mailed check,118.2,1642.28,No,Digital_Streaming_Cohort
DIG3-01734,Male,0,No,Yes,1,Yes,No,Fiber optic,Yes,No,No,Yes,Yes,No,Month-to-month,Yes,Electronic check,118.86,117.87,Yes,Digital_Streaming_Cohort
DIG3-01735,Female,0,Yes,No,16,No,No phone service,Fiber optic,No,Yes,No,Yes,Yes,No,Month-to-month,Yes,Credit card (automatic),106.29,1675.0,Yes,Digital_Streaming_Cohort
DIG3-01736,Male,0,Yes,No,2,Yes,No,Fiber optic,Yes,Yes,Yes,No,No,Yes,One year,No,Credit card (automatic),130.5,271.09,Yes,Digital_Streaming_Cohort
DIG3-01737,Male,0,No,No,19,Yes,Yes,Fiber optic,No,Yes,No,No,No,Yes,Two year,Yes,Bank transfer (automatic),128.19,2375.77,No,Digital_Streaming_Cohort
DIG3-01738,Male,1,Yes,No,9,Yes,No,DSL,No,No,No,Yes,No,Yes,Month-to-month,Yes,Mailed check,91.29,826.49,Yes,Digital_Streaming_Cohort
DIG3-01739,Female,0,No,No,9,Yes,Yes,DSL,Yes,No,Yes,No,Yes,No,One year,No,Credit card (automatic),119.48,1059.6,Yes,Digital_Streaming_Cohort
DIG3-01740,Female,0,Yes,No,3,No,No phone service,Fiber optic,Yes,No,Yes,No,No,No,Month-to-month,Yes,Electronic check,100.28,302.09,Yes,Digital_Streaming_Cohort
DIG3-01741,Male,1,Yes,Yes,65,Yes,Yes,Fiber optic,Yes,Yes,No,No,Yes,Yes,One year,Yes,Credit card (automatic),147.8,9310.26,No,Digital_Streaming_Cohort
DIG3-01742,Female,0,No,No,4,Yes,Yes,Fiber optic,No,Yes,Yes,No,Yes,No,One year,No,Credit card (automatic),135.77,560.99,Yes,Digital_Streaming_Cohort
DIG3-01743,Male,0,Yes,No,2,Yes,Yes,DSL,Yes,No,No,Yes,Yes,Yes,One year,No,Electronic check,129.76,260.19,No,Digital_Streaming_Cohort
DIG3-01744,Female,0,Yes,No,9,Yes,No,Fiber optic,No,No,Yes,No,No,No,Month-to-month,No,Electronic check,93.51,870.52,Yes,Digital_Streaming_Cohort
DIG3-01745,Male,0,No,Yes,2,Yes,Yes,Fiber optic,Yes,Yes,Yes,No,Yes,Yes,One year,Yes,Credit card (automatic),157.4,315.38,Yes,Digital_Streaming_Cohort
DIG3-01746,Male,0,Yes,No,32,No,No phone service,DSL,Yes,Yes,No,No,Yes,No,Month-to-month,No,Electronic check,85.4,2692.94,Yes,Digital_Streaming_Cohort
DIG3-01747,Male,0,Yes,No,28,No,No phone service,Fiber optic,Yes,No,Yes,Yes,Yes,No,Month-to-month,No,Bank transfer (automatic),117.16,3183.96,No,Digital_Streaming_Cohort
DIG3-01748,Male,0,Yes,No,25,Yes,Yes,Fiber optic,No,No,No,Yes,Yes,No,Month-to-month,Yes,Credit card (automatic),127.26,3307.15,No,Digital_Streaming_Cohort
DIG3-01749,Female,0,No,No,72,Yes,Yes,DSL,No,No,Yes,No,Yes,Yes,Month-to-month,Yes,Credit card (automatic),112.99,8280.84,No,Digital_Streaming_Cohort
DIG3-01750,Female,0,No,No,10,No,No phone service,Fiber optic,Yes,No,No,No,Yes,No,Month-to-month,Yes,Credit card (automatic),99.13,1001.31,No,Digital_Streaming_Cohort
DIG3-01751,Female,0,No,No,43,Yes,No,Fiber optic,No,Yes,Yes,Yes,Yes,No,One year,Yes,Electronic check,130.45,5751.95,No,Digital_Streaming_Cohort
DIG3-01752,Female,1,Yes,Yes,11,Yes,Yes,Fiber optic,Yes,No,No,Yes,Yes,Yes,Month-to-month,Yes,Credit card (automatic),151.64,1695.33,Yes,Digital_Streaming_Cohort
DIG3-01753,Female,0,Yes,No,9,Yes,Yes,Fiber optic,No,Yes,Yes,No,No,No,One year,Yes,Credit card (automatic),117.66,1044.66,No,Digital_Streaming_Cohort
DIG3-01754,Male,0,Yes,No,17,Yes,No,Fiber optic,No,No,No,No,Yes,Yes,Month-to-month,Yes,Electronic check,113.72,1931.93,Yes,Digital_Streaming_Cohort
DIG3-01755,Female,0,No,Yes,39,Yes,No,Fiber optic,No,No,Yes,Yes,No,Yes,Month-to-month,Yes,Credit card (automatic),114.81,4332.65,No,Digital_Streaming_Cohort
DIG3-01756,Female,0,No,No,10,Yes,No,Fiber optic,Yes,No,No,No,Yes,No,One year,Yes,Electronic check,105.15,1020.06,Yes,Digital_Streaming_Cohort
DIG3-01757,Male,0,No,No,6,Yes,Yes,Fiber optic,No,No,No,No,No,Yes,One year,Yes,Credit card (automatic),114.3,692.37,No,Digital_Streaming_Cohort
DIG3-01758,Female,0,No,No,4,Yes,No,Fiber optic,No,Yes,No,No,Yes,No,Two year,Yes,Electronic check,115.77,467.47,No,Digital_Streaming_Cohort
DIG3-01759,Male,1,No,No,6,Yes,Yes,DSL,No,Yes,No,No,No,No,One year,Yes,Electronic check,89.93,552.38,No,Digital_Streaming_Cohort
DIG3-01760,Female,0,Yes,No,17,Yes,No,Fiber optic,Yes,Yes,Yes,No,No,Yes,Month-to-month,Yes,Electronic check,129.78,2213.79,Yes,Digital_Streaming_Cohort
DIG3-01761,Female,0,No,Yes,14,Yes,No,Fiber optic,No,No,Yes,No,No,Yes,Month-to-month,Yes,Electronic check,106.5,1487.82,No,Digital_Streaming_Cohort
DIG3-01762,Female,0,Yes,Yes,29,Yes,Yes,DSL,Yes,No,Yes,No,Yes,Yes,Month-to-month,Yes,Bank transfer (automatic),131.8,3765.79,No,Digital_Streaming_Cohort
DIG3-01763,Male,0,No,No,14,Yes,Yes,DSL,No,No,Yes,Yes,No,No,Month-to-month,Yes,Bank transfer (automatic),95.8,1291.4,Yes,Digital_Streaming_Cohort
DIG3-01764,Male,0,Yes,Yes,29,Yes,No,Fiber optic,Yes,Yes,No,No,No,Yes,Month-to-month,Yes,Bank transfer (automatic),118.92,3376.85,Yes,Digital_Streaming_Cohort
DIG3-01765,Female,0,No,No,27,Yes,No,Fiber optic,No,No,No,No,Yes,Yes,Two year,Yes,Mailed check,118.14,3300.14,No,Digital_Streaming_Cohort
DIG3-01766,Female,0,No,No,71,Yes,Yes,DSL,Yes,Yes,Yes,No,No,Yes,Month-to-month,Yes,Credit card (automatic),123.07,8562.67,No,Digital_Streaming_Cohort
DIG3-01767,Male,0,No,No,2,No,No phone service,Fiber optic,No,Yes,No,Yes,Yes,Yes,One year,No,Credit card (automatic),123.47,244.79,Yes,Digital_Streaming_Cohort
DIG3-01768,Female,0,No,Yes,4,No,No phone service,Fiber optic,Yes,No,Yes,Yes,Yes,No,One year,Yes,Electronic check,123.23,478.84,No,Digital_Streaming_Cohort
DIG3-01769,Female,0,Yes,Yes,19,Yes,Yes,Fiber optic,No,No,No,No,Yes,Yes,Month-to-month,Yes,Credit card (automatic),127.21,2458.83,Yes,Digital_Streaming_Cohort
DIG3-01770,Male,0,No,Yes,15,Yes,Yes,DSL,No,Yes,No,Yes,Yes,Yes,Month-to-month,Yes,Credit card (automatic),132.05,2035.67,No,Digital_Streaming_Cohort
DIG3-01771,Female,0,Yes,No,16,Yes,Yes,Fiber optic,Yes,No,Yes,Yes,Yes,No,Month-to-month,No,Bank transfer (automatic),141.95,2222.99,No,Digital_Streaming_Cohort
DIG3-01772,Female,0,No,Yes,1,Yes,Yes,DSL,Yes,Yes,No,No,Yes,Yes,Two year,Yes,Credit card (automatic),124.7,128.25,No,Digital_Streaming_Cohort
DIG3-01773,Male,0,No,No,3,Yes,Yes,Fiber optic,Yes,No,Yes,Yes,Yes,Yes,One year,Yes,Credit card (automatic),161.05,469.03,No,Digital_Streaming_Cohort
DIG3-01774,Male,0,No,No,13,Yes,Yes,Fiber optic,Yes,Yes,No,No,Yes,Yes,One year,Yes,Electronic check,151.41,1889.75,Yes,Digital_Streaming_Cohort
DIG3-01775,Female,0,Yes,No,33,Yes,Yes,Fiber optic,Yes,Yes,No,No,Yes,Yes,Month-to-month,Yes,Credit card (automatic),152.35,5158.05,Yes,Digital_Streaming_Cohort
DIG3-01776,Male,0,No,Yes,3,Yes,Yes,Fiber optic,No,No,Yes,Yes,Yes,Yes,Month-to-month,Yes,Electronic check,149.24,458.15,Yes,Digital_Streaming_Cohort
DIG3-01777,Male,0,No,Yes,43,Yes,No,Fiber optic,Yes,Yes,No,No,No,No,One year,No,Electronic check,103.33,4524.74,Yes,Digital_Streaming_Cohort
DIG3-01778,Male,0,Yes,No,43,Yes,Yes,Fiber optic,Yes,No,No,No,Yes,Yes,Two year,Yes,Credit card (automatic),138.93,5840.17,No,Digital_Streaming_Cohort
DIG3-01779,Male,0,Yes,No,10,Yes,Yes,Fiber optic,Yes,Yes,No,No,Yes,Yes,Month-to-month,Yes,Credit card (automatic),147.5,1524.3,No,Digital_Streaming_Cohort
DIG3-01780,Male,0,Yes,Yes,1,Yes,Yes,DSL,No,No,Yes,Yes,No,No,Month-to-month,Yes,Electronic check,97.01,94.94,No,Digital_Streaming_Cohort
DIG3-01781,Male,0,No,No,32,Yes,Yes,Fiber optic,No,No,No,No,Yes,Yes,Month-to-month,Yes,Credit card (automatic),130.33,4184.44,No,Digital_Streaming_Cohort
DIG3-01782,Male,0,Yes,No,11,Yes,Yes,Fiber optic,Yes,Yes,No,No,Yes,Yes,Month-to-month,Yes,Bank transfer (automatic),147.06,1671.01,No,Digital_Streaming_Cohort
DIG3-01783,Male,0,No,No,20,Yes,Yes,Fiber optic,Yes,No,Yes,No,No,Yes,Month-to-month,No,Credit card (automatic),135.33,2696.72,Yes,Digital_Streaming_Cohort
DIG3-01784,Female,0,No,Yes,29,Yes,No,Fiber optic,Yes,Yes,No,No,Yes,No,One year,No,Electronic check,124.38,3695.19,No,Digital_Streaming_Cohort
DIG3-01785,Male,0,Yes,No,55,Yes,No,Fiber optic,No,No,Yes,No,No,Yes,Month-to-month,Yes,Credit card (automatic),113.55,6297.54,Yes,Digital_Streaming_Cohort
DIG3-01786,Female,0,Yes,No,4,No,No phone service,Fiber optic,Yes,No,Yes,No,Yes,No,Month-to-month,No,Credit card (automatic),110.96,457.65,No,Digital_Streaming_Cohort
DIG3-01787,Male,0,No,No,65,No,No phone service,Fiber optic,No,Yes,No,Yes,Yes,No,Month-to-month,Yes,Mailed check,108.78,7327.92,Yes,Digital_Streaming_Cohort
DIG3-01788,Male,0,No,No,33,Yes,No,DSL,Yes,No,No,Yes,No,No,Month-to-month,Yes,Mailed check,85.61,2760.94,No,Digital_Streaming_Cohort
DIG3-01789,Male,0,No,No,37,Yes,No,Fiber optic,Yes,Yes,Yes,No,Yes,Yes,Two year,Yes,Bank transfer (automatic),148.51,5533.9,No,Digital_Streaming_Cohort
DIG3-01790,Female,0,Yes,No,38,Yes,Yes,No,No internet service,No internet service,No internet service,No internet service,No internet service,No internet service,Two year,Yes,Mailed check,46.36,1828.21,No,Digital_Streaming_Cohort
DIG3-01791,Female,0,No,No,16,No,No phone service,Fiber optic,No,Yes,No,No,Yes,No,Month-to-month,Yes,Electronic check,100.97,1626.86,Yes,Digital_Streaming_Cohort
DIG3-01792,Male,0,No,No,2,Yes,Yes,Fiber optic,Yes,No,Yes,Yes,Yes,Yes,One year,No,Mailed check,158.43,304.97,Yes,Digital_Streaming_Cohort
DIG3-01793,Female,0,No,No,36,No,No phone service,Fiber optic,Yes,Yes,Yes,Yes,Yes,Yes,One year,Yes,Credit card (automatic),146.12,5070.83,No,Digital_Streaming_Cohort
DIG3-01794,Female,0,Yes,No,26,Yes,Yes,Fiber optic,No,No,Yes,No,No,Yes,Month-to-month,No,Bank transfer (automatic),124.4,3140.7,Yes,Digital_Streaming_Cohort
DIG3-01795,Female,0,No,No,35,No,No phone service,DSL,Yes,Yes,No,No,Yes,Yes,Month-to-month,Yes,Mailed check,102.05,3625.41,Yes,Digital_Streaming_Cohort
DIG3-01796,Male,0,No,No,1,Yes,No,Fiber optic,No,Yes,No,No,Yes,No,One year,Yes,Bank transfer (automatic),109.12,109.83,Yes,Digital_Streaming_Cohort
DIG3-01797,Female,0,No,Yes,72,Yes,No,Fiber optic,No,No,No,No,No,Yes,Month-to-month,Yes,Electronic check,100.58,7295.03,No,Digital_Streaming_Cohort
DIG3-01798,Female,0,No,Yes,3,Yes,Yes,Fiber optic,No,Yes,No,Yes,Yes,Yes,One year,Yes,Bank transfer (automatic),154.03,445.36,Yes,Digital_Streaming_Cohort
DIG3-01799,Male,0,No,No,3,Yes,Yes,Fiber optic,No,No,No,No,Yes,Yes,One year,Yes,Credit card (automatic),131.34,401.72,Yes,Digital_Streaming_Cohort
DIG3-01800,Female,0,Yes,No,13,Yes,No,No,No internet service,No internet service,No internet service,No internet service,No internet service,No internet service,Month-to-month,No,Credit card (automatic),36.71,477.55,No,Digital_Streaming_Cohort
DIG3-01801,Male,1,No,No,35,Yes,No,DSL,No,Yes,No,No,No,No,Month-to-month,Yes,Bank transfer (automatic),73.61,2486.46,Yes,Digital_Streaming_Cohort
DIG3-01802,Male,0,No,No,19,Yes,Yes,DSL,Yes,No,No,Yes,Yes,No,Month-to-month,Yes,Credit card (automatic),113.68,2146.28,No,Digital_Streaming_Cohort
DIG3-01803,Female,0,Yes,Yes,8,Yes,Yes,Fiber optic,No,Yes,Yes,No,No,Yes,Month-to-month,No,Bank transfer (automatic),137.25,1138.5,Yes,Digital_Streaming_Cohort
DIG3-01804,Female,0,Yes,Yes,17,No,No phone service,No,No internet service,No internet service,No internet service,No internet service,No internet service,No internet service,One year,No,Bank transfer (automatic),27.99,459.31,No,Digital_Streaming_Cohort
DIG3-01805,Female,0,Yes,Yes,43,Yes,No,Fiber optic,Yes,Yes,No,Yes,Yes,No,Month-to-month,No,Credit card (automatic),127.28,5377.07,No,Digital_Streaming_Cohort
DIG3-01806,Male,1,No,No,21,Yes,No,DSL,Yes,No,No,Yes,Yes,Yes,Month-to-month,Yes,Electronic check,109.37,2301.87,No,Digital_Streaming_Cohort
DIG3-01807,Male,0,No,No,4,Yes,No,DSL,No,Yes,No,No,No,Yes,One year,No,Credit card (automatic),86.53,336.04,No,Digital_Streaming_Cohort
DIG3-01808,Male,0,Yes,No,72,Yes,Yes,Fiber optic,No,Yes,No,No,No,Yes,Month-to-month,No,Credit card (automatic),124.13,9113.32,No,Digital_Streaming_Cohort
DIG3-01809,Female,0,No,No,1,Yes,Yes,DSL,No,No,Yes,No,Yes,Yes,Month-to-month,No,Electronic check,124.02,126.13,Yes,Digital_Streaming_Cohort
DIG3-01810,Male,0,No,No,6,No,No phone service,Fiber optic,No,Yes,No,Yes,Yes,No,Two year,Yes,Credit card (automatic),110.91,658.02,No,Digital_Streaming_Cohort
DIG3-01811,Female,0,No,No,10,No,No phone service,Fiber optic,No,No,Yes,No,No,Yes,Month-to-month,No,Bank transfer (automatic),97.62,961.63,No,Digital_Streaming_Cohort
DIG3-01812,Male,1,No,No,2,No,No phone service,DSL,Yes,No,Yes,Yes,Yes,No,Month-to-month,Yes,Bank transfer (automatic),103.67,202.31,Yes,Digital_Streaming_Cohort
DIG3-01813,Female,0,Yes,No,3,No,No phone service,Fiber optic,No,Yes,Yes,Yes,Yes,No,Month-to-month,No,Bank transfer (automatic),123.46,366.56,Yes,Digital_Streaming_Cohort
DIG3-01814,Male,0,No,No,5,Yes,Yes,Fiber optic,Yes,No,Yes,No,No,Yes,Month-to-month,Yes,Electronic check,135.52,693.75,Yes,Digital_Streaming_Cohort
DIG3-01815,Male,1,No,No,2,Yes,Yes,DSL,Yes,Yes,No,No,Yes,No,One year,Yes,Electronic check,119.93,235.36,Yes,Digital_Streaming_Cohort
DIG3-01816,Male,0,Yes,Yes,10,Yes,Yes,Fiber optic,Yes,Yes,No,Yes,Yes,Yes,One year,Yes,Mailed check,162.37,1624.58,No,Digital_Streaming_Cohort
DIG3-01817,Female,0,Yes,No,1,Yes,No,DSL,No,Yes,No,Yes,Yes,Yes,Month-to-month,Yes,Bank transfer (automatic),110.48,106.29,Yes,Digital_Streaming_Cohort
DIG3-01818,Male,0,No,Yes,53,Yes,No,Fiber optic,Yes,No,Yes,No,Yes,Yes,One year,Yes,Bank transfer (automatic),134.21,7067.72,No,Digital_Streaming_Cohort
DIG3-01819,Female,0,No,Yes,46,Yes,No,Fiber optic,No,Yes,Yes,No,Yes,No,Month-to-month,No,Electronic check,118.62,5466.47,Yes,Digital_Streaming_Cohort
DIG3-01820,Female,0,Yes,Yes,1,Yes,No,Fiber optic,No,No,No,No,Yes,Yes,Month-to-month,Yes,Credit card (automatic),113.57,116.03,Yes,Digital_Streaming_Cohort
DIG3-01821,Male,0,No,Yes,36,No,No phone service,Fiber optic,No,Yes,No,No,No,Yes,Month-to-month,No,Electronic check,100.8,3719.24,No,Digital_Streaming_Cohort
DIG3-01822,Female,0,Yes,No,14,Yes,Yes,Fiber optic,Yes,Yes,Yes,No,Yes,Yes,Two year,Yes,Electronic check,160.0,2275.34,Yes,Digital_Streaming_Cohort
DIG3-01823,Male,0,Yes,No,28,No,No phone service,Fiber optic,Yes,No,No,No,No,Yes,Month-to-month,No,Credit card (automatic),97.48,2802.64,No,Digital_Streaming_Cohort
DIG3-01824,Female,0,Yes,No,14,Yes,Yes,Fiber optic,No,Yes,No,Yes,Yes,Yes,Two year,Yes,Bank transfer (automatic),151.7,2192.94,No,Digital_Streaming_Cohort
DIG3-01825,Male,0,No,No,6,Yes,No,DSL,No,No,No,Yes,Yes,Yes,Month-to-month,Yes,Bank transfer (automatic),104.85,617.94,Yes,Digital_Streaming_Cohort
DIG3-01826,Male,0,Yes,No,22,Yes,Yes,Fiber optic,Yes,No,No,Yes,No,No,One year,Yes,Electronic check,116.66,2658.44,No,Digital_Streaming_Cohort
DIG3-01827,Male,0,Yes,No,3,Yes,Yes,No,No internet service,No internet service,No internet service,No internet service,No internet service,No internet service,Month-to-month,Yes,Credit card (automatic),45.84,134.5,No,Digital_Streaming_Cohort
DIG3-01828,Male,0,Yes,No,31,Yes,Yes,DSL,No,Yes,Yes,Yes,Yes,No,Month-to-month,Yes,Credit card (automatic),122.33,3733.64,No,Digital_Streaming_Cohort
DIG3-01829,Male,1,No,No,23,Yes,Yes,Fiber optic,Yes,No,Yes,No,Yes,Yes,Two year,Yes,Bank transfer (automatic),147.69,3279.67,No,Digital_Streaming_Cohort
DIG3-01830,Female,0,No,Yes,25,No,No phone service,Fiber optic,No,No,Yes,No,Yes,No,Month-to-month,Yes,Credit card (automatic),100.4,2496.89,Yes,Digital_Streaming_Cohort
DIG3-01831,Male,0,No,No,27,No,No phone service,No,No internet service,No internet service,No internet service,No internet service,No internet service,No internet service,Month-to-month,Yes,Credit card (automatic),28.66,756.08,Yes,Digital_Streaming_Cohort
DIG3-01832,Male,0,Yes,No,58,Yes,Yes,Fiber optic,No,No,Yes,No,No,No,Month-to-month,No,Credit card (automatic),108.62,6480.6,No,Digital_Streaming_Cohort
DIG3-01833,Male,0,No,Yes,39,Yes,Yes,DSL,Yes,No,No,Yes,Yes,Yes,Month-to-month,Yes,Mailed check,132.35,5208.75,Yes,Digital_Streaming_Cohort
DIG3-01834,Male,0,Yes,No,26,Yes,Yes,Fiber optic,Yes,No,Yes,No,Yes,Yes,Month-to-month,Yes,Credit card (automatic),151.94,3816.65,No,Digital_Streaming_Cohort
DIG3-01835,Female,0,Yes,No,5,Yes,Yes,Fiber optic,No,Yes,No,No,Yes,Yes,Month-to-month,No,Credit card (automatic),134.73,667.77,Yes,Digital_Streaming_Cohort
DIG3-01836,Male,1,Yes,Yes,40,Yes,Yes,DSL,No,Yes,No,No,No,No,Month-to-month,Yes,Credit card (automatic),92.75,3585.57,Yes,Digital_Streaming_Cohort
DIG3-01837,Male,0,Yes,No,8,Yes,No,DSL,No,Yes,No,No,Yes,Yes,One year,Yes,Credit card (automatic),105.09,849.21,Yes,Digital_Streaming_Cohort
DIG3-01838,Female,0,No,Yes,24,Yes,Yes,Fiber optic,No,No,No,Yes,Yes,Yes,Month-to-month,No,Bank transfer (automatic),141.53,3411.63,Yes,Digital_Streaming_Cohort
DIG3-01839,Female,0,No,No,44,Yes,Yes,No,No internet service,No internet service,No internet service,No internet service,No internet service,No internet service,One year,Yes,Bank transfer (automatic),52.61,2388.87,Yes,Digital_Streaming_Cohort
DIG3-01840,Female,0,Yes,No,72,Yes,Yes,DSL,No,No,No,No,No,Yes,Month-to-month,Yes,Bank transfer (automatic),92.13,6715.93,Yes,Digital_Streaming_Cohort
DIG3-01841,Male,0,No,Yes,2,No,No phone service,Fiber optic,Yes,No,No,No,Yes,No,One year,Yes,Bank transfer (automatic),100.23,205.41,Yes,Digital_Streaming_Cohort
DIG3-01842,Male,0,Yes,No,20,Yes,Yes,Fiber optic,No,No,Yes,Yes,No,No,Two year,Yes,Electronic check,113.6,2324.26,No,Digital_Streaming_Cohort
DIG3-01843,Male,0,Yes,No,25,No,No phone service,Fiber optic,Yes,Yes,No,No,No,Yes,Two year,Yes,Electronic check,103.3,2578.21,No,Digital_Streaming_Cohort
DIG3-01844,Female,0,No,No,42,Yes,Yes,No,No internet service,No internet service,No internet service,No internet service,No internet service,No internet service,Month-to-month,Yes,Credit card (automatic),53.88,2339.32,No,Digital_Streaming_Cohort
DIG3-01845,Female,0,No,Yes,19,No,No phone service,DSL,Yes,No,No,Yes,Yes,Yes,Two year,Yes,Electronic check,106.2,2042.73,No,Digital_Streaming_Cohort
DIG3-01846,Female,0,No,Yes,62,Yes,Yes,DSL,No,Yes,Yes,No,No,No,Two year,Yes,Electronic check,107.89,6882.41,No,Digital_Streaming_Cohort
DIG3-01847,Female,0,No,Yes,4,Yes,Yes,Fiber optic,Yes,Yes,No,No,Yes,No,Month-to-month,No,Credit card (automatic),136.36,551.01,Yes,Digital_Streaming_Cohort
DIG3-01848,Male,0,Yes,No,72,Yes,Yes,Fiber optic,Yes,No,Yes,Yes,Yes,Yes,One year,Yes,Bank transfer (automatic),153.49,11252.24,Yes,Digital_Streaming_Cohort
DIG3-01849,Female,0,No,No,27,Yes,Yes,DSL,No,No,Yes,No,Yes,Yes,Month-to-month,No,Bank transfer (automatic),116.48,3139.15,No,Digital_Streaming_Cohort
DIG3-01850,Female,0,No,No,30,Yes,Yes,DSL,No,Yes,Yes,Yes,Yes,No,Month-to-month,Yes,Mailed check,121.32,3745.28,Yes,Digital_Streaming_Cohort
DIG3-01851,Male,1,No,No,3,No,No phone service,Fiber optic,Yes,Yes,No,No,Yes,Yes,Month-to-month,Yes,Bank transfer (automatic),125.78,375.51,Yes,Digital_Streaming_Cohort
DIG3-01852,Female,0,Yes,No,7,No,No phone service,Fiber optic,Yes,Yes,Yes,No,Yes,Yes,Two year,No,Bank transfer (automatic),141.04,976.38,No,Digital_Streaming_Cohort
DIG3-01853,Male,0,Yes,No,11,Yes,No,DSL,Yes,Yes,Yes,Yes,Yes,Yes,Month-to-month,Yes,Electronic check,134.75,1507.25,Yes,Digital_Streaming_Cohort
DIG3-01854,Female,0,Yes,No,28,Yes,Yes,DSL,Yes,Yes,No,No,Yes,Yes,Month-to-month,Yes,Electronic check,130.28,3608.46,No,Digital_Streaming_Cohort
DIG3-01855,Female,0,Yes,No,46,Yes,Yes,DSL,Yes,No,No,No,Yes,Yes,Two year,Yes,Credit card (automatic),122.41,5549.03,No,Digital_Streaming_Cohort
DIG3-01856,Male,0,Yes,No,36,Yes,Yes,Fiber optic,Yes,No,Yes,Yes,No,Yes,Month-to-month,Yes,Bank transfer (automatic),146.55,5362.5,Yes,Digital_Streaming_Cohort
DIG3-01857,Female,0,No,No,14,No,No phone service,Fiber optic,No,Yes,Yes,Yes,Yes,Yes,Month-to-month,Yes,Electronic check,133.06,1821.21,Yes,Digital_Streaming_Cohort
DIG3-01858,Male,0,Yes,No,57,No,No phone service,Fiber optic,No,Yes,Yes,No,No,Yes,Two year,No,Bank transfer (automatic),111.16,6532.83,No,Digital_Streaming_Cohort
DIG3-01859,Female,0,No,No,18,Yes,Yes,DSL,Yes,No,No,No,No,Yes,Month-to-month,Yes,Bank transfer (automatic),108.86,1991.43,Yes,Digital_Streaming_Cohort
DIG3-01860,Female,1,No,Yes,49,Yes,No,Fiber optic,Yes,Yes,No,Yes,Yes,No,Month-to-month,Yes,Bank transfer (automatic),130.44,6434.68,No,Digital_Streaming_Cohort
DIG3-01861,Female,0,No,No,16,Yes,No,Fiber optic,No,No,No,No,No,Yes,Month-to-month,No,Credit card (automatic),97.5,1507.95,No,Digital_Streaming_Cohort
DIG3-01862,Male,0,No,No,4,No,No phone service,Fiber optic,Yes,Yes,Yes,No,Yes,No,Month-to-month,Yes,Mailed check,117.8,485.03,Yes,Digital_Streaming_Cohort
DIG3-01863,Female,1,Yes,No,66,Yes,No,Fiber optic,No,No,No,No,No,No,Month-to-month,Yes,Credit card (automatic),82.83,5490.5,No,Digital_Streaming_Cohort
DIG3-01864,Male,0,Yes,No,15,Yes,No,Fiber optic,No,Yes,No,No,No,No,One year,Yes,Electronic check,98.38,1432.41,No,Digital_Streaming_Cohort
DIG3-01865,Female,1,No,No,14,Yes,Yes,Fiber optic,No,No,Yes,Yes,Yes,No,Two year,No,Electronic check,135.83,1913.67,No,Digital_Streaming_Cohort
DIG3-01866,Male,0,Yes,No,26,Yes,Yes,Fiber optic,No,No,Yes,No,Yes,Yes,Two year,Yes,Electronic check,141.86,3701.0,No,Digital_Streaming_Cohort
DIG3-01867,Male,0,No,Yes,9,No,No phone service,Fiber optic,No,Yes,Yes,Yes,No,Yes,Month-to-month,No,Bank transfer (automatic),118.28,1104.08,Yes,Digital_Streaming_Cohort
DIG3-01868,Female,0,No,Yes,22,Yes,Yes,Fiber optic,Yes,No,No,No,Yes,No,Month-to-month,Yes,Electronic check,128.35,2828.0,No,Digital_Streaming_Cohort
DIG3-01869,Female,0,Yes,No,5,Yes,Yes,Fiber optic,Yes,No,No,Yes,Yes,Yes,Month-to-month,Yes,Electronic check,149.24,738.68,Yes,Digital_Streaming_Cohort
DIG3-01870,Female,0,No,No,31,Yes,No,Fiber optic,No,Yes,Yes,No,No,Yes,Month-to-month,Yes,Credit card (automatic),122.27,3670.46,Yes,Digital_Streaming_Cohort
DIG3-01871,Female,1,Yes,Yes,8,No,No phone service,Fiber optic,Yes,No,No,No,No,Yes,One year,Yes,Credit card (automatic),97.82,764.19,Yes,Digital_Streaming_Cohort
DIG3-01872,Female,0,Yes,No,51,Yes,Yes,No,No internet service,No internet service,No internet service,No internet service,No internet service,No internet service,Month-to-month,Yes,Credit card (automatic),54.83,2764.33,No,Digital_Streaming_Cohort
DIG3-01873,Female,0,No,No,16,Yes,No,Fiber optic,No,No,No,Yes,No,Yes,Month-to-month,No,Electronic check,109.27,1684.23,Yes,Digital_Streaming_Cohort
DIG3-01874,Female,1,No,No,67,Yes,No,No,No internet service,No internet service,No internet service,No internet service,No internet service,No internet service,Month-to-month,No,Credit card (automatic),35.41,2289.75,Yes,Digital_Streaming_Cohort
DIG3-01875,Male,0,No,No,2,Yes,Yes,DSL,No,No,Yes,Yes,Yes,Yes,Month-to-month,Yes,Bank transfer (automatic),130.39,254.46,Yes,Digital_Streaming_Cohort
DIG3-01876,Male,0,No,No,19,Yes,No,Fiber optic,Yes,No,Yes,Yes,Yes,No,One year,Yes,Electronic check,132.03,2452.3,No,Digital_Streaming_Cohort
DIG3-01877,Female,0,No,No,19,No,No phone service,Fiber optic,Yes,Yes,No,No,Yes,Yes,Month-to-month,Yes,Credit card (automatic),124.75,2398.86,No,Digital_Streaming_Cohort
DIG3-01878,Male,0,No,No,2,Yes,No,Fiber optic,No,No,No,No,Yes,No,One year,Yes,Electronic check,99.23,202.51,Yes,Digital_Streaming_Cohort
DIG3-01879,Male,0,No,No,7,Yes,Yes,Fiber optic,Yes,No,Yes,No,Yes,No,Month-to-month,Yes,Credit card (automatic),142.25,1008.42,Yes,Digital_Streaming_Cohort
DIG3-01880,Female,0,No,Yes,10,Yes,Yes,Fiber optic,No,No,Yes,Yes,No,No,One year,Yes,Bank transfer (automatic),121.7,1240.33,No,Digital_Streaming_Cohort
DIG3-01881,Male,1,Yes,No,1,No,No phone service,Fiber optic,No,Yes,Yes,Yes,Yes,Yes,Month-to-month,Yes,Bank transfer (automatic),136.37,134.6,Yes,Digital_Streaming_Cohort
DIG3-01882,Male,0,No,No,11,Yes,No,DSL,Yes,No,No,No,Yes,Yes,Month-to-month,No,Credit card (automatic),104.65,1169.45,Yes,Digital_Streaming_Cohort
DIG3-01883,Male,0,No,No,41,Yes,No,DSL,No,No,No,Yes,No,Yes,Month-to-month,Yes,Bank transfer (automatic),96.42,3927.49,No,Digital_Streaming_Cohort
DIG3-01884,Male,0,No,No,2,Yes,Yes,Fiber optic,No,Yes,No,Yes,No,Yes,Month-to-month,Yes,Electronic check,140.06,280.99,Yes,Digital_Streaming_Cohort
DIG3-01885,Male,0,Yes,Yes,32,Yes,No,Fiber optic,Yes,No,No,No,No,No,Month-to-month,Yes,Credit card (automatic),93.78,2884.04,No,Digital_Streaming_Cohort
DIG3-01886,Female,0,Yes,Yes,57,Yes,Yes,Fiber optic,No,No,Yes,No,No,No,Month-to-month,Yes,Electronic check,111.54,6298.36,Yes,Digital_Streaming_Cohort
DIG3-01887,Female,0,No,No,18,Yes,Yes,Fiber optic,No,No,No,No,No,Yes,Month-to-month,No,Credit card (automatic),117.37,2042.46,Yes,Digital_Streaming_Cohort
DIG3-01888,Male,0,No,No,72,Yes,Yes,Fiber optic,No,Yes,Yes,Yes,No,No,Month-to-month,No,Bank transfer (automatic),128.75,9210.48,No,Digital_Streaming_Cohort
DIG3-01889,Male,0,No,Yes,11,Yes,No,DSL,Yes,Yes,No,Yes,Yes,Yes,Month-to-month,No,Bank transfer (automatic),132.63,1502.94,Yes,Digital_Streaming_Cohort
DIG3-01890,Male,0,Yes,No,3,No,No phone service,DSL,Yes,Yes,Yes,No,No,No,Month-to-month,Yes,Bank transfer (automatic),89.17,276.03,No,Digital_Streaming_Cohort
DIG3-01891,Male,0,Yes,No,7,Yes,No,Fiber optic,No,No,Yes,Yes,No,Yes,Month-to-month,Yes,Bank transfer (automatic),119.12,863.21,Yes,Digital_Streaming_Cohort
DIG3-01892,Female,0,No,No,17,Yes,Yes,Fiber optic,No,Yes,Yes,Yes,Yes,No,Month-to-month,Yes,Electronic check,144.64,2533.63,No,Digital_Streaming_Cohort
DIG3-01893,Female,0,No,No,72,No,No phone service,Fiber optic,Yes,No,No,Yes,Yes,Yes,Month-to-month,Yes,Credit card (automatic),126.09,8827.97,No,Digital_Streaming_Cohort
DIG3-01894,Male,0,Yes,No,13,Yes,Yes,Fiber optic,No,No,Yes,No,Yes,No,Two year,Yes,Mailed check,126.86,1653.21,No,Digital_Streaming_Cohort
DIG3-01895,Female,0,No,No,21,No,No phone service,Fiber optic,Yes,Yes,Yes,No,No,Yes,Two year,Yes,Bank transfer (automatic),117.18,2367.81,No,Digital_Streaming_Cohort
DIG3-01896,Male,0,No,No,12,Yes,No,Fiber optic,Yes,Yes,No,No,Yes,Yes,Month-to-month,Yes,Credit card (automatic),137.91,1715.41,Yes,Digital_Streaming_Cohort
DIG3-01897,Female,0,Yes,No,37,No,No phone service,Fiber optic,No,Yes,Yes,Yes,Yes,Yes,Month-to-month,Yes,Electronic check,133.94,5000.82,Yes,Digital_Streaming_Cohort
DIG3-01898,Male,0,Yes,No,23,Yes,No,Fiber optic,Yes,No,No,Yes,Yes,Yes,Month-to-month,Yes,Bank transfer (automatic),134.3,3043.48,No,Digital_Streaming_Cohort
DIG3-01899,Male,0,No,No,28,Yes,Yes,Fiber optic,Yes,No,Yes,No,Yes,Yes,Month-to-month,Yes,Credit card (automatic),152.49,4257.65,Yes,Digital_Streaming_Cohort
DIG3-01900,Female,0,No,No,53,Yes,Yes,Fiber optic,Yes,Yes,No,Yes,Yes,Yes,Two year,No,Electronic check,156.49,8253.91,Yes,Digital_Streaming_Cohort
DIG3-01901,Female,0,No,No,46,Yes,Yes,DSL,Yes,Yes,Yes,No,Yes,Yes,Month-to-month,No,Bank transfer (automatic),141.51,6489.86,No,Digital_Streaming_Cohort
DIG3-01902,Female,0,No,Yes,14,Yes,Yes,DSL,No,No,No,Yes,Yes,No,Two year,Yes,Bank transfer (automatic),104.56,1519.17,No,Digital_Streaming_Cohort
DIG3-01903,Female,0,Yes,Yes,5,Yes,Yes,Fiber optic,Yes,Yes,No,No,No,Yes,Month-to-month,Yes,Bank transfer (automatic),134.13,664.16,No,Digital_Streaming_Cohort
DIG3-01904,Male,0,Yes,No,26,Yes,No,Fiber optic,Yes,No,Yes,Yes,Yes,Yes,One year,Yes,Electronic check,142.3,3615.2,Yes,Digital_Streaming_Cohort
DIG3-01905,Female,0,Yes,No,28,Yes,No,Fiber optic,Yes,No,Yes,No,Yes,Yes,One year,Yes,Bank transfer (automatic),136.28,3747.91,No,Digital_Streaming_Cohort
DIG3-01906,Female,1,No,No,2,Yes,Yes,Fiber optic,No,Yes,No,Yes,Yes,No,Month-to-month,No,Electronic check,134.14,271.59,Yes,Digital_Streaming_Cohort
DIG3-01907,Male,0,No,No,14,Yes,No,DSL,Yes,Yes,Yes,No,Yes,Yes,Month-to-month,Yes,Electronic check,124.51,1740.78,No,Digital_Streaming_Cohort
DIG3-01908,Male,0,No,Yes,58,Yes,Yes,Fiber optic,No,No,Yes,Yes,Yes,Yes,One year,Yes,Mailed check,151.06,8416.41,No,Digital_Streaming_Cohort
DIG3-01909,Female,0,Yes,No,28,Yes,Yes,DSL,No,No,Yes,Yes,Yes,No,Month-to-month,Yes,Mailed check,117.4,3375.87,No,Digital_Streaming_Cohort
DIG3-01910,Female,0,Yes,No,21,Yes,Yes,Fiber optic,Yes,No,No,Yes,Yes,Yes,Month-to-month,No,Bank transfer (automatic),146.67,3189.33,No,Digital_Streaming_Cohort
DIG3-01911,Male,0,Yes,No,12,Yes,No,DSL,No,No,Yes,No,Yes,No,Two year,Yes,Bank transfer (automatic),86.23,1039.69,No,Digital_Streaming_Cohort
DIG3-01912,Male,0,Yes,No,24,Yes,Yes,No,No internet service,No internet service,No internet service,No internet service,No internet service,No internet service,Month-to-month,Yes,Credit card (automatic),45.75,1115.67,Yes,Digital_Streaming_Cohort
DIG3-01913,Male,0,No,Yes,4,Yes,No,DSL,Yes,No,No,Yes,Yes,Yes,One year,Yes,Credit card (automatic),113.79,440.46,No,Digital_Streaming_Cohort
DIG3-01914,Male,0,No,Yes,56,Yes,No,Fiber optic,No,Yes,No,No,Yes,Yes,Month-to-month,Yes,Credit card (automatic),120.64,6588.4,No,Digital_Streaming_Cohort
DIG3-01915,Female,0,No,No,20,Yes,Yes,Fiber optic,Yes,Yes,No,Yes,No,No,Month-to-month,Yes,Bank transfer (automatic),130.26,2528.73,No,Digital_Streaming_Cohort
DIG3-01916,Male,0,No,Yes,22,Yes,Yes,Fiber optic,No,Yes,No,Yes,Yes,Yes,Two year,Yes,Mailed check,148.85,3226.15,No,Digital_Streaming_Cohort
DIG3-01917,Female,0,Yes,Yes,12,Yes,Yes,Fiber optic,No,No,No,No,No,No,Month-to-month,Yes,Electronic check,101.07,1247.2,Yes,Digital_Streaming_Cohort
DIG3-01918,Female,0,Yes,Yes,46,Yes,No,Fiber optic,No,Yes,No,Yes,No,Yes,Month-to-month,Yes,Mailed check,118.77,5508.67,No,Digital_Streaming_Cohort
DIG3-01919,Female,0,No,No,5,Yes,No,Fiber optic,Yes,Yes,No,No,No,Yes,Month-to-month,Yes,Bank transfer (automatic),121.21,621.82,Yes,Digital_Streaming_Cohort
DIG3-01920,Female,0,No,No,65,Yes,No,Fiber optic,Yes,Yes,Yes,No,Yes,Yes,Month-to-month,No,Credit card (automatic),145.26,9512.72,Yes,Digital_Streaming_Cohort
DIG3-01921,Male,0,No,Yes,60,Yes,Yes,Fiber optic,No,Yes,No,Yes,No,Yes,Month-to-month,No,Credit card (automatic),140.25,8593.14,No,Digital_Streaming_Cohort
DIG3-01922,Male,0,Yes,No,5,Yes,Yes,Fiber optic,Yes,Yes,No,No,Yes,Yes,One year,Yes,Electronic check,153.53,752.67,No,Digital_Streaming_Cohort
DIG3-01923,Male,0,Yes,Yes,22,Yes,Yes,Fiber optic,Yes,Yes,No,No,Yes,No,One year,Yes,Mailed check,140.59,3196.04,Yes,Digital_Streaming_Cohort
DIG3-01924,Male,0,No,No,2,Yes,No,DSL,No,Yes,No,No,No,No,Two year,No,Credit card (automatic),81.55,162.32,No,Digital_Streaming_Cohort
DIG3-01925,Female,0,Yes,No,11,Yes,No,DSL,No,No,Yes,Yes,Yes,Yes,Two year,Yes,Credit card (automatic),113.59,1277.57,No,Digital_Streaming_Cohort
DIG3-01926,Male,0,Yes,No,32,No,No phone service,Fiber optic,No,Yes,Yes,No,Yes,No,Two year,Yes,Electronic check,116.44,3871.64,No,Digital_Streaming_Cohort
DIG3-01927,Male,1,No,No,12,Yes,Yes,DSL,No,No,Yes,No,Yes,Yes,Month-to-month,Yes,Mailed check,117.53,1462.21,Yes,Digital_Streaming_Cohort
DIG3-01928,Female,0,No,No,27,Yes,Yes,DSL,Yes,No,Yes,No,Yes,Yes,Month-to-month,Yes,Bank transfer (automatic),130.32,3635.68,No,Digital_Streaming_Cohort
DIG3-01929,Male,0,No,No,19,No,No phone service,DSL,No,Yes,No,No,Yes,Yes,Month-to-month,No,Electronic check,93.96,1743.93,Yes,Digital_Streaming_Cohort
DIG3-01930,Female,0,No,No,50,Yes,Yes,Fiber optic,Yes,Yes,No,No,Yes,Yes,Month-to-month,Yes,Electronic check,148.69,7449.66,Yes,Digital_Streaming_Cohort
DIG3-01931,Male,0,No,Yes,3,Yes,Yes,Fiber optic,No,Yes,No,No,No,No,Two year,Yes,Electronic check,112.0,340.52,No,Digital_Streaming_Cohort
DIG3-01932,Male,0,Yes,No,1,Yes,Yes,Fiber optic,Yes,No,No,Yes,Yes,Yes,Month-to-month,No,Electronic check,150.79,151.32,Yes,Digital_Streaming_Cohort
DIG3-01933,Male,0,Yes,Yes,6,Yes,No,DSL,Yes,Yes,No,Yes,No,Yes,Month-to-month,No,Credit card (automatic),109.66,679.43,No,Digital_Streaming_Cohort
DIG3-01934,Female,0,Yes,No,43,Yes,Yes,Fiber optic,No,No,Yes,Yes,Yes,No,Month-to-month,No,Electronic check,132.8,5535.16,No,Digital_Streaming_Cohort
DIG3-01935,Female,0,Yes,Yes,5,Yes,No,Fiber optic,No,Yes,Yes,Yes,Yes,No,Month-to-month,Yes,Credit card (automatic),132.67,688.17,No,Digital_Streaming_Cohort
DIG3-01936,Male,0,No,No,7,Yes,Yes,Fiber optic,No,No,Yes,No,No,No,Month-to-month,No,Bank transfer (automatic),114.31,800.24,Yes,Digital_Streaming_Cohort
DIG3-01937,Male,0,No,No,24,Yes,No,Fiber optic,No,No,Yes,No,Yes,Yes,Two year,Yes,Credit card (automatic),123.54,2905.27,No,Digital_Streaming_Cohort
DIG3-01938,Female,0,Yes,Yes,4,Yes,Yes,No,No internet service,No internet service,No internet service,No internet service,No internet service,No internet service,Month-to-month,Yes,Credit card (automatic),47.54,186.18,No,Digital_Streaming_Cohort
DIG3-01939,Female,0,No,No,36,No,No phone service,Fiber optic,Yes,No,No,Yes,Yes,Yes,One year,Yes,Mailed check,126.55,4679.45,No,Digital_Streaming_Cohort
DIG3-01940,Female,0,Yes,No,18,Yes,Yes,Fiber optic,Yes,No,Yes,Yes,Yes,No,Month-to-month,Yes,Credit card (automatic),142.76,2624.9,Yes,Digital_Streaming_Cohort
DIG3-01941,Female,0,No,No,9,Yes,No,Fiber optic,No,Yes,No,No,No,Yes,Month-to-month,Yes,Credit card (automatic),113.64,1033.45,Yes,Digital_Streaming_Cohort
DIG3-01942,Male,0,No,Yes,39,Yes,Yes,Fiber optic,No,Yes,No,Yes,Yes,Yes,Month-to-month,Yes,Credit card (automatic),150.14,5981.56,No,Digital_Streaming_Cohort
DIG3-01943,Female,0,No,No,16,Yes,Yes,Fiber optic,No,Yes,No,Yes,Yes,No,One year,Yes,Credit card (automatic),133.14,2164.27,Yes,Digital_Streaming_Cohort
DIG3-01944,Female,0,No,Yes,72,Yes,No,Fiber optic,No,No,No,Yes,Yes,Yes,One year,Yes,Credit card (automatic),123.03,8624.42,Yes,Digital_Streaming_Cohort
DIG3-01945,Male,0,No,No,3,Yes,No,Fiber optic,Yes,Yes,Yes,Yes,Yes,Yes,Month-to-month,Yes,Bank transfer (automatic),151.73,449.79,Yes,Digital_Streaming_Cohort
DIG3-01946,Female,0,No,No,68,Yes,Yes,No,No internet service,No internet service,No internet service,No internet service,No internet service,No internet service,Two year,Yes,Electronic check,48.12,3367.77,No,Digital_Streaming_Cohort
DIG3-01947,Female,0,No,Yes,6,Yes,Yes,DSL,Yes,Yes,No,Yes,No,No,Month-to-month,Yes,Credit card (automatic),108.14,663.23,Yes,Digital_Streaming_Cohort
DIG3-01948,Male,0,No,No,21,Yes,Yes,Fiber optic,No,Yes,No,Yes,No,No,Month-to-month,Yes,Credit card (automatic),116.94,2428.42,No,Digital_Streaming_Cohort
DIG3-01949,Female,0,No,Yes,7,Yes,Yes,DSL,Yes,Yes,Yes,No,No,No,One year,Yes,Electronic check,109.72,776.56,No,Digital_Streaming_Cohort
DIG3-01950,Male,0,Yes,Yes,11,Yes,Yes,Fiber optic,Yes,No,No,Yes,Yes,No,Month-to-month,Yes,Mailed check,135.5,1457.08,No,Digital_Streaming_Cohort
DIG3-01951,Male,0,No,No,4,Yes,Yes,Fiber optic,Yes,No,Yes,No,Yes,Yes,Month-to-month,Yes,Credit card (automatic),153.24,609.0,Yes,Digital_Streaming_Cohort
DIG3-01952,Female,0,No,No,61,Yes,Yes,Fiber optic,Yes,Yes,Yes,Yes,Yes,No,Month-to-month,Yes,Electronic check,157.71,9598.01,No,Digital_Streaming_Cohort
DIG3-01953,Female,0,Yes,No,26,Yes,No,Fiber optic,Yes,Yes,Yes,No,No,No,Month-to-month,Yes,Mailed check,114.61,3061.86,No,Digital_Streaming_Cohort
DIG3-01954,Female,0,Yes,No,28,No,No phone service,Fiber optic,No,Yes,No,No,Yes,Yes,Month-to-month,Yes,Mailed check,117.78,3233.66,Yes,Digital_Streaming_Cohort
DIG3-01955,Female,0,No,No,28,Yes,Yes,Fiber optic,Yes,Yes,No,No,Yes,Yes,Month-to-month,Yes,Credit card (automatic),152.01,4129.36,Yes,Digital_Streaming_Cohort
DIG3-01956,Male,0,Yes,No,25,Yes,Yes,DSL,Yes,No,No,No,No,Yes,Two year,Yes,Credit card (automatic),101.47,2562.35,No,Digital_Streaming_Cohort
DIG3-01957,Male,0,Yes,No,3,Yes,Yes,DSL,Yes,Yes,No,Yes,No,Yes,Month-to-month,No,Credit card (automatic),125.19,383.75,Yes,Digital_Streaming_Cohort
DIG3-01958,Male,0,No,No,7,Yes,Yes,No,No internet service,No internet service,No internet service,No internet service,No internet service,No internet service,Month-to-month,No,Credit card (automatic),49.88,353.56,No,Digital_Streaming_Cohort
DIG3-01959,Female,0,No,Yes,72,No,No phone service,DSL,No,Yes,No,Yes,No,No,One year,Yes,Bank transfer (automatic),72.72,5159.13,Yes,Digital_Streaming_Cohort
DIG3-01960,Female,0,No,Yes,22,Yes,Yes,Fiber optic,Yes,Yes,Yes,Yes,Yes,No,Month-to-month,Yes,Bank transfer (automatic),157.96,3571.65,Yes,Digital_Streaming_Cohort
DIG3-01961,Male,0,No,No,12,Yes,No,DSL,Yes,No,Yes,No,No,Yes,Month-to-month,Yes,Credit card (automatic),95.35,1134.63,Yes,Digital_Streaming_Cohort
DIG3-01962,Male,0,Yes,Yes,8,Yes,Yes,Fiber optic,No,No,No,Yes,Yes,No,Month-to-month,Yes,Credit card (automatic),127.93,1019.95,Yes,Digital_Streaming_Cohort
DIG3-01963,Male,0,No,No,3,Yes,Yes,DSL,Yes,No,Yes,Yes,No,No,Two year,Yes,Bank transfer (automatic),111.92,335.19,No,Digital_Streaming_Cohort
DIG3-01964,Female,0,No,Yes,34,No,No phone service,Fiber optic,No,No,No,Yes,No,Yes,One year,Yes,Credit card (automatic),99.71,3297.42,Yes,Digital_Streaming_Cohort
DIG3-01965,Male,0,No,No,4,Yes,Yes,Fiber optic,No,No,Yes,No,No,No,Two year,Yes,Electronic check,107.88,414.84,No,Digital_Streaming_Cohort
DIG3-01966,Female,0,No,No,24,Yes,Yes,DSL,No,No,No,Yes,No,Yes,Two year,Yes,Mailed check,101.85,2514.5,No,Digital_Streaming_Cohort
DIG3-01967,Female,0,Yes,No,6,No,No phone service,Fiber optic,No,No,Yes,No,Yes,Yes,Month-to-month,Yes,Bank transfer (automatic),115.88,705.81,Yes,Digital_Streaming_Cohort
DIG3-01968,Female,0,No,No,8,Yes,Yes,Fiber optic,Yes,No,No,No,Yes,Yes,One year,Yes,Credit card (automatic),138.65,1085.92,Yes,Digital_Streaming_Cohort
DIG3-01969,Male,0,Yes,Yes,6,Yes,Yes,Fiber optic,No,No,Yes,Yes,No,Yes,Two year,No,Mailed check,135.54,798.34,No,Digital_Streaming_Cohort
DIG3-01970,Male,0,Yes,No,26,Yes,Yes,Fiber optic,No,Yes,No,No,Yes,Yes,Two year,Yes,Credit card (automatic),143.38,3804.59,No,Digital_Streaming_Cohort
DIG3-01971,Female,0,No,No,1,Yes,No,Fiber optic,No,Yes,No,Yes,Yes,Yes,Month-to-month,Yes,Credit card (automatic),137.8,137.5,Yes,Digital_Streaming_Cohort
DIG3-01972,Male,0,Yes,No,8,Yes,Yes,Fiber optic,No,Yes,Yes,Yes,Yes,Yes,Month-to-month,Yes,Bank transfer (automatic),159.91,1253.68,No,Digital_Streaming_Cohort
DIG3-01973,Male,0,No,No,8,No,No phone service,Fiber optic,Yes,Yes,Yes,Yes,Yes,Yes,One year,Yes,Credit card (automatic),142.45,1167.16,Yes,Digital_Streaming_Cohort
DIG3-01974,Female,1,Yes,No,39,Yes,Yes,Fiber optic,No,No,Yes,No,No,No,Month-to-month,No,Electronic check,112.33,4529.16,Yes,Digital_Streaming_Cohort
DIG3-01975,Male,1,No,No,10,Yes,Yes,Fiber optic,No,Yes,No,No,Yes,Yes,Month-to-month,Yes,Credit card (automatic),138.22,1417.43,No,Digital_Streaming_Cohort
DIG3-01976,Female,0,No,No,19,Yes,No,Fiber optic,No,Yes,No,No,No,Yes,Two year,Yes,Bank transfer (automatic),111.04,2072.85,No,Digital_Streaming_Cohort
DIG3-01977,Male,1,Yes,No,3,Yes,No,DSL,Yes,No,No,Yes,No,No,Month-to-month,Yes,Bank transfer (automatic),86.56,255.24,Yes,Digital_Streaming_Cohort
DIG3-01978,Male,0,No,Yes,11,No,No phone service,Fiber optic,No,No,No,No,No,Yes,Month-to-month,No,Electronic check,91.8,989.03,Yes,Digital_Streaming_Cohort
DIG3-01979,Female,0,No,No,43,Yes,Yes,Fiber optic,Yes,No,No,No,Yes,No,Month-to-month,No,Electronic check,125.22,5379.21,No,Digital_Streaming_Cohort
DIG3-01980,Male,0,No,No,48,Yes,No,Fiber optic,No,Yes,Yes,No,Yes,Yes,Two year,Yes,Credit card (automatic),134.76,6454.73,No,Digital_Streaming_Cohort
DIG3-01981,Female,0,No,Yes,6,Yes,Yes,DSL,Yes,Yes,No,No,Yes,Yes,Two year,Yes,Electronic check,133.47,788.82,No,Digital_Streaming_Cohort
DIG3-01982,Male,0,Yes,No,13,Yes,No,DSL,No,Yes,No,No,Yes,No,One year,Yes,Credit card (automatic),83.28,1108.99,Yes,Digital_Streaming_Cohort
DIG3-01983,Female,0,No,No,4,Yes,No,Fiber optic,No,No,No,No,No,Yes,One year,Yes,Credit card (automatic),101.35,396.57,No,Digital_Streaming_Cohort
DIG3-01984,Male,0,No,Yes,12,No,No phone service,Fiber optic,Yes,No,No,No,Yes,Yes,One year,Yes,Electronic check,114.69,1351.82,No,Digital_Streaming_Cohort
DIG3-01985,Male,0,No,No,34,Yes,Yes,Fiber optic,Yes,Yes,Yes,No,Yes,No,One year,No,Electronic check,143.67,4909.36,No,Digital_Streaming_Cohort
DIG3-01986,Male,0,No,No,2,Yes,Yes,Fiber optic,Yes,Yes,Yes,No,Yes,No,Two year,Yes,Bank transfer (automatic),147.36,284.17,No,Digital_Streaming_Cohort
DIG3-01987,Female,0,Yes,No,13,Yes,Yes,DSL,No,No,Yes,No,Yes,No,Month-to-month,Yes,Bank transfer (automatic),96.43,1275.5,No,Digital_Streaming_Cohort
DIG3-01988,Male,0,Yes,Yes,5,Yes,No,Fiber optic,No,Yes,No,No,No,Yes,Month-to-month,Yes,Electronic check,106.04,533.55,Yes,Digital_Streaming_Cohort
DIG3-01989,Female,1,No,No,15,Yes,No,Fiber optic,No,Yes,No,No,No,Yes,One year,Yes,Mailed check,105.8,1621.85,Yes,Digital_Streaming_Cohort
DIG3-01990,Male,0,Yes,No,26,Yes,No,Fiber optic,No,No,No,Yes,Yes,No,Two year,No,Credit card (automatic),109.7,2804.34,No,Digital_Streaming_Cohort
DIG3-01991,Male,0,Yes,Yes,30,Yes,No,DSL,Yes,No,No,No,No,Yes,One year,Yes,Bank transfer (automatic),87.52,2660.53,No,Digital_Streaming_Cohort
DIG3-01992,Male,0,No,Yes,3,Yes,Yes,No,No internet service,No internet service,No internet service,No internet service,No internet service,No internet service,Month-to-month,Yes,Credit card (automatic),52.04,151.33,Yes,Digital_Streaming_Cohort
DIG3-01993,Female,0,No,Yes,12,Yes,Yes,Fiber optic,Yes,No,Yes,No,Yes,Yes,One year,Yes,Mailed check,153.16,1778.07,Yes,Digital_Streaming_Cohort
DIG3-01994,Female,0,No,No,9,Yes,Yes,Fiber optic,No,Yes,Yes,Yes,Yes,Yes,Month-to-month,Yes,Credit card (automatic),164.22,1445.96,No,Digital_Streaming_Cohort
DIG3-01995,Male,1,No,No,26,Yes,No,DSL,No,No,Yes,No,Yes,No,Month-to-month,Yes,Mailed check,90.38,2394.8,Yes,Digital_Streaming_Cohort
DIG3-01996,Male,1,No,No,34,Yes,Yes,Fiber optic,Yes,No,No,No,Yes,Yes,One year,Yes,Electronic check,139.49,4781.19,No,Digital_Streaming_Cohort
DIG3-01997,Male,0,Yes,No,7,Yes,Yes,Fiber optic,Yes,Yes,No,Yes,Yes,No,Month-to-month,Yes,Credit card (automatic),148.34,1076.03,Yes,Digital_Streaming_Cohort
DIG3-01998,Female,0,Yes,No,29,Yes,No,Fiber optic,Yes,Yes,Yes,No,No,Yes,Month-to-month,Yes,Bank transfer (automatic),128.52,3819.62,Yes,Digital_Streaming_Cohort
DIG3-01999,Female,1,Yes,No,12,Yes,Yes,Fiber optic,Yes,No,Yes,No,Yes,Yes,Month-to-month,Yes,Credit card (automatic),154.58,1823.78,No,Digital_Streaming_Cohort
DIG3-02000,Male,0,No,No,10,Yes,Yes,DSL,Yes,Yes,No,No,Yes,Yes,Two year,Yes,Credit card (automatic),128.58,1296.01,Yes,Digital_Streaming_Cohort
DIG3-02001,Female,1,Yes,Yes,8,Yes,Yes,Fiber optic,No,No,Yes,No,Yes,Yes,Month-to-month,Yes,Bank transfer (automatic),139.12,1155.89,Yes,Digital_Streaming_Cohort
DIG3-02002,Female,0,No,No,13,Yes,Yes,Fiber optic,Yes,Yes,Yes,No,Yes,Yes,Two year,Yes,Electronic check,159.84,2094.84,No,Digital_Streaming_Cohort
DIG3-02003,Female,1,No,Yes,11,Yes,No,Fiber optic,No,Yes,Yes,No,Yes,Yes,Month-to-month,Yes,Electronic check,135.21,1431.31,Yes,Digital_Streaming_Cohort
DIG3-02004,Female,0,No,Yes,30,Yes,Yes,Fiber optic,Yes,Yes,Yes,No,No,No,Month-to-month,Yes,Credit card (automatic),129.45,3906.93,No,Digital_Streaming_Cohort
DIG3-02005,Male,0,No,No,5,No,No phone service,DSL,No,No,Yes,No,No,Yes,One year,Yes,Credit card (automatic),83.89,403.7,No,Digital_Streaming_Cohort
DIG3-02006,Female,0,No,Yes,5,Yes,Yes,DSL,No,Yes,Yes,No,Yes,Yes,Month-to-month,Yes,Bank transfer (automatic),129.26,657.52,Yes,Digital_Streaming_Cohort
DIG3-02007,Male,0,Yes,Yes,1,No,No phone service,Fiber optic,Yes,No,Yes,No,No,Yes,Month-to-month,Yes,Credit card (automatic),108.19,103.87,Yes,Digital_Streaming_Cohort
DIG3-02008,Female,0,No,Yes,72,Yes,No,Fiber optic,Yes,Yes,No,No,Yes,Yes,One year,Yes,Credit card (automatic),136.62,9968.2,No,Digital_Streaming_Cohort
DIG3-02009,Female,0,No,No,72,No,No phone service,Fiber optic,Yes,No,Yes,No,No,Yes,Month-to-month,Yes,Bank transfer (automatic),107.99,7588.21,No,Digital_Streaming_Cohort
DIG3-02010,Female,1,Yes,No,2,Yes,No,DSL,Yes,No,Yes,No,Yes,Yes,Month-to-month,Yes,Credit card (automatic),111.03,221.71,Yes,Digital_Streaming_Cohort
DIG3-02011,Male,0,No,No,2,Yes,No,Fiber optic,No,No,Yes,Yes,Yes,No,One year,No,Credit card (automatic),120.29,235.68,No,Digital_Streaming_Cohort
DIG3-02012,Male,0,No,No,3,Yes,No,Fiber optic,No,No,No,No,Yes,Yes,One year,Yes,Bank transfer (automatic),114.69,332.78,Yes,Digital_Streaming_Cohort
DIG3-02013,Male,0,No,No,19,No,No phone service,No,No internet service,No internet service,No internet service,No internet service,No internet service,No internet service,Month-to-month,No,Electronic check,22.87,434.09,No,Digital_Streaming_Cohort
DIG3-02014,Female,0,No,Yes,8,Yes,Yes,Fiber optic,Yes,No,Yes,No,No,No,Month-to-month,Yes,Bank transfer (automatic),124.78,1034.54,Yes,Digital_Streaming_Cohort
DIG3-02015,Male,0,Yes,Yes,2,Yes,Yes,Fiber optic,No,No,No,No,Yes,No,Month-to-month,Yes,Credit card (automatic),117.06,239.78,No,Digital_Streaming_Cohort
DIG3-02016,Male,0,No,No,22,Yes,Yes,Fiber optic,No,No,Yes,Yes,Yes,Yes,Month-to-month,No,Electronic check,152.3,3341.84,Yes,Digital_Streaming_Cohort
DIG3-02017,Female,0,Yes,No,4,Yes,Yes,DSL,Yes,Yes,Yes,No,Yes,Yes,Month-to-month,No,Mailed check,143.55,580.65,Yes,Digital_Streaming_Cohort
DIG3-02018,Female,1,No,No,6,Yes,No,Fiber optic,No,No,Yes,Yes,Yes,No,One year,Yes,Bank transfer (automatic),120.0,704.96,No,Digital_Streaming_Cohort
DIG3-02019,Male,0,No,No,12,Yes,Yes,Fiber optic,No,Yes,No,No,Yes,No,Month-to-month,Yes,Bank transfer (automatic),121.35,1442.8,Yes,Digital_Streaming_Cohort
DIG3-02020,Female,0,No,Yes,35,Yes,Yes,DSL,No,Yes,Yes,No,No,Yes,Month-to-month,No,Bank transfer (automatic),116.84,3975.7,No,Digital_Streaming_Cohort
DIG3-02021,Male,0,No,No,2,Yes,No,Fiber optic,Yes,Yes,No,No,Yes,No,Month-to-month,Yes,Electronic check,118.83,235.18,Yes,Digital_Streaming_Cohort
DIG3-02022,Male,0,No,Yes,3,Yes,Yes,Fiber optic,No,No,Yes,No,Yes,Yes,Month-to-month,Yes,Mailed check,137.23,411.68,Yes,Digital_Streaming_Cohort
DIG3-02023,Male,0,No,Yes,22,Yes,No,Fiber optic,No,Yes,No,No,No,No,One year,No,Credit card (automatic),95.3,2021.36,Yes,Digital_Streaming_Cohort
DIG3-02024,Female,0,No,Yes,34,Yes,No,DSL,Yes,No,Yes,No,Yes,No,Two year,No,Mailed check,99.48,3273.77,No,Digital_Streaming_Cohort
DIG3-02025,Male,1,No,No,32,Yes,Yes,DSL,No,No,Yes,Yes,No,Yes,Month-to-month,No,Credit card (automatic),120.9,3815.43,No,Digital_Streaming_Cohort
DIG3-02026,Male,0,No,No,49,Yes,Yes,DSL,No,Yes,Yes,No,No,Yes,One year,No,Credit card (automatic),118.22,5787.92,No,Digital_Streaming_Cohort
DIG3-02027,Male,0,No,No,9,Yes,Yes,Fiber optic,No,No,No,Yes,Yes,Yes,Two year,Yes,Credit card (automatic),140.17,1258.94,No,Digital_Streaming_Cohort
DIG3-02028,Female,1,No,No,1,Yes,No,DSL,Yes,Yes,No,No,No,Yes,Month-to-month,Yes,Mailed check,101.37,102.43,Yes,Digital_Streaming_Cohort
DIG3-02029,Female,1,No,No,10,Yes,No,Fiber optic,No,No,Yes,Yes,Yes,Yes,Month-to-month,Yes,Electronic check,135.9,1338.68,No,Digital_Streaming_Cohort
DIG3-02030,Female,1,No,Yes,7,Yes,No,DSL,No,No,No,Yes,Yes,No,Two year,Yes,Credit card (automatic),89.94,607.48,No,Digital_Streaming_Cohort
DIG3-02031,Female,1,No,No,16,Yes,Yes,No,No internet service,No internet service,No internet service,No internet service,No internet service,No internet service,Month-to-month,Yes,Credit card (automatic),58.09,925.0,Yes,Digital_Streaming_Cohort
DIG3-02032,Female,0,No,Yes,22,Yes,Yes,Fiber optic,Yes,Yes,Yes,Yes,No,Yes,Month-to-month,Yes,Bank transfer (automatic),161.42,3580.99,No,Digital_Streaming_Cohort
DIG3-02033,Female,0,Yes,Yes,11,Yes,Yes,DSL,Yes,Yes,Yes,No,Yes,No,Month-to-month,Yes,Credit card (automatic),123.16,1384.34,Yes,Digital_Streaming_Cohort
DIG3-02034,Female,0,No,No,72,Yes,Yes,Fiber optic,Yes,No,No,No,No,Yes,One year,No,Bank transfer (automatic),126.25,8834.28,No,Digital_Streaming_Cohort
DIG3-02035,Female,0,Yes,Yes,27,Yes,Yes,Fiber optic,No,Yes,No,Yes,No,Yes,One year,Yes,Bank transfer (automatic),132.53,3619.16,No,Digital_Streaming_Cohort
DIG3-02036,Male,0,No,No,21,Yes,Yes,Fiber optic,No,Yes,Yes,Yes,Yes,No,Month-to-month,Yes,Electronic check,141.99,3017.97,Yes,Digital_Streaming_Cohort
DIG3-02037,Female,0,No,No,72,Yes,Yes,DSL,Yes,Yes,No,No,Yes,Yes,One year,Yes,Credit card (automatic),127.98,8994.5,No,Digital_Streaming_Cohort
DIG3-02038,Male,0,No,No,7,No,No phone service,Fiber optic,Yes,No,No,No,No,Yes,Month-to-month,Yes,Credit card (automatic),102.49,719.9,Yes,Digital_Streaming_Cohort
DIG3-02039,Female,0,No,No,4,No,No phone service,Fiber optic,No,No,No,Yes,Yes,Yes,Month-to-month,Yes,Mailed check,115.16,452.04,Yes,Digital_Streaming_Cohort
DIG3-02040,Male,1,No,No,14,Yes,Yes,Fiber optic,Yes,No,Yes,Yes,No,Yes,One year,Yes,Credit card (automatic),141.18,2007.82,No,Digital_Streaming_Cohort
DIG3-02041,Male,0,Yes,Yes,11,Yes,No,Fiber optic,No,Yes,No,No,Yes,No,Month-to-month,Yes,Credit card (automatic),107.55,1215.28,Yes,Digital_Streaming_Cohort
DIG3-02042,Male,0,No,No,72,Yes,Yes,Fiber optic,No,Yes,No,No,No,Yes,Month-to-month,Yes,Electronic check,130.24,9152.86,No,Digital_Streaming_Cohort
DIG3-02043,Male,0,Yes,No,22,Yes,Yes,Fiber optic,Yes,No,No,Yes,Yes,Yes,Month-to-month,No,Electronic check,153.49,3256.75,No,Digital_Streaming_Cohort
DIG3-02044,Female,0,No,No,1,Yes,Yes,DSL,No,No,No,Yes,No,Yes,Month-to-month,Yes,Credit card (automatic),107.65,103.72,Yes,Digital_Streaming_Cohort
DIG3-02045,Female,0,No,No,1,Yes,Yes,Fiber optic,No,Yes,Yes,Yes,Yes,No,Two year,Yes,Electronic check,139.8,136.06,Yes,Digital_Streaming_Cohort
DIG3-02046,Female,0,No,Yes,1,Yes,Yes,Fiber optic,Yes,No,No,No,Yes,Yes,Month-to-month,Yes,Credit card (automatic),140.98,137.99,Yes,Digital_Streaming_Cohort
DIG3-02047,Female,0,Yes,No,9,Yes,Yes,Fiber optic,Yes,Yes,No,No,No,Yes,Month-to-month,Yes,Credit card (automatic),129.09,1206.77,No,Digital_Streaming_Cohort
DIG3-02048,Male,0,No,No,7,Yes,No,Fiber optic,No,No,Yes,Yes,No,Yes,Month-to-month,Yes,Electronic check,119.59,809.24,No,Digital_Streaming_Cohort
DIG3-02049,Male,0,Yes,Yes,33,Yes,Yes,DSL,No,No,Yes,No,Yes,Yes,Two year,Yes,Bank transfer (automatic),122.12,3985.75,No,Digital_Streaming_Cohort
DIG3-02050,Male,0,No,Yes,56,No,No phone service,Fiber optic,Yes,No,No,Yes,No,No,Two year,No,Credit card (automatic),93.9,5239.46,No,Digital_Streaming_Cohort
DIG3-02051,Male,0,No,No,24,Yes,Yes,DSL,Yes,Yes,No,Yes,Yes,No,Month-to-month,Yes,Bank transfer (automatic),123.97,2996.73,Yes,Digital_Streaming_Cohort
DIG3-02052,Female,0,Yes,No,1,Yes,No,Fiber optic,No,No,No,No,No,Yes,Month-to-month,Yes,Mailed check,102.08,101.1,No,Digital_Streaming_Cohort
DIG3-02053,Male,0,Yes,Yes,58,Yes,No,Fiber optic,No,Yes,Yes,No,Yes,No,Month-to-month,No,Credit card (automatic),121.28,7078.9,No,Digital_Streaming_Cohort
DIG3-02054,Female,0,No,No,24,Yes,Yes,DSL,Yes,Yes,No,No,Yes,No,Month-to-month,Yes,Electronic check,114.21,2813.68,Yes,Digital_Streaming_Cohort
DIG3-02055,Female,0,No,No,23,No,No phone service,Fiber optic,No,Yes,Yes,Yes,No,No,One year,Yes,Bank transfer (automatic),101.33,2313.01,No,Digital_Streaming_Cohort
DIG3-02056,Female,1,No,No,8,Yes,Yes,DSL,No,No,No,Yes,Yes,Yes,One year,Yes,Bank transfer (automatic),124.54,974.87,Yes,Digital_Streaming_Cohort
DIG3-02057,Female,0,No,No,21,Yes,Yes,DSL,Yes,No,No,No,No,Yes,Two year,Yes,Credit card (automatic),100.82,2183.71,No,Digital_Streaming_Cohort
DIG3-02058,Female,0,Yes,No,72,Yes,Yes,Fiber optic,Yes,No,No,Yes,Yes,Yes,Month-to-month,Yes,Credit card (automatic),144.62,10544.95,No,Digital_Streaming_Cohort
DIG3-02059,Male,0,Yes,No,4,No,No phone service,DSL,Yes,Yes,Yes,No,Yes,Yes,One year,Yes,Bank transfer (automatic),115.51,475.87,No,Digital_Streaming_Cohort
DIG3-02060,Male,0,No,No,7,Yes,No,Fiber optic,No,No,Yes,Yes,No,Yes,Month-to-month,Yes,Bank transfer (automatic),122.19,841.24,No,Digital_Streaming_Cohort
DIG3-02061,Male,0,Yes,No,7,Yes,No,DSL,No,No,Yes,Yes,No,Yes,Month-to-month,No,Credit card (automatic),102.74,699.76,Yes,Digital_Streaming_Cohort
DIG3-02062,Female,0,No,Yes,18,No,No phone service,DSL,No,No,Yes,No,Yes,Yes,One year,Yes,Credit card (automatic),96.36,1752.85,No,Digital_Streaming_Cohort
DIG3-02063,Female,0,No,Yes,18,Yes,No,Fiber optic,Yes,No,Yes,No,No,Yes,Month-to-month,Yes,Credit card (automatic),123.67,2293.52,Yes,Digital_Streaming_Cohort
DIG3-02064,Female,0,No,No,5,No,No phone service,Fiber optic,No,Yes,No,Yes,No,Yes,One year,Yes,Credit card (automatic),111.97,550.02,No,Digital_Streaming_Cohort
DIG3-02065,Male,0,No,Yes,34,Yes,No,Fiber optic,No,Yes,Yes,Yes,Yes,No,Month-to-month,No,Mailed check,132.24,4385.69,No,Digital_Streaming_Cohort
DIG3-02066,Female,1,Yes,No,3,Yes,Yes,Fiber optic,Yes,Yes,No,No,No,No,Month-to-month,No,Credit card (automatic),123.85,357.97,Yes,Digital_Streaming_Cohort
DIG3-02067,Male,0,No,No,60,Yes,No,Fiber optic,Yes,No,No,Yes,No,Yes,One year,Yes,Electronic check,120.56,6963.08,No,Digital_Streaming_Cohort
DIG3-02068,Female,0,Yes,Yes,25,Yes,No,Fiber optic,Yes,Yes,No,Yes,Yes,Yes,Month-to-month,No,Electronic check,145.27,3670.12,No,Digital_Streaming_Cohort
DIG3-02069,Male,0,No,No,19,Yes,No,DSL,No,No,No,No,Yes,No,Month-to-month,No,Credit card (automatic),81.21,1489.21,No,Digital_Streaming_Cohort
DIG3-02070,Female,0,Yes,No,13,Yes,Yes,Fiber optic,Yes,Yes,Yes,Yes,Yes,No,One year,Yes,Bank transfer (automatic),153.31,2056.87,Yes,Digital_Streaming_Cohort
DIG3-02071,Female,0,No,No,21,No,No phone service,Fiber optic,Yes,Yes,Yes,No,No,Yes,Month-to-month,Yes,Credit card (automatic),122.67,2646.61,No,Digital_Streaming_Cohort
DIG3-02072,Male,0,No,Yes,5,Yes,No,DSL,No,No,No,Yes,Yes,Yes,Two year,Yes,Electronic check,104.5,521.93,No,Digital_Streaming_Cohort
DIG3-02073,Male,0,Yes,Yes,49,Yes,No,No,No internet service,No internet service,No internet service,No internet service,No internet service,No internet service,One year,Yes,Electronic check,44.3,2105.71,No,Digital_Streaming_Cohort
DIG3-02074,Male,1,Yes,Yes,28,Yes,Yes,Fiber optic,No,Yes,Yes,No,No,No,Month-to-month,Yes,Mailed check,115.76,3207.82,Yes,Digital_Streaming_Cohort
DIG3-02075,Female,0,Yes,No,36,Yes,No,Fiber optic,Yes,No,No,Yes,No,No,Month-to-month,Yes,Credit card (automatic),102.74,3648.22,No,Digital_Streaming_Cohort
DIG3-02076,Female,0,No,No,17,Yes,No,DSL,Yes,Yes,No,No,Yes,Yes,Month-to-month,Yes,Electronic check,117.88,1944.71,Yes,Digital_Streaming_Cohort
DIG3-02077,Male,0,Yes,No,16,Yes,Yes,Fiber optic,No,No,No,Yes,Yes,Yes,One year,Yes,Electronic check,136.99,2109.55,No,Digital_Streaming_Cohort
DIG3-02078,Female,0,Yes,Yes,24,Yes,No,Fiber optic,No,No,No,Yes,No,No,Month-to-month,No,Electronic check,96.09,2372.67,Yes,Digital_Streaming_Cohort
DIG3-02079,Male,0,No,No,13,Yes,No,Fiber optic,No,Yes,Yes,No,Yes,Yes,Month-to-month,No,Credit card (automatic),130.76,1755.74,No,Digital_Streaming_Cohort
DIG3-02080,Male,0,Yes,No,7,Yes,Yes,DSL,No,Yes,No,No,No,Yes,Two year,No,Bank transfer (automatic),107.38,771.32,No,Digital_Streaming_Cohort
DIG3-02081,Male,0,No,No,24,Yes,Yes,DSL,No,Yes,Yes,No,No,Yes,Month-to-month,No,Mailed check,111.52,2739.15,No,Digital_Streaming_Cohort
DIG3-02082,Male,0,No,No,19,Yes,Yes,DSL,Yes,Yes,Yes,No,Yes,Yes,Month-to-month,Yes,Bank transfer (automatic),137.47,2598.61,No,Digital_Streaming_Cohort
DIG3-02083,Male,0,No,No,4,Yes,Yes,DSL,Yes,Yes,Yes,No,No,No,One year,Yes,Bank transfer (automatic),110.64,427.11,No,Digital_Streaming_Cohort
DIG3-02084,Male,0,Yes,Yes,18,No,No phone service,Fiber optic,Yes,Yes,No,Yes,No,Yes,Month-to-month,No,Bank transfer (automatic),120.15,2186.5,No,Digital_Streaming_Cohort
DIG3-02085,Female,1,Yes,No,1,Yes,Yes,Fiber optic,No,No,Yes,No,Yes,No,Month-to-month,Yes,Credit card (automatic),124.55,123.57,Yes,Digital_Streaming_Cohort
DIG3-02086,Female,0,No,No,69,Yes,Yes,Fiber optic,No,No,Yes,Yes,Yes,No,Two year,Yes,Credit card (automatic),138.67,9947.55,No,Digital_Streaming_Cohort
DIG3-02087,Male,0,Yes,Yes,37,No,No phone service,Fiber optic,No,No,Yes,No,No,No,Month-to-month,No,Electronic check,82.15,3016.77,Yes,Digital_Streaming_Cohort
DIG3-02088,Female,0,No,No,61,Yes,No,Fiber optic,No,Yes,No,Yes,No,Yes,Month-to-month,Yes,Credit card (automatic),122.78,7692.92,Yes,Digital_Streaming_Cohort
DIG3-02089,Male,0,Yes,No,7,No,No phone service,DSL,No,Yes,No,Yes,No,No,Month-to-month,Yes,Credit card (automatic),80.89,581.9,No,Digital_Streaming_Cohort
DIG3-02090,Female,0,No,Yes,9,Yes,Yes,Fiber optic,Yes,No,No,Yes,Yes,Yes,One year,Yes,Bank transfer (automatic),151.76,1389.38,No,Digital_Streaming_Cohort
DIG3-02091,Male,1,No,No,16,Yes,Yes,Fiber optic,No,Yes,No,No,Yes,Yes,One year,No,Credit card (automatic),142.09,2201.52,No,Digital_Streaming_Cohort
DIG3-02092,Male,1,No,No,5,Yes,Yes,DSL,Yes,No,Yes,No,No,No,Month-to-month,Yes,Electronic check,98.92,493.93,Yes,Digital_Streaming_Cohort
DIG3-02093,Male,0,Yes,Yes,10,No,No phone service,Fiber optic,No,Yes,Yes,No,Yes,No,Month-to-month,Yes,Credit card (automatic),110.9,1092.58,Yes,Digital_Streaming_Cohort
DIG3-02094,Female,0,Yes,No,1,Yes,Yes,No,No internet service,No internet service,No internet service,No internet service,No internet service,No internet service,Month-to-month,Yes,Electronic check,57.61,56.05,Yes,Digital_Streaming_Cohort
DIG3-02095,Male,0,No,No,13,No,No phone service,Fiber optic,Yes,Yes,No,Yes,Yes,Yes,Month-to-month,Yes,Credit card (automatic),142.14,1886.68,No,Digital_Streaming_Cohort
DIG3-02096,Female,0,No,No,60,No,No phone service,DSL,Yes,Yes,No,No,Yes,Yes,Month-to-month,Yes,Credit card (automatic),101.89,6110.01,Yes,Digital_Streaming_Cohort
DIG3-02097,Female,0,No,Yes,7,Yes,Yes,Fiber optic,Yes,Yes,Yes,No,No,No,Month-to-month,Yes,Bank transfer (automatic),129.09,933.28,No,Digital_Streaming_Cohort
DIG3-02098,Male,0,No,No,15,Yes,No,Fiber optic,No,Yes,Yes,No,No,Yes,One year,No,Mailed check,119.51,1756.16,No,Digital_Streaming_Cohort
DIG3-02099,Female,0,Yes,No,13,Yes,No,No,No internet service,No internet service,No internet service,No internet service,No internet service,No internet service,One year,Yes,Electronic check,32.47,411.57,No,Digital_Streaming_Cohort
DIG3-02100,Male,1,Yes,No,23,Yes,Yes,DSL,Yes,No,No,Yes,Yes,No,Month-to-month,No,Bank transfer (automatic),113.62,2655.93,No,Digital_Streaming_Cohort
DIG3-02101,Male,0,No,No,1,No,No phone service,Fiber optic,No,No,No,No,No,No,Month-to-month,No,Electronic check,77.13,75.96,Yes,Digital_Streaming_Cohort
DIG3-02102,Female,0,Yes,No,4,No,No phone service,Fiber optic,No,No,No,Yes,No,Yes,Month-to-month,No,Credit card (automatic),103.26,413.95,No,Digital_Streaming_Cohort
DIG3-02103,Male,0,No,No,72,No,No phone service,DSL,Yes,No,Yes,No,Yes,Yes,Month-to-month,Yes,Mailed check,105.31,7317.13,Yes,Digital_Streaming_Cohort
DIG3-02104,Male,0,No,No,3,No,No phone service,Fiber optic,No,Yes,No,No,Yes,No,Two year,Yes,Electronic check,98.4,292.01,Yes,Digital_Streaming_Cohort
DIG3-02105,Male,0,No,No,2,Yes,No,Fiber optic,Yes,Yes,Yes,No,Yes,Yes,One year,Yes,Electronic check,145.74,300.6,Yes,Digital_Streaming_Cohort
DIG3-02106,Male,0,No,No,72,No,No phone service,Fiber optic,Yes,No,No,No,No,Yes,Two year,Yes,Bank transfer (automatic),104.65,7331.81,No,Digital_Streaming_Cohort
DIG3-02107,Male,0,Yes,No,72,Yes,Yes,Fiber optic,No,Yes,Yes,Yes,No,No,Two year,Yes,Bank transfer (automatic),132.42,9358.44,No,Digital_Streaming_Cohort
DIG3-02108,Female,0,Yes,No,1,Yes,Yes,DSL,No,Yes,No,No,Yes,No,One year,No,Credit card (automatic),104.46,104.78,No,Digital_Streaming_Cohort
DIG3-02109,Female,0,Yes,No,3,Yes,Yes,Fiber optic,Yes,Yes,Yes,Yes,Yes,Yes,Month-to-month,No,Mailed check,166.3,494.35,Yes,Digital_Streaming_Cohort
DIG3-02110,Female,1,Yes,No,30,Yes,No,Fiber optic,Yes,No,No,No,No,Yes,Month-to-month,Yes,Bank transfer (automatic),115.34,3546.77,No,Digital_Streaming_Cohort
DIG3-02111,Female,0,No,No,5,Yes,No,No,No internet service,No internet service,No internet service,No internet service,No internet service,No internet service,Month-to-month,Yes,Bank transfer (automatic),32.72,163.22,Yes,Digital_Streaming_Cohort
DIG3-02112,Female,0,No,Yes,1,Yes,Yes,Fiber optic,No,No,No,No,Yes,No,Month-to-month,No,Electronic check,114.68,113.61,Yes,Digital_Streaming_Cohort
DIG3-02113,Female,0,Yes,No,37,Yes,Yes,Fiber optic,No,Yes,No,No,Yes,Yes,Month-to-month,No,Credit card (automatic),139.28,5044.37,No,Digital_Streaming_Cohort
DIG3-02114,Male,0,Yes,No,3,Yes,No,DSL,No,Yes,No,No,Yes,Yes,Two year,Yes,Bank transfer (automatic),104.48,301.4,No,Digital_Streaming_Cohort
DIG3-02115,Female,0,Yes,Yes,18,Yes,Yes,Fiber optic,No,Yes,No,No,Yes,Yes,Two year,Yes,Bank transfer (automatic),142.75,2514.69,No,Digital_Streaming_Cohort
DIG3-02116,Male,0,No,No,16,No,No phone service,DSL,No,Yes,No,No,No,Yes,Month-to-month,Yes,Credit card (automatic),79.08,1275.22,No,Digital_Streaming_Cohort
DIG3-02117,Male,0,Yes,No,2,Yes,No,DSL,Yes,Yes,No,Yes,Yes,No,Two year,No,Credit card (automatic),106.87,215.81,No,Digital_Streaming_Cohort
DIG3-02118,Male,0,No,Yes,1,Yes,Yes,Fiber optic,No,Yes,No,Yes,No,Yes,Month-to-month,Yes,Electronic check,127.54,126.44,Yes,Digital_Streaming_Cohort
DIG3-02119,Female,0,Yes,No,15,Yes,Yes,DSL,Yes,No,No,No,Yes,Yes,One year,No,Bank transfer (automatic),122.43,1810.88,No,Digital_Streaming_Cohort
DIG3-02120,Male,0,No,No,11,No,No phone service,DSL,No,Yes,Yes,No,Yes,No,Month-to-month,Yes,Credit card (automatic),88.3,946.97,Yes,Digital_Streaming_Cohort
DIG3-02121,Female,0,No,No,6,Yes,No,Fiber optic,Yes,Yes,No,No,Yes,Yes,Month-to-month,Yes,Electronic check,143.08,853.42,Yes,Digital_Streaming_Cohort
DIG3-02122,Male,1,Yes,Yes,57,Yes,Yes,Fiber optic,No,No,Yes,Yes,Yes,Yes,Month-to-month,No,Credit card (automatic),151.07,8898.04,Yes,Digital_Streaming_Cohort
DIG3-02123,Male,0,Yes,No,3,Yes,Yes,Fiber optic,No,Yes,No,No,No,No,One year,Yes,Electronic check,109.4,320.24,Yes,Digital_Streaming_Cohort
DIG3-02124,Male,0,Yes,No,3,Yes,No,No,No internet service,No internet service,No internet service,No internet service,No internet service,No internet service,Month-to-month,No,Bank transfer (automatic),36.03,105.47,Yes,Digital_Streaming_Cohort
DIG3-02125,Male,0,Yes,Yes,9,Yes,Yes,Fiber optic,Yes,No,No,Yes,Yes,Yes,Two year,Yes,Electronic check,145.99,1302.11,No,Digital_Streaming_Cohort
DIG3-02126,Female,0,Yes,Yes,19,Yes,No,Fiber optic,Yes,Yes,No,Yes,No,Yes,Month-to-month,Yes,Credit card (automatic),131.17,2434.8,No,Digital_Streaming_Cohort
DIG3-02127,Female,0,No,No,25,Yes,No,DSL,Yes,Yes,No,Yes,Yes,Yes,Month-to-month,Yes,Credit card (automatic),127.3,3084.32,No,Digital_Streaming_Cohort
DIG3-02128,Male,0,Yes,No,72,Yes,No,Fiber optic,No,Yes,No,Yes,Yes,Yes,Month-to-month,No,Bank transfer (automatic),135.01,9770.13,Yes,Digital_Streaming_Cohort
DIG3-02129,Female,0,Yes,Yes,62,Yes,Yes,Fiber optic,No,Yes,No,No,Yes,Yes,Two year,Yes,Electronic check,143.93,8902.12,No,Digital_Streaming_Cohort
DIG3-02130,Female,0,Yes,Yes,1,Yes,Yes,Fiber optic,Yes,No,No,No,Yes,Yes,One year,Yes,Electronic check,142.85,139.76,No,Digital_Streaming_Cohort
DIG3-02131,Female,0,No,No,27,Yes,Yes,DSL,Yes,Yes,Yes,Yes,No,Yes,One year,Yes,Mailed check,134.29,3621.34,No,Digital_Streaming_Cohort
DIG3-02132,Male,0,Yes,No,18,Yes,Yes,Fiber optic,Yes,No,No,No,No,Yes,Two year,No,Electronic check,125.78,2253.1,No,Digital_Streaming_Cohort
DIG3-02133,Male,0,Yes,No,24,Yes,Yes,Fiber optic,Yes,Yes,Yes,No,Yes,Yes,Month-to-month,Yes,Bank transfer (automatic),162.69,3855.17,Yes,Digital_Streaming_Cohort
DIG3-02134,Male,0,Yes,No,17,No,No phone service,Fiber optic,Yes,Yes,Yes,No,No,No,Month-to-month,No,Credit card (automatic),107.71,1777.71,No,Digital_Streaming_Cohort
DIG3-02135,Female,0,Yes,Yes,45,Yes,Yes,Fiber optic,No,No,No,No,No,Yes,One year,Yes,Electronic check,111.87,5044.98,No,Digital_Streaming_Cohort
DIG3-02136,Female,0,No,No,72,Yes,Yes,DSL,Yes,No,Yes,Yes,No,Yes,Month-to-month,Yes,Credit card (automatic),131.77,9421.4,Yes,Digital_Streaming_Cohort
DIG3-02137,Female,0,No,Yes,7,Yes,Yes,Fiber optic,No,No,No,Yes,Yes,No,One year,Yes,Credit card (automatic),125.89,874.81,Yes,Digital_Streaming_Cohort
DIG3-02138,Female,0,No,No,26,Yes,Yes,Fiber optic,Yes,Yes,No,No,No,Yes,Two year,No,Credit card (automatic),135.54,3663.39,No,Digital_Streaming_Cohort
DIG3-02139,Female,0,No,No,19,Yes,Yes,Fiber optic,No,No,Yes,Yes,Yes,Yes,One year,Yes,Credit card (automatic),146.78,2784.16,No,Digital_Streaming_Cohort
DIG3-02140,Male,0,Yes,No,72,Yes,Yes,Fiber optic,Yes,No,Yes,No,Yes,Yes,Month-to-month,Yes,Electronic check,148.4,10522.86,No,Digital_Streaming_Cohort
DIG3-02141,Female,0,No,No,21,Yes,Yes,DSL,Yes,Yes,No,Yes,Yes,Yes,One year,Yes,Credit card (automatic),142.88,2978.03,No,Digital_Streaming_Cohort
DIG3-02142,Male,0,Yes,Yes,38,Yes,No,DSL,No,No,Yes,No,Yes,Yes,Two year,No,Credit card (automatic),105.91,3940.78,No,Digital_Streaming_Cohort
DIG3-02143,Male,0,No,Yes,3,Yes,Yes,Fiber optic,No,No,No,Yes,Yes,Yes,Month-to-month,Yes,Electronic check,141.13,428.04,Yes,Digital_Streaming_Cohort
DIG3-02144,Male,0,Yes,Yes,23,Yes,Yes,Fiber optic,No,No,Yes,Yes,Yes,No,Two year,Yes,Electronic check,131.71,2980.89,No,Digital_Streaming_Cohort
DIG3-02145,Female,0,No,No,43,Yes,Yes,DSL,Yes,Yes,No,No,No,Yes,Month-to-month,Yes,Bank transfer (automatic),113.74,4899.39,No,Digital_Streaming_Cohort
DIG3-02146,Female,0,Yes,Yes,48,Yes,Yes,Fiber optic,No,Yes,No,Yes,Yes,Yes,Month-to-month,No,Electronic check,149.61,7390.37,No,Digital_Streaming_Cohort
DIG3-02147,Female,0,Yes,Yes,3,Yes,Yes,Fiber optic,No,Yes,No,Yes,No,Yes,Month-to-month,Yes,Electronic check,133.5,398.26,Yes,Digital_Streaming_Cohort
DIG3-02148,Female,0,No,No,7,Yes,Yes,DSL,Yes,Yes,No,Yes,Yes,No,Month-to-month,Yes,Credit card (automatic),128.04,888.47,No,Digital_Streaming_Cohort
DIG3-02149,Female,0,Yes,No,39,Yes,Yes,Fiber optic,No,Yes,Yes,Yes,No,No,Two year,Yes,Electronic check,124.86,4785.6,No,Digital_Streaming_Cohort
DIG3-02150,Male,0,No,Yes,8,No,No phone service,Fiber optic,Yes,Yes,Yes,Yes,No,Yes,Two year,Yes,Bank transfer (automatic),133.65,1109.98,No,Digital_Streaming_Cohort
DIG3-02151,Female,0,No,No,15,No,No phone service,Fiber optic,Yes,No,No,No,No,No,One year,Yes,Credit card (automatic),87.5,1316.98,No,Digital_Streaming_Cohort
DIG3-02152,Male,0,No,No,10,No,No phone service,Fiber optic,No,Yes,No,No,Yes,Yes,Month-to-month,Yes,Bank transfer (automatic),111.42,1125.58,Yes,Digital_Streaming_Cohort
DIG3-02153,Male,0,No,No,3,No,No phone service,Fiber optic,No,Yes,Yes,Yes,Yes,No,Two year,Yes,Electronic check,116.95,348.94,Yes,Digital_Streaming_Cohort
DIG3-02154,Female,0,No,No,72,No,No phone service,DSL,No,No,No,Yes,Yes,Yes,One year,Yes,Electronic check,95.42,6777.11,No,Digital_Streaming_Cohort
DIG3-02155,Female,0,No,No,28,Yes,No,No,No internet service,No internet service,No internet service,No internet service,No internet service,No internet service,Month-to-month,Yes,Mailed check,34.93,1000.74,No,Digital_Streaming_Cohort
DIG3-02156,Female,0,No,No,5,Yes,Yes,Fiber optic,Yes,Yes,No,Yes,No,No,Two year,No,Bank transfer (automatic),128.85,656.93,No,Digital_Streaming_Cohort
DIG3-02157,Male,0,No,No,19,Yes,Yes,DSL,Yes,No,Yes,No,No,Yes,Month-to-month,No,Credit card (automatic),114.61,2180.64,No,Digital_Streaming_Cohort
DIG3-02158,Male,0,Yes,No,15,Yes,Yes,Fiber optic,No,Yes,Yes,No,Yes,Yes,Month-to-month,Yes,Electronic check,148.31,2289.69,No,Digital_Streaming_Cohort
DIG3-02159,Male,0,Yes,No,13,Yes,Yes,Fiber optic,Yes,No,Yes,No,No,Yes,One year,Yes,Credit card (automatic),134.9,1748.55,No,Digital_Streaming_Cohort
DIG3-02160,Male,0,Yes,No,37,Yes,No,Fiber optic,No,Yes,Yes,No,Yes,Yes,Month-to-month,Yes,Electronic check,140.4,5367.23,Yes,Digital_Streaming_Cohort
DIG3-02161,Male,0,Yes,No,9,No,No phone service,Fiber optic,Yes,Yes,No,No,Yes,No,Month-to-month,Yes,Credit card (automatic),111.82,1036.98,Yes,Digital_Streaming_Cohort
DIG3-02162,Female,0,No,No,27,Yes,Yes,Fiber optic,No,Yes,No,No,Yes,Yes,Month-to-month,Yes,Electronic check,146.67,3905.47,Yes,Digital_Streaming_Cohort
DIG3-02163,Male,0,No,No,9,Yes,Yes,Fiber optic,Yes,Yes,Yes,No,Yes,No,Month-to-month,Yes,Credit card (automatic),145.67,1278.88,No,Digital_Streaming_Cohort
DIG3-02164,Male,0,No,No,15,Yes,No,Fiber optic,No,No,No,No,Yes,Yes,One year,Yes,Electronic check,113.5,1716.25,Yes,Digital_Streaming_Cohort
DIG3-02165,Female,0,No,No,40,Yes,No,DSL,No,No,Yes,No,Yes,No,One year,Yes,Electronic check,89.94,3733.82,No,Digital_Streaming_Cohort
DIG3-02166,Female,0,No,No,49,Yes,No,Fiber optic,No,No,Yes,No,Yes,Yes,Month-to-month,No,Electronic check,126.0,6032.19,Yes,Digital_Streaming_Cohort
DIG3-02167,Female,0,No,No,1,Yes,Yes,Fiber optic,No,No,No,No,Yes,No,Month-to-month,Yes,Electronic check,117.6,117.48,Yes,Digital_Streaming_Cohort
DIG3-02168,Male,0,Yes,No,11,Yes,Yes,Fiber optic,Yes,No,No,No,Yes,Yes,Month-to-month,Yes,Bank transfer (automatic),134.82,1464.25,Yes,Digital_Streaming_Cohort
DIG3-02169,Female,0,Yes,No,12,No,No phone service,Fiber optic,No,Yes,No,No,Yes,Yes,Month-to-month,No,Credit card (automatic),115.76,1361.52,Yes,Digital_Streaming_Cohort
DIG3-02170,Female,0,No,Yes,31,Yes,Yes,Fiber optic,No,No,Yes,Yes,Yes,Yes,Month-to-month,Yes,Electronic check,152.56,4762.44,No,Digital_Streaming_Cohort
DIG3-02171,Female,0,Yes,Yes,34,No,No phone service,DSL,No,No,Yes,No,Yes,Yes,One year,No,Mailed check,92.75,3201.23,No,Digital_Streaming_Cohort
DIG3-02172,Female,0,No,No,7,Yes,No,Fiber optic,No,Yes,No,No,No,Yes,Two year,No,Electronic check,112.04,814.81,No,Digital_Streaming_Cohort
DIG3-02173,Female,1,Yes,No,23,No,No phone service,Fiber optic,Yes,No,No,No,Yes,Yes,Month-to-month,Yes,Electronic check,120.23,2855.73,No,Digital_Streaming_Cohort
DIG3-02174,Female,0,No,No,42,No,No phone service,Fiber optic,No,No,No,No,No,Yes,Month-to-month,Yes,Credit card (automatic),95.96,3902.85,No,Digital_Streaming_Cohort
DIG3-02175,Male,0,Yes,No,4,Yes,Yes,No,No internet service,No internet service,No internet service,No internet service,No internet service,No internet service,One year,Yes,Credit card (automatic),46.58,191.7,Yes,Digital_Streaming_Cohort
DIG3-02176,Female,0,No,Yes,2,Yes,Yes,Fiber optic,No,Yes,No,No,Yes,Yes,One year,No,Credit card (automatic),138.76,285.49,Yes,Digital_Streaming_Cohort
DIG3-02177,Male,0,Yes,No,9,Yes,Yes,No,No internet service,No internet service,No internet service,No internet service,No internet service,No internet service,Month-to-month,Yes,Credit card (automatic),49.68,440.37,Yes,Digital_Streaming_Cohort
DIG3-02178,Female,0,Yes,No,34,Yes,No,Fiber optic,No,No,Yes,No,No,Yes,Two year,No,Electronic check,107.09,3558.23,No,Digital_Streaming_Cohort
DIG3-02179,Male,0,Yes,No,6,Yes,Yes,DSL,Yes,No,No,Yes,Yes,No,Month-to-month,Yes,Credit card (automatic),113.37,705.24,No,Digital_Streaming_Cohort
DIG3-02180,Male,0,No,No,59,Yes,Yes,Fiber optic,No,No,No,Yes,Yes,Yes,Month-to-month,Yes,Bank transfer (automatic),141.32,8310.94,Yes,Digital_Streaming_Cohort
DIG3-02181,Male,0,Yes,No,30,Yes,No,Fiber optic,No,Yes,Yes,Yes,Yes,Yes,Two year,Yes,Electronic check,145.44,4458.14,No,Digital_Streaming_Cohort
DIG3-02182,Male,0,Yes,No,2,Yes,No,No,No internet service,No internet service,No internet service,No internet service,No internet service,No internet service,Two year,No,Credit card (automatic),35.31,71.7,No,Digital_Streaming_Cohort
DIG3-02183,Female,0,Yes,Yes,31,Yes,Yes,DSL,No,No,Yes,Yes,Yes,Yes,Month-to-month,Yes,Electronic check,131.42,4015.72,Yes,Digital_Streaming_Cohort
DIG3-02184,Male,0,No,No,3,Yes,No,Fiber optic,Yes,Yes,No,No,Yes,No,Month-to-month,Yes,Credit card (automatic),116.78,340.32,Yes,Digital_Streaming_Cohort
DIG3-02185,Female,0,Yes,No,5,Yes,Yes,DSL,Yes,No,No,Yes,No,No,One year,Yes,Mailed check,104.49,531.78,No,Digital_Streaming_Cohort
DIG3-02186,Female,1,Yes,Yes,65,No,No phone service,Fiber optic,No,Yes,Yes,No,Yes,No,Month-to-month,Yes,Credit card (automatic),108.57,6938.57,No,Digital_Streaming_Cohort
DIG3-02187,Female,0,No,No,11,Yes,No,Fiber optic,No,Yes,Yes,Yes,Yes,Yes,One year,Yes,Credit card (automatic),149.22,1679.4,Yes,Digital_Streaming_Cohort
DIG3-02188,Female,0,No,Yes,16,Yes,Yes,Fiber optic,Yes,No,Yes,No,No,Yes,Two year,Yes,Mailed check,140.8,2265.19,No,Digital_Streaming_Cohort
DIG3-02189,Female,0,Yes,No,28,No,No phone service,Fiber optic,No,Yes,No,Yes,Yes,Yes,Month-to-month,Yes,Electronic check,126.84,3438.74,Yes,Digital_Streaming_Cohort
DIG3-02190,Female,0,Yes,No,72,Yes,Yes,DSL,Yes,Yes,Yes,Yes,No,Yes,Two year,No,Bank transfer (automatic),125.94,9172.71,No,Digital_Streaming_Cohort
DIG3-02191,Male,1,Yes,No,16,Yes,Yes,DSL,Yes,Yes,Yes,No,No,Yes,One year,Yes,Credit card (automatic),124.84,1937.26,No,Digital_Streaming_Cohort
DIG3-02192,Female,0,No,No,31,Yes,No,Fiber optic,Yes,Yes,Yes,Yes,Yes,Yes,Month-to-month,Yes,Credit card (automatic),158.66,4724.56,No,Digital_Streaming_Cohort
DIG3-02193,Female,0,No,No,22,Yes,Yes,DSL,No,Yes,Yes,No,Yes,Yes,Month-to-month,Yes,Bank transfer (automatic),132.46,3012.31,Yes,Digital_Streaming_Cohort
DIG3-02194,Female,1,No,No,26,No,No phone service,DSL,No,No,No,No,Yes,Yes,Month-to-month,No,Electronic check,91.98,2398.12,Yes,Digital_Streaming_Cohort
DIG3-02195,Male,0,No,No,24,Yes,No,Fiber optic,No,No,No,Yes,No,Yes,Month-to-month,Yes,Credit card (automatic),109.37,2664.49,No,Digital_Streaming_Cohort
DIG3-02196,Female,1,No,No,7,Yes,Yes,Fiber optic,No,No,Yes,Yes,No,Yes,Month-to-month,Yes,Credit card (automatic),136.11,941.79,Yes,Digital_Streaming_Cohort
DIG3-02197,Female,1,No,No,72,Yes,Yes,Fiber optic,Yes,Yes,Yes,Yes,Yes,Yes,Month-to-month,Yes,Electronic check,174.75,12178.91,No,Digital_Streaming_Cohort
DIG3-02198,Female,0,Yes,No,64,Yes,Yes,Fiber optic,Yes,Yes,No,Yes,No,Yes,Two year,Yes,Electronic check,146.97,9136.27,No,Digital_Streaming_Cohort
DIG3-02199,Female,0,Yes,No,54,Yes,Yes,Fiber optic,Yes,Yes,Yes,Yes,Yes,Yes,Month-to-month,Yes,Mailed check,171.09,9562.86,Yes,Digital_Streaming_Cohort
DIG3-02200,Female,0,Yes,No,11,Yes,Yes,Fiber optic,No,Yes,Yes,No,Yes,No,Two year,Yes,Electronic check,131.9,1436.92,No,Digital_Streaming_Cohort
DIG3-02201,Male,0,No,No,39,Yes,Yes,Fiber optic,Yes,Yes,No,No,Yes,Yes,Month-to-month,No,Electronic check,154.7,6255.51,Yes,Digital_Streaming_Cohort
DIG3-02202,Female,1,No,No,12,Yes,Yes,Fiber optic,No,Yes,No,No,Yes,No,Month-to-month,Yes,Credit card (automatic),118.54,1390.76,Yes,Digital_Streaming_Cohort
DIG3-02203,Female,0,Yes,No,51,Yes,No,Fiber optic,No,Yes,Yes,No,Yes,No,One year,Yes,Bank transfer (automatic),120.98,6149.46,No,Digital_Streaming_Cohort
DIG3-02204,Male,0,Yes,No,12,Yes,Yes,Fiber optic,Yes,No,No,Yes,Yes,No,Two year,No,Bank transfer (automatic),137.48,1614.61,No,Digital_Streaming_Cohort
DIG3-02205,Male,0,Yes,No,15,Yes,No,Fiber optic,Yes,No,No,Yes,Yes,Yes,One year,No,Electronic check,136.16,1986.88,No,Digital_Streaming_Cohort
DIG3-02206,Female,0,No,No,15,Yes,No,DSL,No,No,No,No,Yes,Yes,Month-to-month,Yes,Bank transfer (automatic),94.73,1458.86,No,Digital_Streaming_Cohort
DIG3-02207,Female,1,No,No,14,Yes,No,Fiber optic,No,Yes,Yes,Yes,Yes,Yes,Month-to-month,Yes,Credit card (automatic),144.03,1947.98,Yes,Digital_Streaming_Cohort
DIG3-02208,Female,0,Yes,No,15,Yes,Yes,Fiber optic,Yes,No,Yes,Yes,Yes,Yes,Month-to-month,No,Credit card (automatic),159.32,2429.44,Yes,Digital_Streaming_Cohort
DIG3-02209,Female,0,No,Yes,3,Yes,No,Fiber optic,No,No,Yes,No,No,Yes,One year,Yes,Credit card (automatic),103.9,308.61,No,Digital_Streaming_Cohort
DIG3-02210,Female,0,No,No,28,Yes,Yes,Fiber optic,Yes,No,Yes,No,No,No,Two year,Yes,Credit card (automatic),120.05,3396.51,Yes,Digital_Streaming_Cohort
DIG3-02211,Male,0,No,No,31,Yes,Yes,Fiber optic,Yes,Yes,No,No,Yes,Yes,One year,Yes,Bank transfer (automatic),146.76,4619.49,No,Digital_Streaming_Cohort
DIG3-02212,Male,0,No,No,72,Yes,Yes,Fiber optic,No,No,Yes,Yes,No,Yes,One year,Yes,Electronic check,142.74,10677.46,Yes,Digital_Streaming_Cohort
DIG3-02213,Male,0,No,No,28,Yes,Yes,Fiber optic,Yes,No,Yes,No,Yes,Yes,Two year,Yes,Electronic check,150.68,4370.56,Yes,Digital_Streaming_Cohort
DIG3-02214,Male,0,No,Yes,55,Yes,Yes,DSL,No,Yes,No,Yes,No,Yes,Month-to-month,Yes,Credit card (automatic),114.01,6409.1,No,Digital_Streaming_Cohort
DIG3-02215,Female,0,No,No,9,Yes,Yes,Fiber optic,Yes,No,Yes,No,Yes,No,One year,No,Mailed check,134.77,1186.43,No,Digital_Streaming_Cohort
DIG3-02216,Female,0,Yes,No,72,Yes,No,Fiber optic,No,No,Yes,No,No,No,Month-to-month,Yes,Credit card (automatic),94.73,6612.79,No,Digital_Streaming_Cohort
DIG3-02217,Male,0,Yes,No,24,Yes,Yes,Fiber optic,No,No,Yes,No,No,Yes,One year,Yes,Electronic check,126.24,3078.91,Yes,Digital_Streaming_Cohort
DIG3-02218,Female,0,Yes,Yes,25,Yes,Yes,DSL,Yes,No,Yes,No,Yes,Yes,One year,Yes,Credit card (automatic),122.99,3180.62,No,Digital_Streaming_Cohort
DIG3-02219,Male,1,Yes,No,17,Yes,Yes,DSL,No,Yes,No,Yes,Yes,Yes,Month-to-month,No,Credit card (automatic),128.91,2165.46,Yes,Digital_Streaming_Cohort
DIG3-02220,Female,0,No,No,43,Yes,Yes,Fiber optic,No,Yes,No,No,Yes,Yes,One year,Yes,Electronic check,138.61,6196.23,Yes,Digital_Streaming_Cohort
DIG3-02221,Female,0,No,No,22,Yes,No,DSL,Yes,Yes,No,Yes,Yes,Yes,Two year,Yes,Electronic check,129.91,2849.43,No,Digital_Streaming_Cohort
DIG3-02222,Male,0,No,No,38,Yes,Yes,Fiber optic,No,No,Yes,No,No,Yes,Month-to-month,Yes,Credit card (automatic),127.34,4941.96,Yes,Digital_Streaming_Cohort
DIG3-02223,Male,0,No,No,23,Yes,No,Fiber optic,No,Yes,No,No,Yes,Yes,Month-to-month,Yes,Credit card (automatic),125.23,2938.75,No,Digital_Streaming_Cohort
DIG3-02224,Female,0,Yes,No,52,Yes,No,Fiber optic,No,No,No,No,No,No,Month-to-month,Yes,Bank transfer (automatic),85.71,4592.43,No,Digital_Streaming_Cohort
DIG3-02225,Female,0,No,No,44,Yes,Yes,Fiber optic,No,Yes,No,No,Yes,Yes,Month-to-month,No,Credit card (automatic),138.29,6289.85,Yes,Digital_Streaming_Cohort
DIG3-02226,Male,0,Yes,No,23,Yes,Yes,Fiber optic,No,Yes,Yes,Yes,Yes,Yes,One year,Yes,Bank transfer (automatic),159.14,3629.65,No,Digital_Streaming_Cohort
DIG3-02227,Female,0,Yes,No,63,Yes,No,Fiber optic,No,No,Yes,No,Yes,Yes,Month-to-month,No,Mailed check,125.4,8206.6,No,Digital_Streaming_Cohort
DIG3-02228,Female,0,Yes,Yes,2,Yes,Yes,Fiber optic,No,Yes,No,Yes,No,Yes,Month-to-month,No,Bank transfer (automatic),132.16,272.0,Yes,Digital_Streaming_Cohort
DIG3-02229,Female,0,No,No,6,Yes,Yes,Fiber optic,No,Yes,No,No,Yes,No,Month-to-month,Yes,Credit card (automatic),127.08,779.48,Yes,Digital_Streaming_Cohort
DIG3-02230,Male,0,Yes,No,63,Yes,No,Fiber optic,Yes,No,No,No,Yes,No,Month-to-month,Yes,Bank transfer (automatic),110.06,6707.11,No,Digital_Streaming_Cohort
DIG3-02231,Male,1,Yes,No,2,Yes,Yes,Fiber optic,No,Yes,Yes,No,Yes,No,Two year,No,Credit card (automatic),133.56,256.61,No,Digital_Streaming_Cohort
DIG3-02232,Female,0,No,No,26,Yes,No,Fiber optic,No,Yes,No,Yes,Yes,No,Month-to-month,Yes,Bank transfer (automatic),124.91,3145.85,Yes,Digital_Streaming_Cohort
DIG3-02233,Male,0,No,No,43,Yes,Yes,Fiber optic,No,Yes,Yes,No,No,Yes,Month-to-month,Yes,Credit card (automatic),135.17,6001.78,Yes,Digital_Streaming_Cohort
DIG3-02234,Male,0,No,No,63,Yes,No,Fiber optic,No,No,No,No,No,No,Month-to-month,Yes,Mailed check,85.04,5491.75,Yes,Digital_Streaming_Cohort
DIG3-02235,Male,0,No,No,18,Yes,Yes,Fiber optic,No,Yes,No,No,Yes,Yes,One year,Yes,Credit card (automatic),136.92,2541.0,Yes,Digital_Streaming_Cohort
DIG3-02236,Male,1,Yes,No,54,Yes,No,DSL,No,No,Yes,No,No,Yes,Month-to-month,Yes,Credit card (automatic),85.88,4765.48,Yes,Digital_Streaming_Cohort
DIG3-02237,Female,0,Yes,No,23,Yes,Yes,Fiber optic,No,Yes,Yes,No,Yes,Yes,Month-to-month,No,Electronic check,145.41,3249.05,Yes,Digital_Streaming_Cohort
DIG3-02238,Female,0,No,Yes,5,Yes,No,DSL,Yes,Yes,No,Yes,Yes,No,Month-to-month,Yes,Electronic check,107.97,542.05,Yes,Digital_Streaming_Cohort
DIG3-02239,Female,0,No,No,55,Yes,Yes,DSL,No,Yes,Yes,No,No,No,Two year,Yes,Credit card (automatic),101.7,5537.51,No,Digital_Streaming_Cohort
DIG3-02240,Male,1,No,No,9,No,No phone service,DSL,No,No,No,Yes,No,Yes,One year,Yes,Credit card (automatic),81.15,752.53,No,Digital_Streaming_Cohort
DIG3-02241,Female,0,Yes,No,2,Yes,No,Fiber optic,No,No,Yes,Yes,Yes,Yes,Month-to-month,Yes,Mailed check,131.42,256.95,Yes,Digital_Streaming_Cohort
DIG3-02242,Male,0,No,No,15,Yes,No,Fiber optic,No,No,No,No,Yes,No,Month-to-month,Yes,Electronic check,97.55,1427.5,Yes,Digital_Streaming_Cohort
DIG3-02243,Female,0,No,Yes,34,Yes,No,Fiber optic,Yes,No,Yes,No,Yes,No,Month-to-month,Yes,Credit card (automatic),112.96,3691.87,Yes,Digital_Streaming_Cohort
DIG3-02244,Female,0,No,No,19,Yes,Yes,Fiber optic,No,Yes,No,No,No,Yes,Month-to-month,No,Electronic check,128.37,2377.78,Yes,Digital_Streaming_Cohort
DIG3-02245,Male,1,No,No,8,No,No phone service,DSL,No,No,Yes,Yes,No,Yes,Month-to-month,No,Credit card (automatic),84.92,657.26,No,Digital_Streaming_Cohort
DIG3-02246,Female,0,No,No,33,Yes,No,DSL,Yes,No,Yes,No,No,No,One year,Yes,Credit card (automatic),84.72,2742.24,No,Digital_Streaming_Cohort
DIG3-02247,Female,0,Yes,Yes,11,No,No phone service,DSL,Yes,No,No,No,Yes,Yes,Month-to-month,Yes,Mailed check,94.67,1074.75,Yes,Digital_Streaming_Cohort
DIG3-02248,Female,0,No,No,40,Yes,Yes,Fiber optic,Yes,No,No,No,Yes,Yes,Two year,Yes,Bank transfer (automatic),139.23,5497.28,Yes,Digital_Streaming_Cohort
DIG3-02249,Male,0,Yes,Yes,2,Yes,Yes,Fiber optic,No,Yes,No,No,Yes,Yes,Month-to-month,No,Credit card (automatic),143.85,298.42,Yes,Digital_Streaming_Cohort
DIG3-02250,Female,0,No,No,5,No,No phone service,Fiber optic,No,Yes,Yes,No,No,Yes,Two year,Yes,Credit card (automatic),110.83,535.58,No,Digital_Streaming_Cohort
DIG3-02251,Male,0,Yes,Yes,30,Yes,Yes,DSL,No,Yes,Yes,Yes,Yes,Yes,One year,Yes,Credit card (automatic),142.23,4179.53,No,Digital_Streaming_Cohort
DIG3-02252,Male,0,Yes,Yes,21,No,No phone service,DSL,No,No,Yes,No,Yes,Yes,Month-to-month,No,Electronic check,98.17,2034.67,Yes,Digital_Streaming_Cohort
DIG3-02253,Male,0,No,No,5,Yes,Yes,DSL,No,Yes,Yes,No,Yes,No,Month-to-month,No,Credit card (automatic),112.73,550.67,Yes,Digital_Streaming_Cohort
DIG3-02254,Male,0,No,No,19,Yes,Yes,Fiber optic,Yes,Yes,No,No,Yes,Yes,Month-to-month,Yes,Credit card (automatic),150.47,2805.23,Yes,Digital_Streaming_Cohort
DIG3-02255,Male,0,No,No,2,Yes,No,DSL,No,No,Yes,Yes,Yes,No,Month-to-month,Yes,Mailed check,104.39,208.05,Yes,Digital_Streaming_Cohort
DIG3-02256,Female,1,Yes,Yes,23,No,No phone service,DSL,Yes,No,Yes,Yes,Yes,Yes,Month-to-month,Yes,Electronic check,119.06,2818.32,Yes,Digital_Streaming_Cohort
DIG3-02257,Male,0,No,No,14,Yes,Yes,Fiber optic,Yes,No,Yes,No,No,No,Month-to-month,Yes,Mailed check,122.34,1658.36,No,Digital_Streaming_Cohort
DIG3-02258,Male,0,No,No,46,Yes,Yes,Fiber optic,No,No,No,Yes,Yes,Yes,Month-to-month,Yes,Electronic check,140.51,6316.65,Yes,Digital_Streaming_Cohort
DIG3-02259,Female,1,Yes,No,34,Yes,No,DSL,No,Yes,No,No,No,Yes,Month-to-month,Yes,Mailed check,92.69,3159.7,Yes,Digital_Streaming_Cohort
DIG3-02260,Male,1,No,No,14,Yes,Yes,Fiber optic,No,No,Yes,No,Yes,Yes,One year,No,Electronic check,143.93,2077.06,No,Digital_Streaming_Cohort
DIG3-02261,Male,0,No,Yes,34,Yes,No,Fiber optic,Yes,No,Yes,Yes,Yes,Yes,Month-to-month,Yes,Electronic check,141.76,4934.0,Yes,Digital_Streaming_Cohort
DIG3-02262,Male,0,No,No,55,Yes,Yes,Fiber optic,Yes,Yes,Yes,No,No,No,Month-to-month,Yes,Bank transfer (automatic),131.08,7135.19,No,Digital_Streaming_Cohort
DIG3-02263,Male,0,Yes,No,44,Yes,Yes,DSL,No,Yes,Yes,No,No,Yes,One year,No,Electronic check,115.44,5141.56,No,Digital_Streaming_Cohort
DIG3-02264,Female,0,No,No,19,Yes,Yes,DSL,Yes,No,Yes,Yes,Yes,Yes,Month-to-month,No,Credit card (automatic),142.25,2800.82,Yes,Digital_Streaming_Cohort
DIG3-02265,Female,0,Yes,No,23,Yes,No,Fiber optic,No,Yes,No,No,Yes,Yes,Month-to-month,Yes,Credit card (automatic),120.93,2802.22,Yes,Digital_Streaming_Cohort
DIG3-02266,Male,0,Yes,No,3,Yes,No,Fiber optic,Yes,Yes,Yes,No,Yes,Yes,One year,Yes,Bank transfer (automatic),143.29,440.02,Yes,Digital_Streaming_Cohort
DIG3-02267,Male,0,No,No,9,Yes,Yes,Fiber optic,No,Yes,No,No,Yes,No,Month-to-month,Yes,Bank transfer (automatic),126.95,1140.87,Yes,Digital_Streaming_Cohort
DIG3-02268,Female,0,Yes,No,17,Yes,Yes,DSL,No,Yes,Yes,No,Yes,Yes,Month-to-month,Yes,Bank transfer (automatic),129.13,2166.64,Yes,Digital_Streaming_Cohort
DIG3-02269,Male,0,Yes,No,57,Yes,Yes,Fiber optic,No,No,Yes,No,Yes,No,Month-to-month,Yes,Mailed check,127.33,7411.58,Yes,Digital_Streaming_Cohort
DIG3-02270,Male,0,Yes,No,72,No,No phone service,Fiber optic,Yes,No,No,No,Yes,Yes,Two year,Yes,Credit card (automatic),119.9,8490.15,No,Digital_Streaming_Cohort
DIG3-02271,Female,0,No,Yes,57,Yes,No,Fiber optic,No,Yes,Yes,No,Yes,Yes,One year,Yes,Electronic check,135.28,7797.72,No,Digital_Streaming_Cohort
DIG3-02272,Male,0,No,No,6,Yes,Yes,Fiber optic,No,No,No,No,No,No,Month-to-month,No,Electronic check,102.89,619.12,No,Digital_Streaming_Cohort
DIG3-02273,Male,0,No,Yes,22,No,No phone service,Fiber optic,Yes,No,Yes,Yes,Yes,Yes,Month-to-month,Yes,Credit card (automatic),140.24,3093.91,Yes,Digital_Streaming_Cohort
DIG3-02274,Female,0,Yes,Yes,12,Yes,Yes,Fiber optic,No,No,No,No,No,No,Two year,No,Mailed check,102.47,1263.16,No,Digital_Streaming_Cohort
DIG3-02275,Female,1,No,No,26,Yes,No,DSL,Yes,Yes,No,No,Yes,Yes,Month-to-month,Yes,Credit card (automatic),116.9,3160.53,Yes,Digital_Streaming_Cohort
DIG3-02276,Female,0,Yes,Yes,16,Yes,Yes,Fiber optic,No,No,No,Yes,Yes,Yes,One year,No,Electronic check,142.25,2289.42,No,Digital_Streaming_Cohort
DIG3-02277,Male,0,No,No,6,Yes,Yes,DSL,Yes,Yes,Yes,Yes,No,Yes,Two year,Yes,Electronic check,133.58,832.73,No,Digital_Streaming_Cohort
DIG3-02278,Female,0,Yes,No,70,Yes,Yes,Fiber optic,Yes,Yes,Yes,No,Yes,No,One year,Yes,Electronic check,145.7,9924.57,No,Digital_Streaming_Cohort
DIG3-02279,Male,0,Yes,No,11,Yes,No,DSL,No,Yes,No,Yes,No,No,Month-to-month,No,Credit card (automatic),85.27,908.43,No,Digital_Streaming_Cohort
DIG3-02280,Female,0,Yes,No,35,Yes,Yes,Fiber optic,Yes,No,No,Yes,Yes,Yes,Month-to-month,No,Bank transfer (automatic),148.04,5246.88,No,Digital_Streaming_Cohort
DIG3-02281,Female,0,No,No,21,Yes,No,Fiber optic,Yes,Yes,No,No,No,No,Month-to-month,Yes,Electronic check,103.96,2152.21,Yes,Digital_Streaming_Cohort
DIG3-02282,Male,0,Yes,No,53,Yes,No,No,No internet service,No internet service,No internet service,No internet service,No internet service,No internet service,Month-to-month,Yes,Credit card (automatic),27.88,1476.43,No,Digital_Streaming_Cohort
DIG3-02283,Female,0,No,Yes,35,Yes,No,Fiber optic,Yes,No,No,Yes,Yes,No,Month-to-month,Yes,Electronic check,117.95,4120.46,No,Digital_Streaming_Cohort
DIG3-02284,Male,0,Yes,No,15,Yes,Yes,Fiber optic,Yes,No,Yes,No,Yes,Yes,One year,No,Credit card (automatic),148.27,2241.98,No,Digital_Streaming_Cohort
DIG3-02285,Male,0,Yes,No,4,Yes,No,DSL,No,Yes,No,Yes,Yes,Yes,Month-to-month,Yes,Bank transfer (automatic),119.93,476.23,Yes,Digital_Streaming_Cohort
DIG3-02286,Female,0,No,Yes,6,Yes,No,DSL,No,No,No,No,No,Yes,One year,Yes,Credit card (automatic),78.56,487.91,No,Digital_Streaming_Cohort
DIG3-02287,Male,0,No,No,19,Yes,No,Fiber optic,Yes,No,Yes,Yes,Yes,No,Month-to-month,Yes,Credit card (automatic),129.33,2554.66,No,Digital_Streaming_Cohort
DIG3-02288,Male,0,No,Yes,11,Yes,No,DSL,No,Yes,No,No,Yes,Yes,Month-to-month,Yes,Electronic check,105.53,1135.79,Yes,Digital_Streaming_Cohort
DIG3-02289,Female,1,Yes,Yes,16,Yes,Yes,Fiber optic,No,No,Yes,Yes,No,Yes,One year,No,Credit card (automatic),137.06,2227.01,Yes,Digital_Streaming_Cohort
DIG3-02290,Female,0,No,Yes,13,Yes,Yes,Fiber optic,No,Yes,Yes,Yes,Yes,Yes,Two year,Yes,Electronic check,159.21,2010.96,No,Digital_Streaming_Cohort
DIG3-02291,Male,0,Yes,No,15,Yes,No,DSL,Yes,No,No,Yes,Yes,Yes,Month-to-month,No,Credit card (automatic),118.1,1748.4,No,Digital_Streaming_Cohort
DIG3-02292,Male,0,No,No,27,Yes,Yes,DSL,No,Yes,No,No,No,No,Month-to-month,No,Bank transfer (automatic),91.18,2384.35,Yes,Digital_Streaming_Cohort
DIG3-02293,Male,0,Yes,No,21,Yes,Yes,Fiber optic,No,Yes,Yes,No,Yes,Yes,Month-to-month,Yes,Credit card (automatic),150.25,3148.06,Yes,Digital_Streaming_Cohort
DIG3-02294,Female,0,No,No,13,Yes,No,Fiber optic,Yes,No,Yes,Yes,No,Yes,One year,Yes,Mailed check,128.59,1647.1,Yes,Digital_Streaming_Cohort
DIG3-02295,Male,0,No,Yes,55,No,No phone service,Fiber optic,Yes,Yes,Yes,Yes,No,Yes,Month-to-month,No,Credit card (automatic),133.91,7089.73,No,Digital_Streaming_Cohort
DIG3-02296,Male,0,Yes,Yes,8,Yes,No,Fiber optic,No,Yes,No,No,Yes,No,Month-to-month,Yes,Credit card (automatic),114.42,909.3,Yes,Digital_Streaming_Cohort
DIG3-02297,Male,0,Yes,No,3,Yes,No,Fiber optic,Yes,Yes,No,Yes,Yes,Yes,Month-to-month,No,Credit card (automatic),141.09,418.29,No,Digital_Streaming_Cohort
DIG3-02298,Female,0,Yes,No,47,Yes,No,No,No internet service,No internet service,No internet service,No internet service,No internet service,No internet service,Month-to-month,Yes,Mailed check,28.87,1306.44,No,Digital_Streaming_Cohort
DIG3-02299,Female,0,Yes,No,20,Yes,No,Fiber optic,No,No,Yes,Yes,No,Yes,One year,Yes,Bank transfer (automatic),117.22,2419.9,Yes,Digital_Streaming_Cohort
DIG3-02300,Female,0,No,No,5,Yes,No,Fiber optic,No,No,Yes,No,Yes,No,Month-to-month,Yes,Credit card (automatic),105.45,517.79,Yes,Digital_Streaming_Cohort
DIG3-02301,Male,0,No,No,29,Yes,Yes,DSL,Yes,Yes,Yes,Yes,No,Yes,Month-to-month,Yes,Bank transfer (automatic),130.23,3747.93,No,Digital_Streaming_Cohort
DIG3-02302,Male,0,No,Yes,32,Yes,Yes,DSL,No,Yes,No,No,Yes,Yes,Month-to-month,Yes,Bank transfer (automatic),119.73,3769.36,Yes,Digital_Streaming_Cohort
DIG3-02303,Male,0,No,No,72,Yes,No,DSL,Yes,No,Yes,Yes,No,Yes,Month-to-month,Yes,Credit card (automatic),110.91,7731.32,Yes,Digital_Streaming_Cohort
DIG3-02304,Male,0,No,Yes,72,Yes,No,Fiber optic,No,Yes,No,Yes,Yes,Yes,Month-to-month,Yes,Credit card (automatic),129.42,9314.04,No,Digital_Streaming_Cohort
DIG3-02305,Male,1,Yes,No,11,Yes,No,DSL,No,No,Yes,No,No,Yes,Month-to-month,Yes,Electronic check,88.96,1002.29,Yes,Digital_Streaming_Cohort
DIG3-02306,Female,0,No,No,33,Yes,Yes,Fiber optic,Yes,No,Yes,Yes,Yes,Yes,Month-to-month,Yes,Bank transfer (automatic),157.17,5031.49,No,Digital_Streaming_Cohort
DIG3-02307,Female,0,No,No,72,Yes,No,Fiber optic,No,Yes,Yes,No,Yes,Yes,One year,Yes,Electronic check,136.44,9700.24,Yes,Digital_Streaming_Cohort
DIG3-02308,Male,1,Yes,Yes,21,Yes,Yes,Fiber optic,No,Yes,Yes,No,Yes,Yes,One year,No,Electronic check,144.2,3090.74,Yes,Digital_Streaming_Cohort
DIG3-02309,Female,0,No,No,4,Yes,Yes,Fiber optic,Yes,No,Yes,No,Yes,Yes,Month-to-month,Yes,Electronic check,152.54,608.91,Yes,Digital_Streaming_Cohort
DIG3-02310,Male,0,Yes,No,8,Yes,Yes,Fiber optic,Yes,No,No,No,No,Yes,One year,Yes,Bank transfer (automatic),130.22,1081.78,No,Digital_Streaming_Cohort
DIG3-02311,Male,0,No,Yes,37,No,No phone service,Fiber optic,Yes,Yes,Yes,Yes,Yes,No,One year,Yes,Mailed check,131.36,4718.72,Yes,Digital_Streaming_Cohort
DIG3-02312,Female,0,No,No,16,No,No phone service,No,No internet service,No internet service,No internet service,No internet service,No internet service,No internet service,One year,No,Electronic check,25.05,408.78,No,Digital_Streaming_Cohort
DIG3-02313,Female,0,No,Yes,11,Yes,No,DSL,Yes,Yes,No,Yes,Yes,Yes,Month-to-month,Yes,Credit card (automatic),129.63,1371.74,No,Digital_Streaming_Cohort
DIG3-02314,Male,0,No,No,29,Yes,Yes,DSL,Yes,Yes,Yes,No,No,Yes,One year,No,Electronic check,128.41,3764.42,No,Digital_Streaming_Cohort
DIG3-02315,Male,0,No,Yes,4,Yes,No,DSL,No,No,Yes,No,No,Yes,Month-to-month,Yes,Credit card (automatic),88.14,343.1,No,Digital_Streaming_Cohort
DIG3-02316,Female,0,No,Yes,22,Yes,Yes,DSL,No,No,No,Yes,No,Yes,Two year,Yes,Bank transfer (automatic),111.53,2457.81,No,Digital_Streaming_Cohort
DIG3-02317,Female,0,No,Yes,56,Yes,Yes,Fiber optic,No,No,No,Yes,No,No,Month-to-month,Yes,Electronic check,110.14,5946.29,No,Digital_Streaming_Cohort
DIG3-02318,Male,1,Yes,No,6,Yes,No,Fiber optic,Yes,Yes,Yes,Yes,No,Yes,One year,Yes,Bank transfer (automatic),141.74,839.63,No,Digital_Streaming_Cohort
DIG3-02319,Male,0,No,No,18,Yes,No,DSL,No,Yes,No,No,Yes,No,Two year,Yes,Bank transfer (automatic),89.77,1591.81,No,Digital_Streaming_Cohort
DIG3-02320,Female,0,Yes,Yes,27,No,No phone service,Fiber optic,Yes,Yes,No,No,Yes,Yes,Month-to-month,Yes,Bank transfer (automatic),119.97,3153.44,No,Digital_Streaming_Cohort
DIG3-02321,Male,0,No,No,5,Yes,Yes,Fiber optic,No,Yes,Yes,No,No,No,Month-to-month,Yes,Credit card (automatic),117.23,576.52,Yes,Digital_Streaming_Cohort
DIG3-02322,Male,0,Yes,No,23,Yes,Yes,Fiber optic,Yes,No,Yes,Yes,Yes,Yes,Month-to-month,Yes,Credit card (automatic),156.35,3650.94,Yes,Digital_Streaming_Cohort
DIG3-02323,Male,0,No,No,4,No,No phone service,Fiber optic,No,Yes,No,Yes,Yes,No,One year,Yes,Mailed check,115.18,452.58,No,Digital_Streaming_Cohort
DIG3-02324,Female,0,Yes,No,11,Yes,Yes,Fiber optic,Yes,Yes,Yes,No,No,Yes,One year,Yes,Bank transfer (automatic),144.47,1639.6,No,Digital_Streaming_Cohort
DIG3-02325,Female,0,No,Yes,33,Yes,No,Fiber optic,No,No,No,No,No,Yes,Month-to-month,Yes,Bank transfer (automatic),99.36,3259.23,No,Digital_Streaming_Cohort
DIG3-02326,Female,0,No,No,6,No,No phone service,Fiber optic,No,No,Yes,No,Yes,No,One year,Yes,Credit card (automatic),100.51,620.85,Yes,Digital_Streaming_Cohort
DIG3-02327,Female,0,Yes,No,1,No,No phone service,Fiber optic,No,No,No,No,Yes,Yes,One year,Yes,Electronic check,105.68,109.41,Yes,Digital_Streaming_Cohort
DIG3-02328,Female,0,Yes,No,3,Yes,Yes,DSL,No,Yes,No,No,Yes,Yes,Month-to-month,No,Bank transfer (automatic),118.67,344.86,Yes,Digital_Streaming_Cohort
DIG3-02329,Female,0,No,No,35,Yes,No,DSL,Yes,Yes,Yes,Yes,Yes,No,Month-to-month,Yes,Credit card (automatic),118.52,4146.0,No,Digital_Streaming_Cohort
DIG3-02330,Male,0,Yes,No,21,No,No phone service,Fiber optic,No,Yes,No,No,Yes,Yes,Month-to-month,Yes,Bank transfer (automatic),113.83,2376.53,Yes,Digital_Streaming_Cohort
DIG3-02331,Female,0,No,No,21,No,No phone service,Fiber optic,No,No,Yes,No,Yes,Yes,One year,Yes,Bank transfer (automatic),117.86,2480.06,No,Digital_Streaming_Cohort
DIG3-02332,Female,0,No,No,3,Yes,No,Fiber optic,No,Yes,Yes,Yes,No,No,Month-to-month,Yes,Credit card (automatic),116.37,359.55,Yes,Digital_Streaming_Cohort
DIG3-02333,Male,0,No,No,5,Yes,No,No,No internet service,No internet service,No internet service,No internet service,No internet service,No internet service,One year,Yes,Bank transfer (automatic),35.39,183.8,No,Digital_Streaming_Cohort
DIG3-02334,Female,1,No,No,8,Yes,Yes,DSL,Yes,Yes,No,No,Yes,No,Month-to-month,Yes,Electronic check,118.79,942.8,Yes,Digital_Streaming_Cohort
DIG3-02335,Male,0,No,No,13,No,No phone service,Fiber optic,No,No,Yes,Yes,Yes,Yes,Month-to-month,Yes,Credit card (automatic),122.85,1633.15,No,Digital_Streaming_Cohort
DIG3-02336,Female,0,No,Yes,15,Yes,No,DSL,No,Yes,No,No,Yes,Yes,Month-to-month,Yes,Credit card (automatic),108.22,1685.92,No,Digital_Streaming_Cohort
DIG3-02337,Male,0,No,No,25,Yes,No,Fiber optic,Yes,No,No,No,Yes,Yes,One year,Yes,Bank transfer (automatic),130.13,3262.77,No,Digital_Streaming_Cohort
DIG3-02338,Female,0,No,No,28,Yes,Yes,Fiber optic,No,Yes,No,Yes,No,Yes,Month-to-month,No,Mailed check,133.61,3872.03,Yes,Digital_Streaming_Cohort
DIG3-02339,Female,0,No,Yes,6,Yes,No,DSL,Yes,No,No,No,No,No,Month-to-month,No,Mailed check,75.77,464.05,No,Digital_Streaming_Cohort
DIG3-02340,Male,0,No,Yes,14,Yes,Yes,Fiber optic,Yes,No,No,Yes,Yes,No,Month-to-month,No,Credit card (automatic),130.79,1900.77,No,Digital_Streaming_Cohort
DIG3-02341,Female,0,No,No,21,Yes,Yes,DSL,No,Yes,Yes,Yes,Yes,Yes,Month-to-month,Yes,Credit card (automatic),140.04,2928.41,No,Digital_Streaming_Cohort
DIG3-02342,Female,0,No,Yes,19,Yes,No,No,No internet service,No internet service,No internet service,No internet service,No internet service,No internet service,Month-to-month,Yes,Credit card (automatic),38.97,730.75,Yes,Digital_Streaming_Cohort
DIG3-02343,Male,0,No,No,72,Yes,No,DSL,Yes,No,Yes,No,No,Yes,Month-to-month,Yes,Bank transfer (automatic),98.65,7345.9,No,Digital_Streaming_Cohort
DIG3-02344,Male,0,Yes,No,25,Yes,Yes,Fiber optic,Yes,Yes,Yes,No,Yes,Yes,Month-to-month,Yes,Credit card (automatic),163.13,4113.15,Yes,Digital_Streaming_Cohort
DIG3-02345,Male,0,No,No,3,Yes,Yes,DSL,No,No,No,Yes,Yes,No,Month-to-month,No,Bank transfer (automatic),104.49,322.09,Yes,Digital_Streaming_Cohort
DIG3-02346,Male,0,No,No,5,Yes,Yes,DSL,No,Yes,No,No,Yes,Yes,Two year,No,Mailed check,123.79,620.36,No,Digital_Streaming_Cohort
DIG3-02347,Male,0,No,No,38,Yes,Yes,Fiber optic,No,Yes,No,Yes,No,No,Month-to-month,Yes,Credit card (automatic),116.65,4347.81,No,Digital_Streaming_Cohort
DIG3-02348,Male,0,No,Yes,58,No,No phone service,Fiber optic,No,No,No,Yes,No,Yes,One year,Yes,Credit card (automatic),96.99,5801.91,No,Digital_Streaming_Cohort
DIG3-02349,Male,0,No,No,23,Yes,No,Fiber optic,Yes,No,Yes,Yes,No,Yes,One year,No,Credit card (automatic),126.67,2917.86,No,Digital_Streaming_Cohort
DIG3-02350,Male,0,Yes,Yes,22,Yes,Yes,Fiber optic,No,No,Yes,Yes,Yes,Yes,One year,Yes,Bank transfer (automatic),146.39,3206.85,No,Digital_Streaming_Cohort
DIG3-02351,Male,0,Yes,No,10,Yes,No,No,No internet service,No internet service,No internet service,No internet service,No internet service,No internet service,Month-to-month,Yes,Electronic check,39.19,382.82,Yes,Digital_Streaming_Cohort
DIG3-02352,Female,0,Yes,No,3,No,No phone service,Fiber optic,No,No,No,Yes,Yes,No,Month-to-month,Yes,Credit card (automatic),106.46,307.32,Yes,Digital_Streaming_Cohort
DIG3-02353,Female,0,Yes,No,7,Yes,No,Fiber optic,Yes,Yes,No,No,No,No,Two year,Yes,Bank transfer (automatic),103.28,714.47,No,Digital_Streaming_Cohort
DIG3-02354,Male,0,No,No,72,Yes,No,Fiber optic,Yes,Yes,No,No,Yes,Yes,Month-to-month,Yes,Credit card (automatic),133.32,9801.56,No,Digital_Streaming_Cohort
DIG3-02355,Female,0,No,No,23,Yes,Yes,Fiber optic,No,Yes,No,Yes,Yes,Yes,One year,Yes,Mailed check,151.35,3414.19,No,Digital_Streaming_Cohort
DIG3-02356,Female,0,No,No,8,Yes,Yes,Fiber optic,Yes,Yes,No,No,Yes,Yes,Month-to-month,Yes,Credit card (automatic),148.96,1238.0,No,Digital_Streaming_Cohort
DIG3-02357,Male,0,Yes,Yes,51,Yes,Yes,Fiber optic,Yes,No,Yes,No,Yes,Yes,Month-to-month,Yes,Credit card (automatic),150.57,7649.38,No,Digital_Streaming_Cohort
DIG3-02358,Male,0,Yes,Yes,24,Yes,Yes,DSL,Yes,Yes,No,Yes,No,No,Month-to-month,Yes,Bank transfer (automatic),112.72,2802.48,No,Digital_Streaming_Cohort
DIG3-02359,Male,0,No,No,12,Yes,Yes,Fiber optic,No,Yes,No,No,No,No,Two year,Yes,Bank transfer (automatic),110.98,1300.55,No,Digital_Streaming_Cohort
DIG3-02360,Male,0,Yes,No,13,Yes,No,Fiber optic,Yes,No,No,No,No,No,Month-to-month,Yes,Bank transfer (automatic),95.61,1285.91,No,Digital_Streaming_Cohort
DIG3-02361,Female,0,No,No,6,Yes,Yes,Fiber optic,Yes,Yes,No,No,Yes,Yes,Two year,No,Electronic check,150.57,871.47,No,Digital_Streaming_Cohort
DIG3-02362,Male,0,No,Yes,25,Yes,No,Fiber optic,No,Yes,Yes,Yes,No,No,One year,Yes,Electronic check,114.59,2866.46,No,Digital_Streaming_Cohort
DIG3-02363,Male,0,Yes,No,6,Yes,Yes,Fiber optic,Yes,No,No,No,No,Yes,Month-to-month,No,Electronic check,125.24,753.1,Yes,Digital_Streaming_Cohort
DIG3-02364,Female,0,No,No,32,Yes,Yes,Fiber optic,Yes,Yes,No,No,No,Yes,Month-to-month,Yes,Credit card (automatic),134.6,4466.88,No,Digital_Streaming_Cohort
DIG3-02365,Male,0,No,No,11,Yes,Yes,Fiber optic,Yes,Yes,No,No,Yes,Yes,Two year,Yes,Credit card (automatic),150.66,1648.83,No,Digital_Streaming_Cohort
DIG3-02366,Female,0,No,No,48,Yes,Yes,Fiber optic,No,No,Yes,No,Yes,No,Month-to-month,No,Electronic check,123.55,5755.46,No,Digital_Streaming_Cohort
DIG3-02367,Male,1,Yes,No,72,Yes,Yes,Fiber optic,No,No,Yes,Yes,No,Yes,Month-to-month,Yes,Bank transfer (automatic),134.34,9691.81,Yes,Digital_Streaming_Cohort
DIG3-02368,Male,0,No,Yes,9,No,No phone service,Fiber optic,No,Yes,No,No,Yes,No,One year,Yes,Bank transfer (automatic),100.01,889.62,Yes,Digital_Streaming_Cohort
DIG3-02369,Female,0,No,No,2,Yes,Yes,DSL,Yes,Yes,No,Yes,No,Yes,Month-to-month,Yes,Credit card (automatic),121.56,242.82,Yes,Digital_Streaming_Cohort
DIG3-02370,Female,0,Yes,No,5,No,No phone service,Fiber optic,No,Yes,No,Yes,No,Yes,Two year,No,Credit card (automatic),110.12,530.74,No,Digital_Streaming_Cohort
DIG3-02371,Male,0,Yes,No,9,No,No phone service,Fiber optic,No,Yes,Yes,Yes,Yes,Yes,One year,Yes,Bank transfer (automatic),134.98,1247.45,No,Digital_Streaming_Cohort
DIG3-02372,Male,0,No,Yes,19,No,No phone service,Fiber optic,No,Yes,Yes,No,Yes,Yes,Month-to-month,Yes,Bank transfer (automatic),126.16,2345.78,No,Digital_Streaming_Cohort
DIG3-02373,Female,0,Yes,Yes,38,Yes,Yes,Fiber optic,No,No,No,Yes,Yes,Yes,Month-to-month,No,Credit card (automatic),144.06,5444.74,Yes,Digital_Streaming_Cohort
DIG3-02374,Female,0,No,Yes,27,Yes,No,No,No internet service,No internet service,No internet service,No internet service,No internet service,No internet service,Month-to-month,No,Credit card (automatic),35.53,942.88,No,Digital_Streaming_Cohort
DIG3-02375,Female,0,No,No,2,Yes,Yes,DSL,No,No,No,No,No,Yes,One year,Yes,Bank transfer (automatic),91.72,186.79,No,Digital_Streaming_Cohort
DIG3-02376,Female,0,No,No,21,Yes,Yes,Fiber optic,Yes,No,Yes,No,Yes,Yes,One year,Yes,Electronic check,146.75,3187.78,No,Digital_Streaming_Cohort
DIG3-02377,Male,1,No,Yes,12,Yes,Yes,DSL,Yes,No,Yes,Yes,Yes,Yes,Month-to-month,Yes,Electronic check,138.56,1672.63,Yes,Digital_Streaming_Cohort
DIG3-02378,Male,0,Yes,No,9,Yes,No,Fiber optic,Yes,No,Yes,No,No,Yes,Month-to-month,Yes,Credit card (automatic),119.8,1107.72,Yes,Digital_Streaming_Cohort
DIG3-02379,Female,0,Yes,No,7,Yes,No,DSL,No,No,No,Yes,No,Yes,Month-to-month,Yes,Mailed check,89.79,637.71,Yes,Digital_Streaming_Cohort
DIG3-02380,Male,0,No,No,8,Yes,No,Fiber optic,No,Yes,Yes,No,No,No,One year,Yes,Credit card (automatic),106.36,860.57,No,Digital_Streaming_Cohort
DIG3-02381,Female,0,Yes,No,57,Yes,Yes,Fiber optic,No,Yes,No,No,Yes,No,Two year,No,Bank transfer (automatic),129.85,7532.17,Yes,Digital_Streaming_Cohort
DIG3-02382,Female,0,No,No,17,Yes,Yes,DSL,Yes,Yes,No,Yes,No,No,Month-to-month,Yes,Bank transfer (automatic),116.41,1901.04,Yes,Digital_Streaming_Cohort
DIG3-02383,Female,0,Yes,No,55,Yes,No,Fiber optic,No,No,No,No,No,No,Month-to-month,No,Credit card (automatic),82.71,4660.82,Yes,Digital_Streaming_Cohort
DIG3-02384,Female,0,Yes,Yes,35,Yes,No,DSL,Yes,No,Yes,No,Yes,No,One year,Yes,Credit card (automatic),102.07,3577.23,No,Digital_Streaming_Cohort
DIG3-02385,Male,1,No,No,27,No,No phone service,Fiber optic,No,No,No,No,Yes,Yes,Month-to-month,No,Credit card (automatic),107.62,2870.37,No,Digital_Streaming_Cohort
DIG3-02386,Male,0,No,No,34,Yes,No,DSL,Yes,No,Yes,No,No,Yes,Month-to-month,No,Bank transfer (automatic),98.96,3499.0,Yes,Digital_Streaming_Cohort
DIG3-02387,Male,1,No,Yes,4,Yes,Yes,DSL,Yes,Yes,No,No,No,Yes,Month-to-month,Yes,Bank transfer (automatic),118.27,472.44,No,Digital_Streaming_Cohort
DIG3-02388,Male,1,Yes,No,72,Yes,Yes,Fiber optic,No,Yes,Yes,Yes,Yes,Yes,Month-to-month,Yes,Electronic check,163.25,11870.71,No,Digital_Streaming_Cohort
DIG3-02389,Female,0,No,No,3,Yes,Yes,Fiber optic,Yes,Yes,Yes,Yes,Yes,No,Two year,Yes,Mailed check,155.1,449.55,No,Digital_Streaming_Cohort
DIG3-02390,Female,0,Yes,Yes,72,Yes,No,Fiber optic,Yes,Yes,Yes,Yes,Yes,No,Month-to-month,Yes,Credit card (automatic),136.02,9849.12,No,Digital_Streaming_Cohort
DIG3-02391,Female,0,Yes,No,3,Yes,Yes,Fiber optic,No,Yes,Yes,No,No,Yes,Month-to-month,Yes,Credit card (automatic),135.33,419.32,Yes,Digital_Streaming_Cohort
DIG3-02392,Female,0,No,No,3,Yes,No,DSL,No,No,No,No,No,Yes,One year,Yes,Credit card (automatic),80.24,248.4,Yes,Digital_Streaming_Cohort
DIG3-02393,Male,0,No,Yes,33,Yes,Yes,DSL,No,Yes,No,Yes,Yes,No,One year,No,Credit card (automatic),114.96,3872.15,No,Digital_Streaming_Cohort
DIG3-02394,Female,0,Yes,No,36,Yes,Yes,DSL,Yes,No,No,Yes,No,No,Month-to-month,Yes,Electronic check,101.38,3618.21,No,Digital_Streaming_Cohort
DIG3-02395,Male,0,Yes,No,1,Yes,No,DSL,No,Yes,No,Yes,No,Yes,One year,Yes,Electronic check,99.43,99.04,Yes,Digital_Streaming_Cohort
DIG3-02396,Male,0,No,No,59,Yes,No,Fiber optic,No,No,No,No,No,Yes,Month-to-month,Yes,Credit card (automatic),95.86,5765.56,No,Digital_Streaming_Cohort
DIG3-02397,Female,0,No,No,16,Yes,No,DSL,Yes,Yes,Yes,No,No,No,Month-to-month,Yes,Bank transfer (automatic),93.32,1484.24,Yes,Digital_Streaming_Cohort
DIG3-02398,Female,0,Yes,No,20,Yes,Yes,DSL,Yes,No,Yes,Yes,Yes,No,One year,No,Credit card (automatic),122.38,2470.91,Yes,Digital_Streaming_Cohort
DIG3-02399,Male,0,No,No,5,Yes,Yes,DSL,Yes,No,Yes,Yes,Yes,No,Month-to-month,No,Credit card (automatic),132.43,638.5,No,Digital_Streaming_Cohort
DIG3-02400,Male,0,Yes,No,6,Yes,Yes,Fiber optic,Yes,Yes,No,Yes,No,No,Two year,Yes,Electronic check,131.61,783.59,No,Digital_Streaming_Cohort
DIG3-02401,Male,0,No,Yes,5,No,No phone service,Fiber optic,Yes,Yes,No,No,Yes,No,One year,Yes,Electronic check,105.59,514.42,No,Digital_Streaming_Cohort
DIG3-02402,Female,0,No,Yes,9,Yes,Yes,Fiber optic,No,No,Yes,Yes,No,No,Two year,Yes,Credit card (automatic),122.25,1066.24,No,Digital_Streaming_Cohort
DIG3-02403,Male,0,Yes,No,2,Yes,Yes,Fiber optic,No,No,Yes,No,No,No,Month-to-month,Yes,Credit card (automatic),108.97,220.17,Yes,Digital_Streaming_Cohort
DIG3-02404,Female,1,No,No,63,Yes,No,Fiber optic,No,No,No,No,Yes,Yes,Month-to-month,No,Electronic check,117.16,7309.54,Yes,Digital_Streaming_Cohort
DIG3-02405,Female,0,No,No,9,Yes,No,Fiber optic,No,No,No,Yes,No,Yes,Two year,No,Bank transfer (automatic),109.35,1016.59,Yes,Digital_Streaming_Cohort
DIG3-02406,Male,0,Yes,No,23,Yes,No,Fiber optic,Yes,Yes,No,No,No,Yes,One year,Yes,Credit card (automatic),120.99,2802.13,No,Digital_Streaming_Cohort
DIG3-02407,Male,0,Yes,No,10,No,No phone service,DSL,Yes,Yes,Yes,No,Yes,No,Two year,Yes,Electronic check,98.17,998.74,No,Digital_Streaming_Cohort
DIG3-02408,Male,0,No,No,5,No,No phone service,DSL,Yes,Yes,No,Yes,Yes,Yes,Month-to-month,Yes,Bank transfer (automatic),119.43,606.77,No,Digital_Streaming_Cohort
DIG3-02409,Male,0,No,Yes,11,Yes,Yes,Fiber optic,Yes,No,No,No,Yes,Yes,Month-to-month,Yes,Credit card (automatic),140.79,1517.95,Yes,Digital_Streaming_Cohort
DIG3-02410,Female,0,Yes,No,25,Yes,No,Fiber optic,Yes,Yes,No,No,No,No,Month-to-month,Yes,Credit card (automatic),102.58,2586.53,No,Digital_Streaming_Cohort
DIG3-02411,Female,0,Yes,No,42,Yes,Yes,DSL,No,No,Yes,No,No,No,One year,Yes,Bank transfer (automatic),93.04,3752.32,No,Digital_Streaming_Cohort
DIG3-02412,Male,0,No,No,18,Yes,No,Fiber optic,No,Yes,No,Yes,Yes,No,Month-to-month,Yes,Credit card (automatic),119.46,2139.88,No,Digital_Streaming_Cohort
DIG3-02413,Female,0,No,No,1,Yes,Yes,Fiber optic,Yes,Yes,No,No,Yes,Yes,Month-to-month,Yes,Electronic check,147.41,142.49,Yes,Digital_Streaming_Cohort
DIG3-02414,Male,0,No,No,28,Yes,No,Fiber optic,Yes,Yes,No,No,Yes,Yes,Month-to-month,Yes,Bank transfer (automatic),138.52,3786.29,No,Digital_Streaming_Cohort
DIG3-02415,Male,0,No,No,33,Yes,Yes,Fiber optic,No,Yes,No,No,Yes,No,Month-to-month,Yes,Bank transfer (automatic),124.64,4131.44,No,Digital_Streaming_Cohort
DIG3-02416,Female,0,No,Yes,18,Yes,No,Fiber optic,Yes,No,Yes,Yes,Yes,Yes,Month-to-month,Yes,Electronic check,147.22,2589.99,No,Digital_Streaming_Cohort
DIG3-02417,Male,0,No,No,4,Yes,No,DSL,No,No,No,No,Yes,Yes,Month-to-month,No,Bank transfer (automatic),94.73,366.14,Yes,Digital_Streaming_Cohort
DIG3-02418,Male,0,No,Yes,1,Yes,Yes,Fiber optic,Yes,No,No,Yes,Yes,Yes,One year,Yes,Bank transfer (automatic),145.95,147.73,Yes,Digital_Streaming_Cohort
DIG3-02419,Female,0,Yes,Yes,18,Yes,Yes,Fiber optic,No,No,Yes,No,Yes,No,Month-to-month,Yes,Bank transfer (automatic),122.23,2263.6,Yes,Digital_Streaming_Cohort
DIG3-02420,Female,0,No,No,38,No,No phone service,Fiber optic,Yes,Yes,No,No,Yes,Yes,Month-to-month,No,Credit card (automatic),126.97,4748.47,No,Digital_Streaming_Cohort
DIG3-02421,Male,0,No,Yes,2,Yes,No,Fiber optic,No,Yes,Yes,No,Yes,Yes,One year,Yes,Credit card (automatic),133.85,262.43,Yes,Digital_Streaming_Cohort
DIG3-02422,Male,0,No,No,17,Yes,No,DSL,No,No,No,No,Yes,Yes,Month-to-month,Yes,Credit card (automatic),102.26,1688.89,Yes,Digital_Streaming_Cohort
DIG3-02423,Female,0,Yes,No,57,No,No phone service,DSL,Yes,No,Yes,Yes,Yes,Yes,Month-to-month,Yes,Electronic check,110.76,6176.03,Yes,Digital_Streaming_Cohort
DIG3-02424,Female,0,Yes,No,9,Yes,Yes,Fiber optic,Yes,Yes,Yes,No,No,Yes,Month-to-month,Yes,Mailed check,154.56,1423.57,No,Digital_Streaming_Cohort
DIG3-02425,Male,0,No,Yes,22,Yes,Yes,Fiber optic,Yes,Yes,No,No,Yes,Yes,One year,Yes,Electronic check,150.16,3203.85,Yes,Digital_Streaming_Cohort
DIG3-02426,Female,0,No,No,39,Yes,Yes,Fiber optic,No,Yes,Yes,No,Yes,No,One year,Yes,Bank transfer (automatic),134.15,5168.84,No,Digital_Streaming_Cohort
DIG3-02427,Male,0,No,No,55,Yes,Yes,Fiber optic,No,No,Yes,No,Yes,No,One year,Yes,Credit card (automatic),123.39,7055.4,Yes,Digital_Streaming_Cohort
DIG3-02428,Female,0,Yes,Yes,4,Yes,Yes,DSL,No,No,No,No,No,No,One year,Yes,Bank transfer (automatic),77.58,306.06,Yes,Digital_Streaming_Cohort
DIG3-02429,Female,1,No,Yes,72,Yes,No,Fiber optic,No,Yes,No,No,Yes,Yes,Month-to-month,Yes,Bank transfer (automatic),124.5,9085.98,No,Digital_Streaming_Cohort
DIG3-02430,Female,0,Yes,No,12,Yes,Yes,Fiber optic,Yes,Yes,No,No,Yes,No,Month-to-month,Yes,Mailed check,137.64,1671.04,Yes,Digital_Streaming_Cohort
DIG3-02431,Female,0,No,No,6,Yes,Yes,DSL,No,Yes,No,Yes,No,No,One year,No,Credit card (automatic),101.66,614.78,No,Digital_Streaming_Cohort
DIG3-02432,Female,0,No,Yes,13,Yes,Yes,DSL,Yes,Yes,No,Yes,Yes,Yes,One year,Yes,Mailed check,141.58,1800.2,No,Digital_Streaming_Cohort
DIG3-02433,Female,0,No,No,68,Yes,No,Fiber optic,Yes,Yes,No,Yes,Yes,No,One year,Yes,Credit card (automatic),130.93,8764.2,No,Digital_Streaming_Cohort
DIG3-02434,Male,0,Yes,No,21,Yes,No,Fiber optic,Yes,Yes,Yes,No,No,No,One year,No,Electronic check,117.23,2479.82,Yes,Digital_Streaming_Cohort
DIG3-02435,Female,0,Yes,No,2,No,No phone service,Fiber optic,No,Yes,Yes,No,Yes,No,Month-to-month,Yes,Credit card (automatic),112.36,222.22,Yes,Digital_Streaming_Cohort
DIG3-02436,Female,1,No,Yes,7,Yes,Yes,Fiber optic,Yes,No,No,Yes,No,No,One year,Yes,Bank transfer (automatic),116.9,816.2,No,Digital_Streaming_Cohort
DIG3-02437,Male,0,Yes,No,13,Yes,Yes,Fiber optic,Yes,No,Yes,No,No,Yes,One year,Yes,Credit card (automatic),134.75,1756.81,No,Digital_Streaming_Cohort
DIG3-02438,Female,0,Yes,Yes,26,Yes,No,Fiber optic,No,No,No,No,Yes,Yes,Month-to-month,Yes,Electronic check,119.18,3205.92,No,Digital_Streaming_Cohort
DIG3-02439,Male,0,No,No,2,Yes,No,Fiber optic,No,No,No,No,Yes,Yes,Two year,Yes,Electronic check,120.65,245.78,Yes,Digital_Streaming_Cohort
DIG3-02440,Male,0,No,No,33,Yes,Yes,DSL,No,No,No,No,No,Yes,Month-to-month,Yes,Electronic check,92.48,3134.94,Yes,Digital_Streaming_Cohort
DIG3-02441,Male,0,Yes,No,20,Yes,Yes,DSL,No,No,No,Yes,Yes,No,One year,No,Electronic check,106.22,2064.24,No,Digital_Streaming_Cohort
DIG3-02442,Male,0,No,No,19,Yes,No,Fiber optic,No,No,Yes,No,Yes,Yes,Month-to-month,No,Electronic check,125.92,2437.21,No,Digital_Streaming_Cohort
DIG3-02443,Female,0,Yes,Yes,7,Yes,Yes,No,No internet service,No internet service,No internet service,No internet service,No internet service,No internet service,One year,Yes,Credit card (automatic),50.15,356.2,No,Digital_Streaming_Cohort
DIG3-02444,Male,1,No,No,9,Yes,Yes,Fiber optic,No,Yes,No,No,No,No,Month-to-month,Yes,Credit card (automatic),113.95,1008.08,Yes,Digital_Streaming_Cohort
DIG3-02445,Male,0,No,No,14,Yes,No,Fiber optic,No,Yes,No,No,No,No,One year,Yes,Electronic check,96.58,1318.43,Yes,Digital_Streaming_Cohort
DIG3-02446,Male,0,No,No,11,Yes,No,Fiber optic,No,Yes,No,No,Yes,No,Month-to-month,Yes,Credit card (automatic),111.5,1272.05,Yes,Digital_Streaming_Cohort
DIG3-02447,Female,0,No,No,22,Yes,Yes,Fiber optic,No,No,No,Yes,No,Yes,Month-to-month,No,Electronic check,126.25,2822.81,Yes,Digital_Streaming_Cohort
DIG3-02448,Female,0,No,No,34,Yes,Yes,DSL,Yes,No,No,Yes,Yes,Yes,Month-to-month,Yes,Credit card (automatic),134.56,4626.55,Yes,Digital_Streaming_Cohort
DIG3-02449,Male,0,No,No,31,Yes,No,Fiber optic,Yes,Yes,No,Yes,No,Yes,One year,Yes,Credit card (automatic),130.1,4043.11,No,Digital_Streaming_Cohort
DIG3-02450,Female,0,No,No,12,Yes,No,DSL,No,No,No,Yes,No,Yes,Month-to-month,Yes,Bank transfer (automatic),94.83,1132.22,Yes,Digital_Streaming_Cohort
DIG3-02451,Male,0,No,No,55,Yes,Yes,Fiber optic,Yes,No,Yes,Yes,No,No,One year,No,Bank transfer (automatic),133.89,7231.67,No,Digital_Streaming_Cohort
DIG3-02452,Male,0,No,No,18,Yes,No,DSL,No,No,Yes,No,Yes,No,Two year,Yes,Bank transfer (automatic),92.07,1711.51,No,Digital_Streaming_Cohort
DIG3-02453,Female,0,No,No,22,Yes,No,DSL,No,No,No,Yes,No,Yes,Two year,Yes,Credit card (automatic),87.21,1974.18,No,Digital_Streaming_Cohort
DIG3-02454,Male,0,Yes,Yes,26,Yes,Yes,DSL,Yes,Yes,No,No,No,Yes,Two year,Yes,Credit card (automatic),111.78,2874.16,No,Digital_Streaming_Cohort
DIG3-02455,Female,0,No,No,2,Yes,Yes,Fiber optic,Yes,Yes,Yes,No,Yes,No,Month-to-month,No,Bank transfer (automatic),142.31,284.47,No,Digital_Streaming_Cohort
DIG3-02456,Female,0,Yes,Yes,29,Yes,Yes,Fiber optic,Yes,Yes,No,Yes,Yes,No,One year,Yes,Bank transfer (automatic),147.65,4305.85,No,Digital_Streaming_Cohort
DIG3-02457,Female,0,Yes,Yes,17,Yes,Yes,DSL,No,No,Yes,Yes,Yes,Yes,Month-to-month,Yes,Bank transfer (automatic),133.21,2196.17,Yes,Digital_Streaming_Cohort
DIG3-02458,Female,0,Yes,No,12,Yes,Yes,DSL,Yes,No,Yes,No,No,No,Month-to-month,Yes,Electronic check,104.03,1269.33,Yes,Digital_Streaming_Cohort
DIG3-02459,Male,1,No,Yes,24,No,No phone service,Fiber optic,No,No,No,No,Yes,No,Month-to-month,Yes,Credit card (automatic),93.8,2205.07,Yes,Digital_Streaming_Cohort
DIG3-02460,Male,0,Yes,No,15,No,No phone service,DSL,Yes,No,Yes,No,Yes,Yes,Two year,Yes,Bank transfer (automatic),107.95,1676.07,No,Digital_Streaming_Cohort
DIG3-02461,Female,0,No,Yes,10,Yes,Yes,Fiber optic,Yes,No,Yes,No,Yes,Yes,Month-to-month,Yes,Electronic check,150.66,1467.8,Yes,Digital_Streaming_Cohort
DIG3-02462,Male,0,Yes,No,11,Yes,No,DSL,No,No,Yes,No,No,No,Month-to-month,Yes,Credit card (automatic),76.9,839.14,Yes,Digital_Streaming_Cohort
DIG3-02463,Female,0,No,No,54,Yes,Yes,Fiber optic,No,No,Yes,No,Yes,No,Two year,Yes,Bank transfer (automatic),124.79,6735.38,No,Digital_Streaming_Cohort
DIG3-02464,Male,0,Yes,Yes,11,Yes,No,No,No internet service,No internet service,No internet service,No internet service,No internet service,No internet service,Two year,Yes,Credit card (automatic),32.57,369.79,No,Digital_Streaming_Cohort
DIG3-02465,Female,0,No,Yes,31,Yes,No,Fiber optic,No,Yes,Yes,Yes,No,Yes,One year,No,Electronic check,127.66,3801.01,No,Digital_Streaming_Cohort
DIG3-02466,Male,0,No,No,3,Yes,No,Fiber optic,No,No,Yes,No,Yes,Yes,Month-to-month,Yes,Electronic check,125.24,361.16,Yes,Digital_Streaming_Cohort
DIG3-02467,Female,0,No,No,9,Yes,Yes,Fiber optic,Yes,No,No,No,No,Yes,Month-to-month,Yes,Credit card (automatic),127.82,1186.98,No,Digital_Streaming_Cohort
DIG3-02468,Female,0,No,No,42,Yes,Yes,Fiber optic,No,Yes,Yes,Yes,No,No,One year,Yes,Electronic check,130.07,5655.01,No,Digital_Streaming_Cohort
DIG3-02469,Female,0,Yes,Yes,66,Yes,Yes,DSL,Yes,Yes,No,No,Yes,No,One year,Yes,Mailed check,112.47,7567.6,No,Digital_Streaming_Cohort
DIG3-02470,Female,0,Yes,No,51,Yes,No,DSL,Yes,Yes,No,Yes,No,No,One year,Yes,Mailed check,93.16,4884.09,No,Digital_Streaming_Cohort
DIG3-02471,Female,0,No,Yes,34,Yes,Yes,Fiber optic,No,Yes,No,Yes,Yes,Yes,Month-to-month,Yes,Electronic check,149.38,5106.55,Yes,Digital_Streaming_Cohort
DIG3-02472,Female,0,No,No,18,Yes,Yes,DSL,Yes,No,No,Yes,No,Yes,Month-to-month,Yes,Bank transfer (automatic),115.97,2011.25,No,Digital_Streaming_Cohort
DIG3-02473,Male,1,Yes,No,22,Yes,No,Fiber optic,No,Yes,No,No,No,No,One year,Yes,Bank transfer (automatic),92.51,1960.1,Yes,Digital_Streaming_Cohort
DIG3-02474,Female,0,Yes,No,29,No,No phone service,DSL,Yes,Yes,No,Yes,Yes,Yes,Month-to-month,Yes,Credit card (automatic),106.3,3000.56,No,Digital_Streaming_Cohort
DIG3-02475,Male,0,Yes,No,33,No,No phone service,No,No internet service,No internet service,No internet service,No internet service,No internet service,No internet service,Month-to-month,Yes,Credit card (automatic),20.86,669.55,No,Digital_Streaming_Cohort
DIG3-02476,Female,0,No,No,20,Yes,Yes,Fiber optic,No,Yes,Yes,No,No,No,One year,No,Electronic check,122.32,2370.57,No,Digital_Streaming_Cohort
DIG3-02477,Male,0,No,Yes,2,Yes,Yes,Fiber optic,Yes,Yes,Yes,No,No,Yes,One year,Yes,Electronic check,148.75,307.57,Yes,Digital_Streaming_Cohort
DIG3-02478,Female,0,Yes,No,42,Yes,No,Fiber optic,No,Yes,No,Yes,No,Yes,One year,Yes,Credit card (automatic),122.94,5234.22,No,Digital_Streaming_Cohort
DIG3-02479,Male,0,No,No,9,No,No phone service,Fiber optic,No,Yes,No,Yes,Yes,No,One year,Yes,Bank transfer (automatic),114.74,1025.0,No,Digital_Streaming_Cohort
DIG3-02480,Female,0,Yes,No,58,Yes,No,Fiber optic,Yes,Yes,Yes,No,No,Yes,One year,Yes,Credit card (automatic),126.66,7430.01,No,Digital_Streaming_Cohort
DIG3-02481,Male,0,No,Yes,10,Yes,Yes,Fiber optic,No,No,No,Yes,Yes,No,Month-to-month,No,Mailed check,125.24,1259.1,Yes,Digital_Streaming_Cohort
DIG3-02482,Male,1,No,No,23,Yes,Yes,Fiber optic,Yes,No,Yes,Yes,No,No,Month-to-month,Yes,Electronic check,129.11,2952.64,No,Digital_Streaming_Cohort
DIG3-02483,Female,0,No,No,12,Yes,Yes,DSL,No,Yes,No,Yes,No,Yes,Month-to-month,No,Electronic check,115.36,1353.17,Yes,Digital_Streaming_Cohort
DIG3-02484,Female,0,No,Yes,6,Yes,Yes,No,No internet service,No internet service,No internet service,No internet service,No internet service,No internet service,Two year,Yes,Electronic check,58.52,357.24,Yes,Digital_Streaming_Cohort
DIG3-02485,Female,0,Yes,No,28,Yes,Yes,Fiber optic,No,Yes,Yes,Yes,Yes,No,Month-to-month,No,Bank transfer (automatic),143.71,3994.06,No,Digital_Streaming_Cohort
DIG3-02486,Male,0,No,No,26,Yes,Yes,DSL,No,No,Yes,Yes,No,Yes,Month-to-month,Yes,Credit card (automatic),117.18,3080.6,No,Digital_Streaming_Cohort
DIG3-02487,Female,0,No,No,2,Yes,No,Fiber optic,No,No,No,Yes,Yes,No,Month-to-month,Yes,Credit card (automatic),112.59,223.41,Yes,Digital_Streaming_Cohort
DIG3-02488,Female,0,Yes,No,44,No,No phone service,Fiber optic,Yes,Yes,Yes,No,Yes,Yes,Month-to-month,No,Bank transfer (automatic),132.83,5826.41,No,Digital_Streaming_Cohort
DIG3-02489,Female,0,No,No,19,Yes,Yes,Fiber optic,Yes,Yes,Yes,Yes,Yes,No,Month-to-month,Yes,Bank transfer (automatic),157.73,3029.02,Yes,Digital_Streaming_Cohort
DIG3-02490,Female,1,No,No,1,Yes,Yes,Fiber optic,Yes,No,Yes,No,No,No,One year,No,Bank transfer (automatic),118.74,118.73,No,Digital_Streaming_Cohort
DIG3-02491,Female,0,Yes,Yes,19,Yes,Yes,Fiber optic,Yes,No,Yes,No,No,Yes,Month-to-month,No,Bank transfer (automatic),136.02,2598.47,Yes,Digital_Streaming_Cohort
DIG3-02492,Female,0,Yes,No,8,Yes,Yes,Fiber optic,No,Yes,Yes,Yes,Yes,Yes,Two year,Yes,Bank transfer (automatic),157.26,1304.89,No,Digital_Streaming_Cohort
DIG3-02493,Female,0,No,No,22,Yes,Yes,DSL,No,Yes,Yes,No,Yes,No,Month-to-month,Yes,Mailed check,113.02,2489.1,Yes,Digital_Streaming_Cohort
DIG3-02494,Female,0,No,No,18,Yes,No,DSL,Yes,Yes,Yes,Yes,No,No,One year,Yes,Bank transfer (automatic),107.49,1961.87,No,Digital_Streaming_Cohort
DIG3-02495,Male,0,No,Yes,27,Yes,No,DSL,No,Yes,No,Yes,Yes,No,Month-to-month,No,Bank transfer (automatic),98.9,2715.67,No,Digital_Streaming_Cohort
DIG3-02496,Male,0,No,No,24,No,No phone service,Fiber optic,No,Yes,Yes,Yes,No,Yes,Two year,No,Credit card (automatic),119.55,2941.31,No,Digital_Streaming_Cohort
DIG3-02497,Male,0,Yes,No,10,Yes,Yes,DSL,Yes,No,Yes,Yes,Yes,Yes,Month-to-month,Yes,Bank transfer (automatic),140.9,1380.31,No,Digital_Streaming_Cohort
DIG3-02498,Male,0,No,Yes,12,Yes,Yes,Fiber optic,No,No,Yes,Yes,Yes,Yes,Month-to-month,Yes,Electronic check,149.38,1803.2,Yes,Digital_Streaming_Cohort
DIG3-02499,Male,0,Yes,No,22,Yes,Yes,DSL,Yes,Yes,Yes,Yes,No,No,One year,Yes,Credit card (automatic),120.81,2677.32,No,Digital_Streaming_Cohort
