customerID,gender,SeniorCitizen,Partner,Dependents,tenure,PhoneService,MultipleLines,InternetService,OnlineSecurity,OnlineBackup,DeviceProtection,TechSupport,StreamingTV,StreamingMovies,Contract,PaperlessBilling,PaymentMethod,MonthlyCharges,TotalCharges,Churn,DatasetSource
REG2-00000,Male,0,Yes,Yes,2,Yes,No,DSL,No,No,Yes,Yes,Yes,No,Month-to-month,No,Credit card (automatic),80.75,155.97,Yes,Region2_Suburban_Cohort
REG2-00001,Female,0,Yes,Yes,2,Yes,No,Fiber optic,No,Yes,No,No,No,No,Month-to-month,Yes,Bank transfer (automatic),84.28,169.38,Yes,Region2_Suburban_Cohort
REG2-00002,Female,1,No,No,29,No,No phone service,Fiber optic,Yes,No,No,Yes,No,No,Month-to-month,Yes,Bank transfer (automatic),82.45,2280.13,Yes,Region2_Suburban_Cohort
REG2-00003,Female,0,No,No,18,Yes,No,No,No internet service,No internet service,No internet service,No internet service,No internet service,No internet service,Month-to-month,Yes,Electronic check,31.54,547.84,Yes,Region2_Suburban_Cohort
REG2-00004,Male,1,Yes,No,43,Yes,Yes,Fiber optic,Yes,No,No,Yes,Yes,No,One year,No,Credit card (automatic),113.5,4720.05,No,Region2_Suburban_Cohort
REG2-00005,Male,0,Yes,Yes,69,Yes,Yes,DSL,Yes,No,Yes,Yes,Yes,No,One year,No,Mailed check,103.89,7263.49,No,Region2_Suburban_Cohort
REG2-00006,Male,1,No,No,13,Yes,No,DSL,No,No,Yes,No,Yes,Yes,Month-to-month,Yes,Electronic check,89.8,1175.26,Yes,Region2_Suburban_Cohort
REG2-00007,Female,0,Yes,No,25,Yes,No,Fiber optic,Yes,Yes,Yes,Yes,Yes,No,Month-to-month,No,Bank transfer (automatic),114.3,2942.66,Yes,Region2_Suburban_Cohort
REG2-00008,Female,1,Yes,No,19,Yes,Yes,No,No internet service,No internet service,No internet service,No internet service,No internet service,No internet service,One year,Yes,Bank transfer (automatic),41.97,794.59,Yes,Region2_Suburban_Cohort
REG2-00009,Female,0,Yes,Yes,72,Yes,Yes,DSL,Yes,No,No,No,No,No,Month-to-month,Yes,Electronic check,77.51,5566.69,Yes,Region2_Suburban_Cohort
REG2-00010,Male,0,Yes,Yes,49,Yes,Yes,Fiber optic,Yes,No,No,No,No,Yes,Two year,No,Credit card (automatic),111.03,5256.34,Yes,Region2_Suburban_Cohort
REG2-00011,Female,0,No,No,67,Yes,No,No,No internet service,No internet service,No internet service,No internet service,No internet service,No internet service,Two year,Yes,Bank transfer (automatic),33.87,2324.37,No,Region2_Suburban_Cohort
REG2-00012,Female,1,Yes,Yes,8,Yes,Yes,DSL,Yes,Yes,No,No,No,Yes,Month-to-month,Yes,Mailed check,97.36,740.22,Yes,Region2_Suburban_Cohort
REG2-00013,Male,0,Yes,Yes,41,Yes,No,DSL,Yes,No,No,Yes,Yes,Yes,Month-to-month,Yes,Mailed check,99.67,4055.78,Yes,Region2_Suburban_Cohort
REG2-00014,Male,1,Yes,No,8,Yes,Yes,DSL,Yes,No,No,No,Yes,Yes,Month-to-month,Yes,Electronic check,101.44,786.23,No,Region2_Suburban_Cohort
REG2-00015,Male,1,No,No,6,No,No phone service,Fiber optic,Yes,No,No,No,Yes,Yes,Month-to-month,Yes,Credit card (automatic),91.19,561.97,Yes,Region2_Suburban_Cohort
REG2-00016,Male,0,Yes,No,72,Yes,Yes,DSL,Yes,No,No,No,No,No,One year,Yes,Bank transfer (automatic),73.88,5411.59,Yes,Region2_Suburban_Cohort
REG2-00017,Female,0,Yes,No,1,Yes,Yes,Fiber optic,No,Yes,No,No,Yes,No,One year,No,Bank transfer (automatic),110.57,112.86,Yes,Region2_Suburban_Cohort
REG2-00018,Male,0,Yes,No,72,No,No phone service,DSL,No,No,No,No,No,Yes,Month-to-month,Yes,Bank transfer (automatic),55.73,3871.55,No,Region2_Suburban_Cohort
REG2-00019,Male,0,No,No,4,Yes,No,DSL,No,No,No,No,No,Yes,Month-to-month,Yes,Credit card (automatic),70.25,285.74,Yes,Region2_Suburban_Cohort
REG2-00020,Female,0,No,No,47,Yes,No,No,No internet service,No internet service,No internet service,No internet service,No internet service,No internet service,Two year,No,Bank transfer (automatic),31.93,1529.36,No,Region2_Suburban_Cohort
REG2-00021,Male,0,No,No,9,Yes,Yes,DSL,Yes,No,No,No,No,No,Month-to-month,No,Electronic check,79.71,681.71,No,Region2_Suburban_Cohort
REG2-00022,Male,0,No,No,12,Yes,No,Fiber optic,No,Yes,No,Yes,Yes,Yes,Month-to-month,Yes,Bank transfer (automatic),113.92,1342.11,Yes,Region2_Suburban_Cohort
REG2-00023,Male,0,No,No,6,Yes,Yes,No,No internet service,No internet service,No internet service,No internet service,No internet service,No internet service,Month-to-month,Yes,Bank transfer (automatic),37.41,215.2,No,Region2_Suburban_Cohort
REG2-00024,Male,0,No,No,24,Yes,No,DSL,Yes,Yes,Yes,Yes,Yes,No,Two year,No,Credit card (automatic),98.47,2406.15,No,Region2_Suburban_Cohort
REG2-00025,Female,0,Yes,No,11,Yes,No,DSL,No,No,No,No,No,Yes,Month-to-month,Yes,Bank transfer (automatic),63.44,677.75,No,Region2_Suburban_Cohort
REG2-00026,Male,1,Yes,No,29,Yes,Yes,Fiber optic,Yes,No,No,No,No,Yes,Month-to-month,Yes,Mailed check,105.85,2997.41,Yes,Region2_Suburban_Cohort
REG2-00027,Female,0,No,No,1,Yes,No,No,No internet service,No internet service,No internet service,No internet service,No internet service,No internet service,Month-to-month,Yes,Electronic check,23.02,22.05,No,Region2_Suburban_Cohort
REG2-00028,Female,1,Yes,No,1,Yes,No,No,No internet service,No internet service,No internet service,No internet service,No internet service,No internet service,Month-to-month,Yes,Mailed check,30.04,29.99,Yes,Region2_Suburban_Cohort
REG2-00029,Male,0,Yes,Yes,2,Yes,Yes,DSL,No,No,No,No,Yes,Yes,Month-to-month,Yes,Bank transfer (automatic),92.08,175.56,Yes,Region2_Suburban_Cohort
REG2-00030,Female,0,No,No,15,Yes,No,No,No internet service,No internet service,No internet service,No internet service,No internet service,No internet service,Month-to-month,Yes,Electronic check,31.23,484.64,Yes,Region2_Suburban_Cohort
REG2-00031,Male,0,Yes,No,47,Yes,Yes,Fiber optic,Yes,Yes,Yes,No,No,No,Two year,Yes,Bank transfer (automatic),113.47,5080.5,No,Region2_Suburban_Cohort
REG2-00032,Male,0,No,No,61,Yes,No,No,No internet service,No internet service,No internet service,No internet service,No internet service,No internet service,Two year,Yes,Credit card (automatic),30.81,1797.02,No,Region2_Suburban_Cohort
REG2-00033,Female,0,No,No,7,Yes,Yes,DSL,No,Yes,Yes,No,Yes,No,Month-to-month,No,Electronic check,93.38,662.84,Yes,Region2_Suburban_Cohort
REG2-00034,Female,0,Yes,No,23,No,No phone service,Fiber optic,No,Yes,No,Yes,No,Yes,One year,No,Bank transfer (automatic),96.13,2303.17,Yes,Region2_Suburban_Cohort
REG2-00035,Female,0,No,No,40,Yes,No,DSL,Yes,No,No,No,No,No,One year,Yes,Electronic check,64.78,2692.81,No,Region2_Suburban_Cohort
REG2-00036,Male,0,Yes,Yes,9,Yes,Yes,DSL,No,No,No,No,No,No,Month-to-month,Yes,Electronic check,66.84,576.51,Yes,Region2_Suburban_Cohort
REG2-00037,Male,0,Yes,Yes,14,Yes,Yes,Fiber optic,Yes,Yes,No,No,No,Yes,One year,No,Electronic check,114.73,1572.24,No,Region2_Suburban_Cohort
REG2-00038,Female,0,No,No,20,No,No phone service,Fiber optic,Yes,Yes,No,No,No,Yes,One year,Yes,Bank transfer (automatic),91.45,1832.85,Yes,Region2_Suburban_Cohort
REG2-00039,Male,0,No,No,4,Yes,Yes,Fiber optic,No,Yes,No,No,No,No,Month-to-month,No,Credit card (automatic),98.23,374.32,Yes,Region2_Suburban_Cohort
REG2-00040,Male,0,No,No,1,Yes,Yes,Fiber optic,No,Yes,No,Yes,No,No,Month-to-month,Yes,Bank transfer (automatic),103.1,103.4,Yes,Region2_Suburban_Cohort
REG2-00041,Male,0,Yes,No,4,Yes,No,Fiber optic,No,Yes,Yes,Yes,Yes,Yes,Month-to-month,Yes,Electronic check,125.21,498.22,Yes,Region2_Suburban_Cohort
REG2-00042,Male,0,No,No,27,Yes,Yes,Fiber optic,No,No,No,Yes,Yes,Yes,Month-to-month,Yes,Electronic check,114.01,3105.49,Yes,Region2_Suburban_Cohort
REG2-00043,Female,0,Yes,No,2,No,No phone service,Fiber optic,Yes,Yes,Yes,No,No,No,Month-to-month,No,Bank transfer (automatic),89.37,186.25,Yes,Region2_Suburban_Cohort
REG2-00044,Male,1,No,No,5,Yes,No,No,No internet service,No internet service,No internet service,No internet service,No internet service,No internet service,Month-to-month,Yes,Electronic check,30.71,150.09,Yes,Region2_Suburban_Cohort
REG2-00045,Female,0,Yes,Yes,11,Yes,Yes,DSL,No,Yes,No,Yes,Yes,Yes,One year,No,Credit card (automatic),104.08,1160.8,Yes,Region2_Suburban_Cohort
REG2-00046,Male,0,No,No,2,Yes,No,Fiber optic,Yes,No,No,No,Yes,No,Month-to-month,Yes,Electronic check,93.15,184.99,Yes,Region2_Suburban_Cohort
REG2-00047,Female,0,Yes,No,5,Yes,No,No,No internet service,No internet service,No internet service,No internet service,No internet service,No internet service,One year,Yes,Electronic check,31.88,158.37,No,Region2_Suburban_Cohort
REG2-00048,Female,0,Yes,Yes,67,Yes,No,DSL,No,No,No,No,No,No,Two year,Yes,Mailed check,56.51,3841.93,No,Region2_Suburban_Cohort
REG2-00049,Male,0,Yes,Yes,1,Yes,No,Fiber optic,Yes,Yes,No,No,Yes,No,Month-to-month,Yes,Bank transfer (automatic),103.75,108.43,Yes,Region2_Suburban_Cohort
REG2-00050,Female,0,No,No,29,Yes,No,DSL,Yes,No,No,No,Yes,No,Two year,Yes,Electronic check,78.26,2351.93,No,Region2_Suburban_Cohort
REG2-00051,Female,0,No,No,13,Yes,No,Fiber optic,Yes,No,No,Yes,No,No,Month-to-month,Yes,Electronic check,92.44,1218.49,Yes,Region2_Suburban_Cohort
REG2-00052,Female,0,No,No,31,Yes,Yes,Fiber optic,Yes,No,Yes,Yes,No,No,One year,Yes,Mailed check,114.51,3536.16,No,Region2_Suburban_Cohort
REG2-00053,Female,0,Yes,No,24,Yes,No,Fiber optic,No,Yes,No,No,Yes,No,One year,Yes,Mailed check,92.74,2208.84,Yes,Region2_Suburban_Cohort
REG2-00054,Female,0,Yes,No,7,No,No phone service,DSL,Yes,Yes,No,No,Yes,No,Month-to-month,No,Credit card (automatic),73.6,529.99,Yes,Region2_Suburban_Cohort
REG2-00055,Female,0,Yes,No,52,Yes,No,DSL,Yes,No,Yes,No,Yes,No,Two year,No,Electronic check,83.25,4207.02,No,Region2_Suburban_Cohort
REG2-00056,Male,0,No,No,18,Yes,Yes,DSL,No,Yes,Yes,No,Yes,No,Month-to-month,Yes,Electronic check,91.97,1669.97,Yes,Region2_Suburban_Cohort
REG2-00057,Male,0,Yes,No,48,Yes,No,Fiber optic,No,No,No,No,No,No,One year,Yes,Mailed check,79.44,3815.01,No,Region2_Suburban_Cohort
REG2-00058,Male,0,No,No,14,Yes,Yes,DSL,No,Yes,No,No,Yes,Yes,Two year,Yes,Electronic check,97.86,1390.5,No,Region2_Suburban_Cohort
REG2-00059,Male,0,No,No,72,No,No phone service,DSL,No,No,No,No,Yes,Yes,One year,Yes,Mailed check,69.98,4881.07,Yes,Region2_Suburban_Cohort
REG2-00060,Male,0,No,No,41,Yes,No,No,No internet service,No internet service,No internet service,No internet service,No internet service,No internet service,Month-to-month,Yes,Electronic check,28.78,1203.08,Yes,Region2_Suburban_Cohort
REG2-00061,Male,1,No,No,72,Yes,Yes,Fiber optic,No,No,No,No,No,Yes,Two year,Yes,Credit card (automatic),101.85,7426.33,No,Region2_Suburban_Cohort
REG2-00062,Female,0,No,No,20,Yes,No,No,No internet service,No internet service,No internet service,No internet service,No internet service,No internet service,Month-to-month,No,Electronic check,29.36,568.42,No,Region2_Suburban_Cohort
REG2-00063,Male,0,No,No,17,Yes,No,DSL,No,Yes,No,No,Yes,No,Two year,No,Bank transfer (automatic),74.35,1257.58,Yes,Region2_Suburban_Cohort
REG2-00064,Male,0,Yes,Yes,39,Yes,No,DSL,Yes,Yes,Yes,No,Yes,No,Two year,Yes,Credit card (automatic),91.05,3614.38,No,Region2_Suburban_Cohort
REG2-00065,Female,0,No,No,59,Yes,No,DSL,No,Yes,No,No,No,Yes,Two year,No,Credit card (automatic),75.21,4615.6,No,Region2_Suburban_Cohort
REG2-00066,Male,0,Yes,No,72,Yes,No,Fiber optic,Yes,Yes,No,No,No,No,Two year,Yes,Mailed check,89.63,6209.49,No,Region2_Suburban_Cohort
REG2-00067,Female,0,Yes,Yes,10,Yes,Yes,No,No internet service,No internet service,No internet service,No internet service,No internet service,No internet service,Month-to-month,Yes,Credit card (automatic),40.07,381.02,No,Region2_Suburban_Cohort
REG2-00068,Male,0,Yes,No,44,Yes,Yes,Fiber optic,Yes,No,No,No,Yes,No,Two year,No,Bank transfer (automatic),105.65,4492.94,No,Region2_Suburban_Cohort
REG2-00069,Female,1,Yes,No,6,Yes,Yes,DSL,No,Yes,No,No,No,Yes,Month-to-month,Yes,Electronic check,86.61,545.09,Yes,Region2_Suburban_Cohort
REG2-00070,Female,0,Yes,No,22,No,No phone service,Fiber optic,Yes,Yes,No,No,No,No,Month-to-month,No,Credit card (automatic),81.68,1845.19,Yes,Region2_Suburban_Cohort
REG2-00071,Male,0,Yes,No,5,No,No phone service,Fiber optic,Yes,No,No,No,No,No,Month-to-month,Yes,Mailed check,71.98,364.02,Yes,Region2_Suburban_Cohort
REG2-00072,Male,1,No,No,11,Yes,Yes,DSL,No,Yes,No,No,No,No,Month-to-month,No,Electronic check,72.15,764.52,No,Region2_Suburban_Cohort
REG2-00073,Female,1,Yes,Yes,72,Yes,Yes,No,No internet service,No internet service,No internet service,No internet service,No internet service,No internet service,Two year,Yes,Credit card (automatic),38.98,2783.0,No,Region2_Suburban_Cohort
REG2-00074,Female,1,Yes,No,4,Yes,No,Fiber optic,Yes,Yes,Yes,Yes,No,Yes,Month-to-month,No,Bank transfer (automatic),116.72,476.93,Yes,Region2_Suburban_Cohort
REG2-00075,Female,0,Yes,No,28,Yes,No,No,No internet service,No internet service,No internet service,No internet service,No internet service,No internet service,One year,Yes,Credit card (automatic),30.83,897.41,No,Region2_Suburban_Cohort
REG2-00076,Female,0,No,No,25,Yes,No,DSL,No,Yes,No,No,Yes,No,One year,Yes,Credit card (automatic),77.19,1906.94,Yes,Region2_Suburban_Cohort
REG2-00077,Male,0,No,No,3,Yes,Yes,Fiber optic,No,Yes,No,No,Yes,No,Month-to-month,No,Electronic check,104.24,328.35,Yes,Region2_Suburban_Cohort
REG2-00078,Male,0,No,No,11,Yes,Yes,Fiber optic,Yes,No,Yes,Yes,No,No,Month-to-month,No,Electronic check,112.06,1188.25,Yes,Region2_Suburban_Cohort
REG2-00079,Male,0,No,No,23,Yes,No,DSL,No,Yes,No,No,No,No,Month-to-month,No,Bank transfer (automatic),63.93,1453.77,Yes,Region2_Suburban_Cohort
REG2-00080,Female,0,Yes,Yes,5,Yes,Yes,Fiber optic,No,Yes,Yes,Yes,No,Yes,Month-to-month,Yes,Bank transfer (automatic),127.59,661.9,Yes,Region2_Suburban_Cohort
REG2-00081,Female,1,No,No,45,Yes,Yes,DSL,No,Yes,No,Yes,No,Yes,One year,Yes,Electronic check,100.81,4604.46,Yes,Region2_Suburban_Cohort
REG2-00082,Male,0,Yes,No,72,Yes,Yes,Fiber optic,No,No,No,Yes,Yes,No,Month-to-month,Yes,Electronic check,109.65,8140.26,Yes,Region2_Suburban_Cohort
REG2-00083,Male,1,Yes,No,6,Yes,Yes,Fiber optic,Yes,Yes,No,Yes,Yes,No,Month-to-month,Yes,Electronic check,124.76,779.09,Yes,Region2_Suburban_Cohort
REG2-00084,Male,0,No,No,5,Yes,Yes,DSL,No,Yes,No,No,No,Yes,Month-to-month,No,Bank transfer (automatic),88.33,441.97,Yes,Region2_Suburban_Cohort
REG2-00085,Male,0,Yes,Yes,16,Yes,Yes,Fiber optic,No,No,No,Yes,Yes,No,Month-to-month,No,Electronic check,105.17,1638.09,Yes,Region2_Suburban_Cohort
REG2-00086,Female,0,No,No,38,Yes,Yes,Fiber optic,Yes,No,No,No,Yes,Yes,Two year,No,Electronic check,116.14,4498.81,No,Region2_Suburban_Cohort
REG2-00087,Female,0,No,No,9,Yes,No,Fiber optic,No,No,No,No,No,No,Month-to-month,Yes,Mailed check,71.1,643.96,Yes,Region2_Suburban_Cohort
REG2-00088,Female,0,Yes,No,1,Yes,Yes,Fiber optic,Yes,No,No,Yes,No,Yes,Month-to-month,Yes,Electronic check,115.39,118.54,Yes,Region2_Suburban_Cohort
REG2-00089,Male,0,Yes,Yes,21,Yes,Yes,Fiber optic,No,Yes,Yes,No,No,Yes,Two year,No,Electronic check,113.12,2378.3,Yes,Region2_Suburban_Cohort
REG2-00090,Male,1,Yes,No,72,Yes,No,DSL,Yes,No,Yes,Yes,Yes,Yes,Two year,No,Credit card (automatic),104.98,7793.72,No,Region2_Suburban_Cohort
REG2-00091,Female,0,No,No,13,Yes,No,DSL,No,No,Yes,No,Yes,No,One year,No,Bank transfer (automatic),72.19,976.2,Yes,Region2_Suburban_Cohort
REG2-00092,Female,0,No,No,15,Yes,Yes,Fiber optic,No,Yes,No,Yes,No,Yes,One year,No,Electronic check,115.63,1777.74,Yes,Region2_Suburban_Cohort
REG2-00093,Female,0,Yes,Yes,72,Yes,No,Fiber optic,No,No,Yes,Yes,No,Yes,One year,No,Credit card (automatic),101.09,7455.82,No,Region2_Suburban_Cohort
REG2-00094,Female,0,Yes,No,33,Yes,Yes,Fiber optic,Yes,No,No,Yes,Yes,No,One year,Yes,Electronic check,111.55,3713.25,Yes,Region2_Suburban_Cohort
REG2-00095,Male,0,No,No,35,Yes,Yes,Fiber optic,Yes,No,No,No,Yes,Yes,Month-to-month,No,Bank transfer (automatic),116.97,4082.34,No,Region2_Suburban_Cohort
REG2-00096,Female,0,No,No,23,Yes,No,DSL,Yes,No,No,Yes,No,No,Month-to-month,Yes,Mailed check,69.38,1671.15,Yes,Region2_Suburban_Cohort
REG2-00097,Male,0,Yes,No,72,Yes,No,Fiber optic,Yes,Yes,Yes,No,No,No,Month-to-month,No,Bank transfer (automatic),98.95,7227.78,No,Region2_Suburban_Cohort
REG2-00098,Male,0,Yes,Yes,32,Yes,Yes,Fiber optic,Yes,Yes,No,No,No,No,One year,Yes,Mailed check,101.49,3358.22,Yes,Region2_Suburban_Cohort
REG2-00099,Male,0,No,No,63,Yes,No,DSL,No,Yes,No,No,Yes,No,Two year,Yes,Electronic check,72.68,4581.32,No,Region2_Suburban_Cohort
REG2-00100,Male,0,Yes,Yes,33,Yes,No,Fiber optic,Yes,No,No,No,No,Yes,Two year,Yes,Bank transfer (automatic),93.0,3085.84,Yes,Region2_Suburban_Cohort
REG2-00101,Female,0,Yes,Yes,37,Yes,Yes,DSL,No,Yes,No,Yes,No,Yes,One year,Yes,Bank transfer (automatic),85.67,3221.42,No,Region2_Suburban_Cohort
REG2-00102,Male,0,No,No,9,Yes,Yes,DSL,Yes,Yes,No,Yes,Yes,Yes,Month-to-month,Yes,Mailed check,114.05,1049.91,No,Region2_Suburban_Cohort
REG2-00103,Male,0,No,No,10,Yes,Yes,Fiber optic,Yes,Yes,No,Yes,No,Yes,Month-to-month,Yes,Bank transfer (automatic),123.08,1224.44,Yes,Region2_Suburban_Cohort
REG2-00104,Female,0,Yes,Yes,42,Yes,No,DSL,No,No,Yes,No,Yes,Yes,Two year,Yes,Mailed check,85.95,3558.03,No,Region2_Suburban_Cohort
REG2-00105,Male,0,Yes,Yes,9,Yes,Yes,DSL,No,No,No,Yes,Yes,Yes,Month-to-month,Yes,Credit card (automatic),99.5,872.17,Yes,Region2_Suburban_Cohort
REG2-00106,Male,1,Yes,No,23,Yes,No,DSL,No,No,Yes,No,Yes,No,Month-to-month,Yes,Bank transfer (automatic),77.41,1766.84,Yes,Region2_Suburban_Cohort
REG2-00107,Female,0,Yes,No,8,Yes,Yes,DSL,Yes,No,Yes,No,Yes,Yes,Month-to-month,Yes,Electronic check,109.65,851.87,Yes,Region2_Suburban_Cohort
REG2-00108,Male,1,No,No,47,Yes,Yes,DSL,No,No,No,Yes,No,No,One year,Yes,Credit card (automatic),77.44,3609.38,No,Region2_Suburban_Cohort
REG2-00109,Male,1,Yes,No,3,Yes,No,No,No internet service,No internet service,No internet service,No internet service,No internet service,No internet service,Month-to-month,Yes,Credit card (automatic),28.46,88.58,Yes,Region2_Suburban_Cohort
REG2-00110,Male,0,No,No,49,Yes,No,DSL,Yes,Yes,No,No,Yes,Yes,One year,Yes,Credit card (automatic),92.68,4757.97,No,Region2_Suburban_Cohort
REG2-00111,Male,0,No,No,25,Yes,Yes,No,No internet service,No internet service,No internet service,No internet service,No internet service,No internet service,Month-to-month,Yes,Bank transfer (automatic),40.6,1022.83,Yes,Region2_Suburban_Cohort
REG2-00112,Female,0,Yes,Yes,5,Yes,Yes,Fiber optic,Yes,No,Yes,No,Yes,Yes,Month-to-month,No,Bank transfer (automatic),128.51,619.8,Yes,Region2_Suburban_Cohort
REG2-00113,Female,0,Yes,Yes,21,Yes,No,DSL,Yes,No,Yes,No,Yes,No,Two year,Yes,Credit card (automatic),83.78,1746.63,No,Region2_Suburban_Cohort
REG2-00114,Female,0,Yes,Yes,9,Yes,Yes,Fiber optic,Yes,No,No,Yes,Yes,No,Month-to-month,No,Electronic check,113.09,1028.2,Yes,Region2_Suburban_Cohort
REG2-00115,Female,0,No,No,10,Yes,Yes,Fiber optic,Yes,No,Yes,No,No,Yes,Month-to-month,Yes,Credit card (automatic),117.69,1161.69,Yes,Region2_Suburban_Cohort
REG2-00116,Female,0,No,No,12,Yes,No,DSL,No,No,Yes,No,No,Yes,One year,Yes,Electronic check,72.23,841.2,No,Region2_Suburban_Cohort
REG2-00117,Male,1,Yes,No,1,Yes,No,DSL,No,No,Yes,No,Yes,No,Month-to-month,Yes,Electronic check,73.69,71.68,Yes,Region2_Suburban_Cohort
REG2-00118,Female,0,No,No,72,No,No phone service,Fiber optic,Yes,No,No,No,Yes,Yes,Two year,Yes,Electronic check,97.52,7003.13,No,Region2_Suburban_Cohort
REG2-00119,Female,0,No,No,1,Yes,Yes,DSL,No,Yes,Yes,No,No,Yes,Month-to-month,Yes,Bank transfer (automatic),97.08,94.33,Yes,Region2_Suburban_Cohort
REG2-00120,Female,0,No,No,30,Yes,No,DSL,Yes,No,No,No,Yes,No,Two year,No,Electronic check,77.9,2278.46,No,Region2_Suburban_Cohort
REG2-00121,Female,0,Yes,Yes,12,Yes,No,Fiber optic,No,Yes,No,No,Yes,No,Month-to-month,No,Electronic check,95.76,1191.99,Yes,Region2_Suburban_Cohort
REG2-00122,Male,0,No,No,29,No,No phone service,Fiber optic,No,No,No,Yes,No,No,One year,No,Bank transfer (automatic),69.91,2083.97,Yes,Region2_Suburban_Cohort
REG2-00123,Male,1,No,No,12,No,No phone service,Fiber optic,No,No,Yes,No,No,No,One year,No,Mailed check,75.65,867.43,No,Region2_Suburban_Cohort
REG2-00124,Male,0,Yes,No,31,Yes,Yes,Fiber optic,Yes,Yes,Yes,No,No,No,Month-to-month,Yes,Credit card (automatic),108.4,3299.97,Yes,Region2_Suburban_Cohort
REG2-00125,Male,0,Yes,No,36,Yes,No,DSL,Yes,Yes,No,No,No,Yes,One year,Yes,Electronic check,81.8,2954.2,Yes,Region2_Suburban_Cohort
REG2-00126,Female,0,Yes,No,32,Yes,Yes,Fiber optic,No,Yes,No,No,No,No,One year,No,Electronic check,92.54,2831.16,No,Region2_Suburban_Cohort
REG2-00127,Female,1,Yes,No,3,Yes,Yes,Fiber optic,No,Yes,No,Yes,Yes,No,Month-to-month,No,Electronic check,114.77,350.62,Yes,Region2_Suburban_Cohort
REG2-00128,Male,0,Yes,Yes,29,Yes,Yes,DSL,No,No,Yes,No,Yes,Yes,Two year,Yes,Mailed check,96.45,2764.73,No,Region2_Suburban_Cohort
REG2-00129,Female,0,No,No,9,Yes,Yes,DSL,Yes,Yes,No,No,No,No,Month-to-month,No,Mailed check,84.18,749.83,Yes,Region2_Suburban_Cohort
REG2-00130,Male,0,Yes,No,1,Yes,No,Fiber optic,Yes,Yes,No,No,No,Yes,Month-to-month,Yes,Electronic check,104.04,101.6,Yes,Region2_Suburban_Cohort
REG2-00131,Male,0,Yes,No,15,Yes,Yes,Fiber optic,No,Yes,Yes,Yes,Yes,Yes,One year,Yes,Mailed check,136.88,2019.1,No,Region2_Suburban_Cohort
REG2-00132,Male,0,No,No,15,Yes,No,Fiber optic,Yes,No,No,No,No,No,One year,No,Credit card (automatic),83.71,1301.07,Yes,Region2_Suburban_Cohort
REG2-00133,Male,0,Yes,Yes,17,Yes,Yes,DSL,No,No,No,No,Yes,No,One year,No,Electronic check,79.56,1391.55,Yes,Region2_Suburban_Cohort
REG2-00134,Female,0,Yes,Yes,34,Yes,Yes,No,No internet service,No internet service,No internet service,No internet service,No internet service,No internet service,One year,No,Mailed check,39.55,1403.3,Yes,Region2_Suburban_Cohort
REG2-00135,Male,0,No,No,10,Yes,No,DSL,Yes,Yes,Yes,Yes,Yes,No,Month-to-month,No,Electronic check,97.3,992.36,Yes,Region2_Suburban_Cohort
REG2-00136,Female,1,No,No,10,Yes,No,Fiber optic,Yes,Yes,Yes,No,No,Yes,Month-to-month,Yes,Electronic check,110.75,1116.12,Yes,Region2_Suburban_Cohort
REG2-00137,Female,0,No,No,1,Yes,No,DSL,Yes,No,No,Yes,Yes,Yes,Month-to-month,Yes,Electronic check,94.96,92.67,Yes,Region2_Suburban_Cohort
REG2-00138,Male,0,No,No,32,Yes,No,Fiber optic,Yes,No,Yes,Yes,No,No,One year,Yes,Mailed check,98.17,3193.86,Yes,Region2_Suburban_Cohort
REG2-00139,Female,0,Yes,Yes,23,Yes,Yes,Fiber optic,Yes,No,No,Yes,No,Yes,Month-to-month,No,Mailed check,116.39,2785.7,Yes,Region2_Suburban_Cohort
REG2-00140,Female,0,No,No,12,Yes,No,Fiber optic,Yes,Yes,No,No,Yes,Yes,One year,Yes,Credit card (automatic),120.79,1387.03,No,Region2_Suburban_Cohort
REG2-00141,Male,1,Yes,No,34,Yes,Yes,DSL,No,No,No,No,No,Yes,Month-to-month,No,Credit card (automatic),80.01,2704.85,Yes,Region2_Suburban_Cohort
REG2-00142,Male,0,No,No,21,Yes,No,DSL,No,Yes,Yes,No,No,No,One year,Yes,Bank transfer (automatic),69.32,1404.68,No,Region2_Suburban_Cohort
REG2-00143,Male,0,Yes,No,17,Yes,No,DSL,No,Yes,No,No,No,No,Two year,No,Electronic check,64.95,1138.45,No,Region2_Suburban_Cohort
REG2-00144,Male,0,No,No,20,No,No phone service,DSL,No,No,No,No,Yes,No,One year,Yes,Credit card (automatic),55.44,1121.45,No,Region2_Suburban_Cohort
REG2-00145,Male,0,No,No,28,Yes,Yes,Fiber optic,No,No,No,No,Yes,No,One year,Yes,Credit card (automatic),99.89,2903.1,Yes,Region2_Suburban_Cohort
REG2-00146,Female,0,No,No,30,Yes,Yes,Fiber optic,Yes,No,No,Yes,Yes,No,One year,Yes,Credit card (automatic),116.19,3333.41,No,Region2_Suburban_Cohort
REG2-00147,Male,0,Yes,No,9,Yes,No,DSL,No,No,No,Yes,Yes,No,Month-to-month,Yes,Electronic check,75.58,707.82,No,Region2_Suburban_Cohort
REG2-00148,Male,0,Yes,No,4,Yes,No,DSL,Yes,No,No,No,Yes,No,Month-to-month,Yes,Bank transfer (automatic),73.52,281.35,Yes,Region2_Suburban_Cohort
REG2-00149,Male,1,No,No,4,No,No phone service,DSL,No,No,No,No,Yes,No,Month-to-month,No,Credit card (automatic),57.19,223.9,Yes,Region2_Suburban_Cohort
REG2-00150,Female,0,No,No,28,Yes,Yes,Fiber optic,No,No,Yes,Yes,No,Yes,Month-to-month,Yes,Bank transfer (automatic),113.74,3075.22,Yes,Region2_Suburban_Cohort
REG2-00151,Male,0,Yes,No,57,Yes,No,DSL,Yes,No,No,Yes,No,No,Two year,No,Bank transfer (automatic),69.73,3833.66,No,Region2_Suburban_Cohort
REG2-00152,Male,1,No,No,14,Yes,No,Fiber optic,No,No,Yes,No,Yes,Yes,Month-to-month,No,Bank transfer (automatic),102.88,1393.03,Yes,Region2_Suburban_Cohort
REG2-00153,Male,0,No,No,5,Yes,Yes,DSL,No,Yes,No,Yes,Yes,No,Month-to-month,Yes,Mailed check,94.69,472.51,Yes,Region2_Suburban_Cohort
REG2-00154,Female,0,Yes,Yes,39,Yes,Yes,Fiber optic,No,Yes,No,Yes,Yes,Yes,Two year,Yes,Credit card (automatic),132.41,5310.83,No,Region2_Suburban_Cohort
REG2-00155,Male,0,No,No,50,Yes,No,No,No internet service,No internet service,No internet service,No internet service,No internet service,No internet service,One year,No,Credit card (automatic),23.74,1234.28,No,Region2_Suburban_Cohort
REG2-00156,Female,0,Yes,Yes,59,Yes,Yes,Fiber optic,Yes,Yes,No,No,Yes,No,One year,Yes,Credit card (automatic),109.44,6500.14,Yes,Region2_Suburban_Cohort
REG2-00157,Female,0,Yes,No,26,Yes,Yes,DSL,No,Yes,Yes,Yes,No,Yes,Month-to-month,Yes,Credit card (automatic),103.14,2589.86,Yes,Region2_Suburban_Cohort
REG2-00158,Male,0,Yes,Yes,55,Yes,No,DSL,No,No,No,No,Yes,Yes,One year,Yes,Mailed check,80.88,4261.21,No,Region2_Suburban_Cohort
REG2-00159,Female,1,No,No,1,Yes,No,Fiber optic,No,Yes,Yes,No,Yes,No,Month-to-month,Yes,Electronic check,99.64,99.58,Yes,Region2_Suburban_Cohort
REG2-00160,Male,0,No,No,3,Yes,No,Fiber optic,Yes,No,No,Yes,No,No,Month-to-month,Yes,Electronic check,91.54,281.91,Yes,Region2_Suburban_Cohort
REG2-00161,Female,0,Yes,Yes,2,Yes,Yes,DSL,No,No,No,No,Yes,No,Month-to-month,Yes,Credit card (automatic),78.6,159.09,Yes,Region2_Suburban_Cohort
REG2-00162,Female,0,No,No,34,No,No phone service,Fiber optic,Yes,Yes,Yes,No,No,No,Two year,Yes,Electronic check,87.49,2999.28,Yes,Region2_Suburban_Cohort
REG2-00163,Female,0,No,No,2,No,No phone service,Fiber optic,No,No,No,Yes,Yes,No,Month-to-month,Yes,Mailed check,85.95,164.13,Yes,Region2_Suburban_Cohort
REG2-00164,Male,0,No,No,19,Yes,No,No,No internet service,No internet service,No internet service,No internet service,No internet service,No internet service,Month-to-month,Yes,Mailed check,27.48,517.5,No,Region2_Suburban_Cohort
REG2-00165,Female,0,Yes,Yes,17,Yes,No,DSL,No,No,No,No,Yes,Yes,One year,Yes,Electronic check,81.54,1393.16,No,Region2_Suburban_Cohort
REG2-00166,Male,1,No,No,10,Yes,Yes,Fiber optic,No,Yes,No,No,No,No,Month-to-month,Yes,Bank transfer (automatic),90.22,911.07,Yes,Region2_Suburban_Cohort
REG2-00167,Male,0,Yes,Yes,57,Yes,No,DSL,No,No,Yes,No,No,No,One year,Yes,Credit card (automatic),62.79,3401.8,No,Region2_Suburban_Cohort
REG2-00168,Male,0,Yes,No,5,Yes,No,DSL,No,Yes,No,Yes,No,No,Month-to-month,Yes,Electronic check,71.27,345.64,Yes,Region2_Suburban_Cohort
REG2-00169,Female,0,Yes,Yes,12,Yes,No,No,No internet service,No internet service,No internet service,No internet service,No internet service,No internet service,Month-to-month,No,Bank transfer (automatic),29.58,370.93,Yes,Region2_Suburban_Cohort
REG2-00170,Female,0,Yes,No,41,Yes,No,DSL,No,Yes,Yes,No,No,No,Two year,Yes,Bank transfer (automatic),69.72,2860.99,No,Region2_Suburban_Cohort
REG2-00171,Male,0,No,No,1,Yes,Yes,DSL,No,No,No,No,Yes,No,Month-to-month,No,Mailed check,80.57,82.21,Yes,Region2_Suburban_Cohort
REG2-00172,Female,0,Yes,Yes,31,Yes,No,Fiber optic,No,Yes,No,No,Yes,Yes,Month-to-month,Yes,Electronic check,105.98,3222.36,Yes,Region2_Suburban_Cohort
REG2-00173,Male,0,No,No,47,Yes,No,DSL,No,No,No,No,Yes,Yes,Two year,No,Credit card (automatic),75.21,3565.05,No,Region2_Suburban_Cohort
REG2-00174,Female,0,Yes,Yes,72,Yes,No,Fiber optic,No,No,No,Yes,No,No,Month-to-month,Yes,Mailed check,81.29,5768.87,No,Region2_Suburban_Cohort
REG2-00175,Male,0,Yes,No,58,Yes,No,Fiber optic,Yes,No,No,Yes,No,Yes,Month-to-month,No,Mailed check,103.24,5866.34,No,Region2_Suburban_Cohort
REG2-00176,Female,0,No,No,10,Yes,Yes,DSL,Yes,Yes,No,No,No,No,One year,Yes,Bank transfer (automatic),81.63,809.07,Yes,Region2_Suburban_Cohort
REG2-00177,Male,0,No,No,24,Yes,Yes,Fiber optic,No,No,No,No,Yes,No,Month-to-month,Yes,Credit card (automatic),98.19,2347.09,Yes,Region2_Suburban_Cohort
REG2-00178,Female,0,Yes,Yes,2,Yes,Yes,DSL,No,No,Yes,No,No,Yes,Month-to-month,Yes,Mailed check,88.93,174.86,Yes,Region2_Suburban_Cohort
REG2-00179,Male,0,Yes,Yes,8,Yes,No,No,No internet service,No internet service,No internet service,No internet service,No internet service,No internet service,Month-to-month,Yes,Bank transfer (automatic),28.51,222.56,No,Region2_Suburban_Cohort
REG2-00180,Male,0,Yes,No,2,Yes,Yes,Fiber optic,Yes,Yes,No,No,Yes,No,Month-to-month,No,Mailed check,114.76,232.36,Yes,Region2_Suburban_Cohort
REG2-00181,Male,0,Yes,No,10,Yes,No,Fiber optic,Yes,No,No,No,Yes,No,Month-to-month,No,Electronic check,94.51,933.83,Yes,Region2_Suburban_Cohort
REG2-00182,Female,0,No,No,58,Yes,Yes,DSL,No,No,No,No,Yes,No,One year,Yes,Electronic check,81.69,4596.74,Yes,Region2_Suburban_Cohort
REG2-00183,Female,0,No,No,11,Yes,Yes,No,No internet service,No internet service,No internet service,No internet service,No internet service,No internet service,Month-to-month,Yes,Electronic check,42.12,475.29,Yes,Region2_Suburban_Cohort
REG2-00184,Male,0,Yes,Yes,23,Yes,Yes,DSL,No,No,No,No,No,Yes,Month-to-month,Yes,Electronic check,81.0,1904.68,Yes,Region2_Suburban_Cohort
REG2-00185,Female,0,No,No,15,No,No phone service,DSL,No,Yes,No,No,Yes,No,Two year,Yes,Mailed check,63.2,984.67,Yes,Region2_Suburban_Cohort
REG2-00186,Female,1,No,No,17,Yes,No,Fiber optic,No,No,Yes,No,No,Yes,Month-to-month,Yes,Electronic check,99.38,1698.76,Yes,Region2_Suburban_Cohort
REG2-00187,Female,0,Yes,Yes,72,Yes,No,Fiber optic,No,Yes,Yes,No,Yes,No,Two year,Yes,Credit card (automatic),105.08,7398.89,Yes,Region2_Suburban_Cohort
REG2-00188,Female,0,Yes,No,9,Yes,No,DSL,No,No,Yes,No,Yes,No,One year,No,Credit card (automatic),79.14,738.17,No,Region2_Suburban_Cohort
REG2-00189,Male,0,No,No,27,Yes,No,Fiber optic,No,No,No,No,Yes,No,Month-to-month,Yes,Mailed check,87.5,2310.6,Yes,Region2_Suburban_Cohort
REG2-00190,Male,1,No,No,15,Yes,Yes,No,No internet service,No internet service,No internet service,No internet service,No internet service,No internet service,Month-to-month,No,Mailed check,40.49,616.8,No,Region2_Suburban_Cohort
REG2-00191,Female,0,Yes,Yes,1,Yes,Yes,DSL,No,No,Yes,Yes,Yes,Yes,Month-to-month,No,Mailed check,106.43,103.13,Yes,Region2_Suburban_Cohort
REG2-00192,Female,0,Yes,No,18,Yes,No,DSL,No,No,Yes,No,No,No,Two year,Yes,Bank transfer (automatic),63.52,1158.13,No,Region2_Suburban_Cohort
REG2-00193,Female,0,Yes,Yes,46,Yes,No,DSL,No,Yes,Yes,No,Yes,Yes,Two year,Yes,Bank transfer (automatic),95.49,4542.26,No,Region2_Suburban_Cohort
REG2-00194,Male,0,No,No,2,Yes,Yes,DSL,No,Yes,No,No,No,No,One year,No,Mailed check,73.98,148.55,Yes,Region2_Suburban_Cohort
REG2-00195,Male,0,No,No,2,Yes,No,DSL,Yes,No,Yes,No,Yes,No,Month-to-month,Yes,Mailed check,82.96,165.44,Yes,Region2_Suburban_Cohort
REG2-00196,Female,1,Yes,No,4,Yes,Yes,No,No internet service,No internet service,No internet service,No internet service,No internet service,No internet service,Month-to-month,Yes,Bank transfer (automatic),42.64,178.98,Yes,Region2_Suburban_Cohort
REG2-00197,Female,0,No,No,40,Yes,Yes,No,No internet service,No internet service,No internet service,No internet service,No internet service,No internet service,Month-to-month,No,Mailed check,39.96,1522.07,No,Region2_Suburban_Cohort
REG2-00198,Female,1,No,No,36,Yes,Yes,No,No internet service,No internet service,No internet service,No internet service,No internet service,No internet service,Two year,Yes,Bank transfer (automatic),41.08,1454.0,No,Region2_Suburban_Cohort
REG2-00199,Female,0,No,No,23,Yes,No,DSL,No,Yes,Yes,Yes,No,Yes,One year,No,Credit card (automatic),94.34,2260.65,Yes,Region2_Suburban_Cohort
REG2-00200,Female,0,Yes,Yes,17,Yes,Yes,DSL,No,No,No,No,Yes,Yes,Month-to-month,Yes,Bank transfer (automatic),94.0,1620.79,No,Region2_Suburban_Cohort
REG2-00201,Male,0,Yes,Yes,61,Yes,Yes,DSL,No,No,Yes,Yes,Yes,Yes,Two year,No,Electronic check,105.02,6433.19,Yes,Region2_Suburban_Cohort
REG2-00202,Male,0,Yes,Yes,40,Yes,Yes,Fiber optic,Yes,No,No,Yes,No,Yes,Month-to-month,No,Bank transfer (automatic),119.73,4855.14,Yes,Region2_Suburban_Cohort
REG2-00203,Female,1,Yes,No,46,Yes,Yes,Fiber optic,No,No,No,Yes,Yes,No,One year,Yes,Mailed check,105.01,4744.45,Yes,Region2_Suburban_Cohort
REG2-00204,Female,1,No,No,46,Yes,No,Fiber optic,No,Yes,Yes,No,Yes,No,Two year,No,Bank transfer (automatic),104.02,4579.73,No,Region2_Suburban_Cohort
REG2-00205,Male,1,Yes,No,28,No,No phone service,Fiber optic,No,Yes,No,Yes,No,No,Month-to-month,No,Credit card (automatic),84.32,2307.87,Yes,Region2_Suburban_Cohort
REG2-00206,Male,0,Yes,No,17,Yes,Yes,Fiber optic,No,No,Yes,No,No,Yes,Month-to-month,Yes,Electronic check,105.01,1755.98,Yes,Region2_Suburban_Cohort
REG2-00207,Female,0,Yes,No,56,Yes,Yes,Fiber optic,Yes,Yes,Yes,No,Yes,No,One year,No,Electronic check,120.18,6716.53,No,Region2_Suburban_Cohort
REG2-00208,Male,0,Yes,No,72,Yes,No,No,No internet service,No internet service,No internet service,No internet service,No internet service,No internet service,Two year,Yes,Mailed check,31.23,2224.7,No,Region2_Suburban_Cohort
REG2-00209,Male,1,No,No,1,Yes,Yes,DSL,Yes,Yes,Yes,Yes,No,No,Month-to-month,No,Electronic check,98.82,99.03,No,Region2_Suburban_Cohort
REG2-00210,Female,0,Yes,No,1,Yes,Yes,Fiber optic,Yes,No,No,No,No,No,Month-to-month,Yes,Bank transfer (automatic),94.13,91.27,Yes,Region2_Suburban_Cohort
REG2-00211,Female,0,Yes,Yes,72,Yes,Yes,Fiber optic,No,Yes,Yes,No,No,No,Two year,Yes,Bank transfer (automatic),99.61,6945.32,No,Region2_Suburban_Cohort
REG2-00212,Female,0,Yes,No,9,Yes,No,DSL,No,Yes,No,No,No,No,Month-to-month,Yes,Mailed check,66.29,587.76,Yes,Region2_Suburban_Cohort
REG2-00213,Male,0,Yes,No,57,Yes,No,DSL,Yes,Yes,No,Yes,No,Yes,Month-to-month,Yes,Mailed check,91.63,5209.18,Yes,Region2_Suburban_Cohort
REG2-00214,Female,1,Yes,No,13,Yes,Yes,No,No internet service,No internet service,No internet service,No internet service,No internet service,No internet service,Month-to-month,No,Bank transfer (automatic),43.72,559.36,Yes,Region2_Suburban_Cohort
REG2-00215,Male,0,No,No,3,Yes,No,No,No internet service,No internet service,No internet service,No internet service,No internet service,No internet service,Month-to-month,Yes,Electronic check,32.91,99.49,Yes,Region2_Suburban_Cohort
REG2-00216,Male,0,No,No,2,Yes,No,No,No internet service,No internet service,No internet service,No internet service,No internet service,No internet service,Month-to-month,Yes,Bank transfer (automatic),25.66,50.34,Yes,Region2_Suburban_Cohort
REG2-00217,Female,0,No,No,4,Yes,No,Fiber optic,No,No,No,No,Yes,No,One year,Yes,Mailed check,87.45,338.51,Yes,Region2_Suburban_Cohort
REG2-00218,Female,0,No,No,8,Yes,Yes,Fiber optic,No,No,No,No,Yes,Yes,Month-to-month,Yes,Bank transfer (automatic),107.21,888.8,Yes,Region2_Suburban_Cohort
REG2-00219,Female,0,No,No,18,Yes,Yes,DSL,No,No,No,Yes,No,Yes,One year,Yes,Bank transfer (automatic),88.88,1551.94,No,Region2_Suburban_Cohort
REG2-00220,Female,0,No,No,33,Yes,No,Fiber optic,No,No,No,Yes,No,Yes,Two year,Yes,Bank transfer (automatic),98.37,3397.69,No,Region2_Suburban_Cohort
REG2-00221,Female,1,Yes,Yes,72,Yes,No,DSL,No,No,No,Yes,Yes,No,Month-to-month,No,Electronic check,74.78,5646.59,Yes,Region2_Suburban_Cohort
REG2-00222,Male,1,Yes,No,16,Yes,No,DSL,No,Yes,No,No,Yes,Yes,One year,Yes,Credit card (automatic),86.83,1416.62,No,Region2_Suburban_Cohort
REG2-00223,Male,0,Yes,No,20,Yes,Yes,DSL,No,No,Yes,Yes,No,Yes,One year,No,Bank transfer (automatic),96.44,1929.19,No,Region2_Suburban_Cohort
REG2-00224,Male,0,No,No,20,Yes,Yes,Fiber optic,No,No,No,No,Yes,Yes,Month-to-month,No,Bank transfer (automatic),112.19,2310.09,Yes,Region2_Suburban_Cohort
REG2-00225,Male,1,No,No,21,No,No phone service,DSL,No,No,Yes,No,Yes,Yes,One year,Yes,Electronic check,76.45,1665.37,Yes,Region2_Suburban_Cohort
REG2-00226,Female,0,No,No,20,Yes,No,DSL,No,No,No,No,Yes,Yes,One year,No,Electronic check,80.77,1649.26,Yes,Region2_Suburban_Cohort
REG2-00227,Male,0,Yes,No,1,Yes,No,No,No internet service,No internet service,No internet service,No internet service,No internet service,No internet service,Month-to-month,Yes,Credit card (automatic),29.41,28.24,Yes,Region2_Suburban_Cohort
REG2-00228,Female,0,No,No,1,Yes,Yes,Fiber optic,Yes,Yes,Yes,No,No,Yes,Month-to-month,Yes,Mailed check,123.77,117.62,Yes,Region2_Suburban_Cohort
REG2-00229,Female,0,Yes,No,2,Yes,Yes,No,No internet service,No internet service,No internet service,No internet service,No internet service,No internet service,Month-to-month,Yes,Bank transfer (automatic),38.86,75.33,No,Region2_Suburban_Cohort
REG2-00230,Female,0,Yes,Yes,2,Yes,Yes,DSL,No,No,No,No,No,No,Month-to-month,Yes,Mailed check,69.88,135.41,No,Region2_Suburban_Cohort
REG2-00231,Male,1,Yes,No,34,Yes,No,DSL,Yes,No,No,No,No,No,Month-to-month,Yes,Bank transfer (automatic),60.82,2002.23,Yes,Region2_Suburban_Cohort
REG2-00232,Female,0,Yes,No,6,Yes,No,DSL,No,No,No,No,No,No,Month-to-month,No,Electronic check,55.79,335.07,No,Region2_Suburban_Cohort
REG2-00233,Male,0,No,No,63,Yes,No,DSL,Yes,No,Yes,No,Yes,Yes,One year,No,Electronic check,92.18,5819.0,No,Region2_Suburban_Cohort
REG2-00234,Male,0,Yes,Yes,72,Yes,No,Fiber optic,No,No,No,No,No,Yes,Two year,No,Electronic check,85.89,6322.0,No,Region2_Suburban_Cohort
REG2-00235,Female,0,Yes,Yes,72,Yes,Yes,Fiber optic,No,Yes,No,Yes,No,Yes,One year,Yes,Mailed check,113.71,7942.71,No,Region2_Suburban_Cohort
REG2-00236,Male,0,No,No,72,Yes,No,No,No internet service,No internet service,No internet service,No internet service,No internet service,No internet service,Two year,Yes,Credit card (automatic),31.31,2162.49,No,Region2_Suburban_Cohort
REG2-00237,Male,0,No,No,8,Yes,No,DSL,Yes,No,No,No,No,No,One year,No,Mailed check,66.7,542.46,No,Region2_Suburban_Cohort
REG2-00238,Female,0,No,No,19,Yes,No,Fiber optic,No,No,Yes,No,No,Yes,One year,Yes,Credit card (automatic),93.09,1765.88,Yes,Region2_Suburban_Cohort
REG2-00239,Male,0,Yes,Yes,5,Yes,No,DSL,No,Yes,Yes,Yes,No,No,Month-to-month,Yes,Electronic check,76.72,389.98,Yes,Region2_Suburban_Cohort
REG2-00240,Female,1,No,No,45,Yes,Yes,Fiber optic,No,No,No,No,No,No,Month-to-month,Yes,Credit card (automatic),89.6,3983.91,Yes,Region2_Suburban_Cohort
REG2-00241,Female,0,No,No,61,Yes,No,Fiber optic,No,No,Yes,Yes,Yes,No,One year,Yes,Mailed check,101.22,6329.27,No,Region2_Suburban_Cohort
REG2-00242,Female,0,Yes,Yes,53,Yes,No,DSL,Yes,No,No,No,Yes,No,One year,No,Mailed check,80.8,4360.6,Yes,Region2_Suburban_Cohort
REG2-00243,Male,0,No,No,15,Yes,No,Fiber optic,Yes,Yes,Yes,No,No,No,Two year,No,Bank transfer (automatic),96.35,1466.98,No,Region2_Suburban_Cohort
REG2-00244,Male,0,Yes,No,39,Yes,Yes,Fiber optic,No,No,Yes,Yes,No,No,Two year,Yes,Mailed check,104.81,3894.48,Yes,Region2_Suburban_Cohort
REG2-00245,Female,0,Yes,No,2,Yes,No,DSL,No,No,No,No,Yes,No,Month-to-month,No,Electronic check,63.16,130.84,Yes,Region2_Suburban_Cohort
REG2-00246,Male,0,No,No,1,No,No phone service,DSL,Yes,Yes,Yes,No,No,No,Month-to-month,No,Electronic check,66.46,65.64,No,Region2_Suburban_Cohort
REG2-00247,Female,0,No,No,39,Yes,Yes,Fiber optic,No,Yes,No,No,No,Yes,Two year,Yes,Electronic check,104.55,3928.87,No,Region2_Suburban_Cohort
REG2-00248,Female,0,Yes,No,15,Yes,Yes,Fiber optic,No,Yes,No,No,No,Yes,One year,Yes,Bank transfer (automatic),105.51,1623.1,Yes,Region2_Suburban_Cohort
REG2-00249,Female,1,No,No,72,Yes,Yes,Fiber optic,Yes,Yes,No,No,No,No,One year,Yes,Credit card (automatic),105.07,7554.81,No,Region2_Suburban_Cohort
REG2-00250,Male,1,No,No,2,Yes,No,Fiber optic,Yes,Yes,Yes,No,No,No,Month-to-month,Yes,Electronic check,98.9,188.54,Yes,Region2_Suburban_Cohort
REG2-00251,Male,1,No,No,54,Yes,Yes,Fiber optic,No,Yes,Yes,No,No,Yes,Two year,No,Bank transfer (automatic),117.85,6543.28,No,Region2_Suburban_Cohort
REG2-00252,Female,0,Yes,No,18,Yes,Yes,Fiber optic,Yes,No,No,Yes,No,Yes,One year,No,Electronic check,117.02,2092.68,No,Region2_Suburban_Cohort
REG2-00253,Male,0,No,No,49,Yes,No,Fiber optic,No,Yes,Yes,No,Yes,No,One year,Yes,Electronic check,100.52,5051.04,No,Region2_Suburban_Cohort
REG2-00254,Male,0,Yes,Yes,47,Yes,No,DSL,No,No,No,No,Yes,No,One year,Yes,Mailed check,66.73,3216.47,No,Region2_Suburban_Cohort
REG2-00255,Female,0,No,No,69,Yes,No,Fiber optic,No,Yes,No,No,Yes,No,One year,No,Bank transfer (automatic),98.06,6495.45,No,Region2_Suburban_Cohort
REG2-00256,Female,0,Yes,Yes,9,Yes,Yes,Fiber optic,No,Yes,Yes,No,Yes,Yes,Month-to-month,Yes,Electronic check,124.86,1136.46,Yes,Region2_Suburban_Cohort
REG2-00257,Female,0,Yes,No,72,Yes,No,Fiber optic,No,No,Yes,No,No,Yes,One year,Yes,Credit card (automatic),96.44,6846.56,No,Region2_Suburban_Cohort
REG2-00258,Female,0,No,No,4,Yes,Yes,Fiber optic,No,No,Yes,No,No,No,Month-to-month,Yes,Electronic check,93.19,374.49,Yes,Region2_Suburban_Cohort
REG2-00259,Male,1,Yes,No,2,Yes,Yes,DSL,No,No,Yes,No,No,No,Month-to-month,Yes,Bank transfer (automatic),72.62,139.26,Yes,Region2_Suburban_Cohort
REG2-00260,Female,0,Yes,Yes,15,Yes,Yes,Fiber optic,No,No,No,Yes,Yes,Yes,One year,Yes,Bank transfer (automatic),118.25,1789.39,No,Region2_Suburban_Cohort
REG2-00261,Female,0,Yes,Yes,49,Yes,No,Fiber optic,Yes,No,Yes,Yes,Yes,No,Month-to-month,Yes,Electronic check,108.23,5450.46,No,Region2_Suburban_Cohort
REG2-00262,Male,0,No,No,17,Yes,Yes,Fiber optic,No,No,Yes,No,Yes,Yes,One year,No,Bank transfer (automatic),122.11,2176.93,No,Region2_Suburban_Cohort
REG2-00263,Female,0,Yes,Yes,49,Yes,Yes,DSL,No,No,Yes,No,Yes,Yes,One year,No,Electronic check,91.94,4424.09,Yes,Region2_Suburban_Cohort
REG2-00264,Female,0,No,No,36,Yes,Yes,Fiber optic,No,Yes,No,No,No,No,One year,Yes,Electronic check,96.3,3347.24,Yes,Region2_Suburban_Cohort
REG2-00265,Female,0,Yes,No,6,Yes,No,DSL,No,No,Yes,No,Yes,Yes,Month-to-month,Yes,Electronic check,88.29,522.64,Yes,Region2_Suburban_Cohort
REG2-00266,Female,0,Yes,No,72,Yes,No,Fiber optic,No,No,No,No,No,No,One year,Yes,Mailed check,73.86,5062.29,No,Region2_Suburban_Cohort
REG2-00267,Female,0,Yes,Yes,1,Yes,No,Fiber optic,No,Yes,Yes,No,Yes,Yes,Month-to-month,Yes,Electronic check,110.0,109.0,Yes,Region2_Suburban_Cohort
REG2-00268,Male,0,Yes,No,63,Yes,Yes,DSL,No,No,No,No,No,Yes,Two year,No,Mailed check,80.14,5258.14,No,Region2_Suburban_Cohort
REG2-00269,Male,0,Yes,No,10,Yes,Yes,DSL,Yes,No,No,Yes,No,No,Month-to-month,Yes,Electronic check,81.88,793.77,Yes,Region2_Suburban_Cohort
REG2-00270,Female,0,Yes,No,19,Yes,Yes,DSL,No,No,No,No,No,No,One year,Yes,Electronic check,65.44,1240.59,No,Region2_Suburban_Cohort
REG2-00271,Female,1,No,No,15,Yes,No,Fiber optic,No,No,Yes,No,No,Yes,One year,No,Credit card (automatic),97.98,1480.37,Yes,Region2_Suburban_Cohort
REG2-00272,Female,0,No,No,5,Yes,Yes,DSL,Yes,Yes,Yes,No,Yes,Yes,Month-to-month,No,Credit card (automatic),118.67,574.36,Yes,Region2_Suburban_Cohort
REG2-00273,Female,0,Yes,Yes,12,Yes,Yes,Fiber optic,No,No,Yes,Yes,No,Yes,One year,Yes,Electronic check,113.73,1341.57,Yes,Region2_Suburban_Cohort
REG2-00274,Female,0,Yes,Yes,6,No,No phone service,DSL,No,Yes,Yes,Yes,Yes,No,One year,Yes,Bank transfer (automatic),79.06,493.87,Yes,Region2_Suburban_Cohort
REG2-00275,Male,1,No,No,6,Yes,No,DSL,No,No,No,No,No,No,Month-to-month,Yes,Bank transfer (automatic),48.11,282.76,Yes,Region2_Suburban_Cohort
REG2-00276,Female,1,Yes,Yes,5,Yes,Yes,Fiber optic,Yes,No,No,No,No,No,Month-to-month,Yes,Electronic check,91.0,461.16,Yes,Region2_Suburban_Cohort
REG2-00277,Female,0,Yes,No,18,Yes,Yes,DSL,No,No,No,Yes,No,No,One year,Yes,Mailed check,73.04,1266.99,No,Region2_Suburban_Cohort
REG2-00278,Female,0,No,No,44,Yes,Yes,DSL,No,No,No,No,No,Yes,Month-to-month,No,Credit card (automatic),81.69,3655.42,Yes,Region2_Suburban_Cohort
REG2-00279,Female,1,No,No,23,Yes,Yes,Fiber optic,No,Yes,No,Yes,No,No,Month-to-month,Yes,Bank transfer (automatic),104.13,2342.1,No,Region2_Suburban_Cohort
REG2-00280,Female,0,No,No,62,Yes,No,No,No internet service,No internet service,No internet service,No internet service,No internet service,No internet service,One year,No,Bank transfer (automatic),32.65,1969.9,No,Region2_Suburban_Cohort
REG2-00281,Male,0,Yes,No,28,Yes,No,No,No internet service,No internet service,No internet service,No internet service,No internet service,No internet service,Two year,No,Bank transfer (automatic),31.74,855.32,No,Region2_Suburban_Cohort
REG2-00282,Male,0,Yes,No,32,Yes,Yes,Fiber optic,No,No,No,Yes,Yes,Yes,One year,Yes,Bank transfer (automatic),119.0,3635.43,No,Region2_Suburban_Cohort
REG2-00283,Male,1,No,No,30,Yes,Yes,No,No internet service,No internet service,No internet service,No internet service,No internet service,No internet service,One year,Yes,Mailed check,42.24,1326.49,No,Region2_Suburban_Cohort
REG2-00284,Female,0,Yes,No,16,Yes,No,Fiber optic,No,Yes,No,No,No,No,Month-to-month,Yes,Bank transfer (automatic),84.34,1337.82,Yes,Region2_Suburban_Cohort
REG2-00285,Male,0,Yes,Yes,32,Yes,No,DSL,No,Yes,No,Yes,Yes,No,One year,Yes,Bank transfer (automatic),82.44,2711.32,No,Region2_Suburban_Cohort
REG2-00286,Male,0,No,No,2,Yes,Yes,DSL,Yes,Yes,No,No,Yes,Yes,Month-to-month,Yes,Electronic check,107.79,224.64,Yes,Region2_Suburban_Cohort
REG2-00287,Female,0,Yes,Yes,55,Yes,No,DSL,Yes,No,No,No,Yes,No,Two year,Yes,Bank transfer (automatic),75.9,4050.94,No,Region2_Suburban_Cohort
REG2-00288,Male,0,No,No,42,Yes,Yes,Fiber optic,No,No,No,No,Yes,No,Month-to-month,No,Bank transfer (automatic),99.61,4338.35,Yes,Region2_Suburban_Cohort
REG2-00289,Female,1,No,No,7,Yes,No,No,No internet service,No internet service,No internet service,No internet service,No internet service,No internet service,Month-to-month,Yes,Electronic check,28.58,204.22,Yes,Region2_Suburban_Cohort
REG2-00290,Male,0,No,No,40,Yes,No,Fiber optic,Yes,Yes,No,No,No,Yes,Two year,Yes,Mailed check,106.35,4287.17,No,Region2_Suburban_Cohort
REG2-00291,Male,0,Yes,Yes,1,Yes,No,Fiber optic,No,Yes,No,Yes,No,Yes,One year,No,Credit card (automatic),106.31,109.6,Yes,Region2_Suburban_Cohort
REG2-00292,Female,0,Yes,No,6,Yes,No,Fiber optic,Yes,No,No,No,No,Yes,One year,No,Credit card (automatic),91.84,529.59,No,Region2_Suburban_Cohort
REG2-00293,Male,0,Yes,Yes,1,Yes,Yes,No,No internet service,No internet service,No internet service,No internet service,No internet service,No internet service,Month-to-month,Yes,Credit card (automatic),36.95,36.08,Yes,Region2_Suburban_Cohort
REG2-00294,Male,0,Yes,Yes,42,Yes,No,No,No internet service,No internet service,No internet service,No internet service,No internet service,No internet service,Two year,No,Electronic check,28.9,1169.02,No,Region2_Suburban_Cohort
REG2-00295,Female,0,No,No,39,Yes,No,Fiber optic,Yes,Yes,No,Yes,Yes,Yes,Two year,Yes,Mailed check,121.0,4905.86,No,Region2_Suburban_Cohort
REG2-00296,Female,0,Yes,Yes,47,Yes,No,No,No internet service,No internet service,No internet service,No internet service,No internet service,No internet service,Two year,No,Electronic check,25.88,1167.56,No,Region2_Suburban_Cohort
REG2-00297,Male,0,Yes,Yes,1,Yes,Yes,Fiber optic,No,Yes,Yes,No,Yes,No,One year,Yes,Bank transfer (automatic),114.06,119.53,Yes,Region2_Suburban_Cohort
REG2-00298,Female,0,Yes,No,19,Yes,No,No,No internet service,No internet service,No internet service,No internet service,No internet service,No internet service,Two year,No,Bank transfer (automatic),33.57,612.95,No,Region2_Suburban_Cohort
REG2-00299,Male,0,No,No,34,Yes,No,DSL,No,Yes,No,Yes,No,No,Month-to-month,Yes,Credit card (automatic),72.14,2492.45,Yes,Region2_Suburban_Cohort
REG2-00300,Male,0,Yes,Yes,4,No,No phone service,Fiber optic,No,No,Yes,No,Yes,No,Month-to-month,No,Credit card (automatic),87.05,353.79,Yes,Region2_Suburban_Cohort
REG2-00301,Female,1,Yes,No,29,No,No phone service,Fiber optic,Yes,No,Yes,No,No,Yes,One year,No,Electronic check,96.31,2913.44,Yes,Region2_Suburban_Cohort
REG2-00302,Female,0,Yes,Yes,2,Yes,Yes,Fiber optic,No,No,Yes,Yes,No,Yes,Month-to-month,Yes,Electronic check,116.93,229.72,Yes,Region2_Suburban_Cohort
REG2-00303,Female,1,No,No,5,Yes,Yes,Fiber optic,No,Yes,Yes,No,No,Yes,Month-to-month,No,Credit card (automatic),114.59,563.33,Yes,Region2_Suburban_Cohort
REG2-00304,Female,0,Yes,No,18,No,No phone service,DSL,No,Yes,No,No,Yes,Yes,One year,No,Credit card (automatic),79.92,1488.38,No,Region2_Suburban_Cohort
REG2-00305,Female,1,No,No,29,Yes,Yes,Fiber optic,Yes,Yes,Yes,No,Yes,No,Month-to-month,Yes,Mailed check,121.0,3676.93,Yes,Region2_Suburban_Cohort
REG2-00306,Female,0,No,No,4,Yes,No,No,No internet service,No internet service,No internet service,No internet service,No internet service,No internet service,Month-to-month,Yes,Mailed check,26.2,99.88,Yes,Region2_Suburban_Cohort
REG2-00307,Male,0,Yes,Yes,5,Yes,No,DSL,No,No,No,Yes,No,Yes,Month-to-month,No,Mailed check,78.5,397.81,No,Region2_Suburban_Cohort
REG2-00308,Female,0,No,No,6,Yes,No,DSL,No,Yes,No,No,No,Yes,Month-to-month,No,Bank transfer (automatic),78.84,460.91,Yes,Region2_Suburban_Cohort
REG2-00309,Male,0,Yes,No,7,Yes,Yes,Fiber optic,Yes,No,Yes,Yes,No,No,Month-to-month,Yes,Electronic check,109.98,787.41,Yes,Region2_Suburban_Cohort
REG2-00310,Male,0,No,No,7,Yes,No,No,No internet service,No internet service,No internet service,No internet service,No internet service,No internet service,One year,Yes,Mailed check,28.66,206.09,No,Region2_Suburban_Cohort
REG2-00311,Male,0,No,No,14,Yes,No,DSL,No,No,No,Yes,No,No,One year,No,Bank transfer (automatic),64.4,925.27,No,Region2_Suburban_Cohort
REG2-00312,Male,0,Yes,Yes,29,Yes,Yes,No,No internet service,No internet service,No internet service,No internet service,No internet service,No internet service,One year,Yes,Electronic check,39.26,1131.2,No,Region2_Suburban_Cohort
REG2-00313,Female,0,Yes,No,16,Yes,Yes,No,No internet service,No internet service,No internet service,No internet service,No internet service,No internet service,Month-to-month,Yes,Credit card (automatic),41.4,639.73,Yes,Region2_Suburban_Cohort
REG2-00314,Female,0,Yes,No,41,Yes,Yes,Fiber optic,No,Yes,No,No,Yes,No,One year,Yes,Electronic check,107.59,4448.58,No,Region2_Suburban_Cohort
REG2-00315,Female,0,No,No,35,Yes,No,Fiber optic,Yes,Yes,Yes,No,No,Yes,One year,Yes,Mailed check,109.27,3934.99,Yes,Region2_Suburban_Cohort
REG2-00316,Male,0,Yes,No,3,Yes,Yes,DSL,No,Yes,No,No,Yes,No,Month-to-month,No,Mailed check,89.75,280.35,Yes,Region2_Suburban_Cohort
REG2-00317,Male,1,No,No,1,Yes,Yes,No,No internet service,No internet service,No internet service,No internet service,No internet service,No internet service,Month-to-month,Yes,Mailed check,42.64,42.44,No,Region2_Suburban_Cohort
REG2-00318,Male,1,Yes,Yes,58,Yes,Yes,DSL,No,No,Yes,No,Yes,Yes,Two year,Yes,Electronic check,98.66,5576.75,No,Region2_Suburban_Cohort
REG2-00319,Male,0,No,No,2,Yes,No,Fiber optic,No,Yes,No,No,No,Yes,Two year,Yes,Bank transfer (automatic),97.46,187.49,No,Region2_Suburban_Cohort
REG2-00320,Female,0,Yes,No,4,Yes,Yes,DSL,No,No,Yes,Yes,No,No,Month-to-month,Yes,Electronic check,83.38,343.45,Yes,Region2_Suburban_Cohort
REG2-00321,Female,0,No,No,1,Yes,Yes,Fiber optic,No,No,Yes,No,Yes,No,Month-to-month,No,Mailed check,105.21,105.58,Yes,Region2_Suburban_Cohort
REG2-00322,Female,0,Yes,No,27,Yes,Yes,Fiber optic,No,Yes,Yes,No,No,Yes,Month-to-month,Yes,Electronic check,118.16,3245.89,Yes,Region2_Suburban_Cohort
REG2-00323,Male,0,No,No,24,Yes,Yes,DSL,No,Yes,Yes,Yes,Yes,Yes,Month-to-month,No,Electronic check,114.94,2664.56,Yes,Region2_Suburban_Cohort
REG2-00324,Female,0,Yes,No,72,Yes,Yes,Fiber optic,No,No,No,No,No,Yes,Two year,No,Credit card (automatic),90.69,6207.49,No,Region2_Suburban_Cohort
REG2-00325,Female,0,Yes,No,61,Yes,No,DSL,No,No,No,Yes,Yes,No,Two year,Yes,Bank transfer (automatic),75.7,4833.62,No,Region2_Suburban_Cohort
REG2-00326,Female,0,Yes,Yes,14,Yes,No,No,No internet service,No internet service,No internet service,No internet service,No internet service,No internet service,One year,No,Electronic check,25.2,363.77,No,Region2_Suburban_Cohort
REG2-00327,Female,0,No,No,13,Yes,No,DSL,No,Yes,No,Yes,No,Yes,One year,Yes,Credit card (automatic),88.22,1135.39,No,Region2_Suburban_Cohort
REG2-00328,Male,1,Yes,No,9,Yes,No,No,No internet service,No internet service,No internet service,No internet service,No internet service,No internet service,Month-to-month,No,Electronic check,30.91,277.0,Yes,Region2_Suburban_Cohort
REG2-00329,Male,0,No,No,4,Yes,Yes,DSL,Yes,Yes,No,Yes,No,No,Month-to-month,Yes,Electronic check,91.91,383.41,Yes,Region2_Suburban_Cohort
REG2-00330,Male,0,Yes,Yes,4,Yes,No,Fiber optic,Yes,No,Yes,No,Yes,Yes,Month-to-month,Yes,Electronic check,116.88,453.85,Yes,Region2_Suburban_Cohort
REG2-00331,Female,0,No,No,3,Yes,Yes,DSL,No,Yes,No,No,No,No,One year,No,Bank transfer (automatic),70.54,218.03,No,Region2_Suburban_Cohort
REG2-00332,Male,1,No,No,3,Yes,Yes,No,No internet service,No internet service,No internet service,No internet service,No internet service,No internet service,Month-to-month,Yes,Bank transfer (automatic),42.99,122.75,Yes,Region2_Suburban_Cohort
REG2-00333,Male,0,Yes,Yes,7,Yes,No,No,No internet service,No internet service,No internet service,No internet service,No internet service,No internet service,Month-to-month,Yes,Electronic check,27.46,199.44,Yes,Region2_Suburban_Cohort
REG2-00334,Male,0,Yes,No,10,Yes,No,DSL,No,No,No,No,No,No,Month-to-month,Yes,Electronic check,53.98,544.62,Yes,Region2_Suburban_Cohort
REG2-00335,Male,0,Yes,No,72,Yes,No,Fiber optic,No,Yes,Yes,Yes,No,Yes,One year,Yes,Mailed check,112.09,8052.38,No,Region2_Suburban_Cohort
REG2-00336,Female,1,Yes,No,24,Yes,No,Fiber optic,No,No,Yes,No,No,Yes,One year,Yes,Bank transfer (automatic),93.61,2293.02,Yes,Region2_Suburban_Cohort
REG2-00337,Female,0,Yes,No,72,Yes,No,Fiber optic,No,No,No,No,No,Yes,One year,Yes,Credit card (automatic),82.2,5662.52,No,Region2_Suburban_Cohort
REG2-00338,Male,1,No,No,13,Yes,No,No,No internet service,No internet service,No internet service,No internet service,No internet service,No internet service,Month-to-month,Yes,Mailed check,31.2,393.25,Yes,Region2_Suburban_Cohort
REG2-00339,Male,0,No,No,17,Yes,No,DSL,No,Yes,No,Yes,Yes,Yes,One year,Yes,Bank transfer (automatic),96.79,1630.13,Yes,Region2_Suburban_Cohort
REG2-00340,Male,0,No,No,10,Yes,No,No,No internet service,No internet service,No internet service,No internet service,No internet service,No internet service,Month-to-month,Yes,Bank transfer (automatic),27.24,275.61,No,Region2_Suburban_Cohort
REG2-00341,Male,0,Yes,No,5,Yes,Yes,DSL,No,No,No,Yes,No,Yes,Month-to-month,Yes,Bank transfer (automatic),85.03,410.04,Yes,Region2_Suburban_Cohort
REG2-00342,Male,0,No,No,4,No,No phone service,DSL,No,No,No,Yes,No,No,One year,Yes,Mailed check,52.51,207.51,No,Region2_Suburban_Cohort
REG2-00343,Male,0,Yes,Yes,72,Yes,Yes,Fiber optic,No,Yes,No,Yes,Yes,Yes,Month-to-month,Yes,Electronic check,131.8,9262.7,Yes,Region2_Suburban_Cohort
REG2-00344,Male,0,Yes,Yes,72,No,No phone service,Fiber optic,No,Yes,No,Yes,No,No,Month-to-month,No,Bank transfer (automatic),85.33,6233.19,No,Region2_Suburban_Cohort
REG2-00345,Female,0,Yes,No,1,Yes,No,Fiber optic,Yes,No,Yes,No,No,Yes,Month-to-month,Yes,Bank transfer (automatic),105.72,110.15,Yes,Region2_Suburban_Cohort
REG2-00346,Female,1,Yes,No,4,Yes,Yes,DSL,No,No,Yes,No,No,Yes,Month-to-month,No,Electronic check,92.19,356.44,Yes,Region2_Suburban_Cohort
REG2-00347,Male,0,Yes,No,15,Yes,Yes,Fiber optic,Yes,No,No,Yes,Yes,No,One year,Yes,Mailed check,117.69,1710.49,No,Region2_Suburban_Cohort
REG2-00348,Male,0,No,No,5,Yes,Yes,DSL,No,Yes,No,No,Yes,No,Month-to-month,Yes,Mailed check,87.68,442.81,No,Region2_Suburban_Cohort
REG2-00349,Female,0,No,No,12,Yes,Yes,Fiber optic,Yes,No,Yes,Yes,Yes,Yes,Month-to-month,Yes,Electronic check,132.23,1579.39,Yes,Region2_Suburban_Cohort
REG2-00350,Male,0,Yes,No,3,Yes,No,DSL,No,No,Yes,Yes,No,Yes,Month-to-month,No,Electronic check,78.68,241.19,No,Region2_Suburban_Cohort
REG2-00351,Female,0,Yes,Yes,17,No,No phone service,Fiber optic,No,No,No,No,No,Yes,Month-to-month,Yes,Electronic check,75.78,1260.93,Yes,Region2_Suburban_Cohort
REG2-00352,Female,0,Yes,No,8,Yes,No,DSL,No,Yes,Yes,No,No,Yes,Month-to-month,No,Mailed check,83.48,670.83,Yes,Region2_Suburban_Cohort
REG2-00353,Male,1,No,No,12,Yes,No,Fiber optic,Yes,No,No,No,Yes,No,One year,No,Mailed check,100.76,1195.44,No,Region2_Suburban_Cohort
REG2-00354,Male,0,Yes,Yes,2,Yes,No,DSL,No,No,Yes,Yes,Yes,Yes,Month-to-month,No,Mailed check,94.44,184.75,Yes,Region2_Suburban_Cohort
REG2-00355,Female,0,No,No,15,No,No phone service,Fiber optic,No,No,Yes,No,Yes,No,Month-to-month,Yes,Electronic check,85.38,1310.07,Yes,Region2_Suburban_Cohort
REG2-00356,Male,0,No,No,72,Yes,No,DSL,No,No,Yes,No,No,No,Month-to-month,Yes,Bank transfer (automatic),63.86,4733.97,Yes,Region2_Suburban_Cohort
REG2-00357,Female,0,No,No,11,Yes,No,No,No internet service,No internet service,No internet service,No internet service,No internet service,No internet service,Month-to-month,Yes,Electronic check,30.51,329.87,Yes,Region2_Suburban_Cohort
REG2-00358,Female,0,Yes,No,58,Yes,No,Fiber optic,No,No,Yes,No,No,No,Month-to-month,Yes,Electronic check,87.44,5133.89,Yes,Region2_Suburban_Cohort
REG2-00359,Female,1,No,No,51,Yes,Yes,Fiber optic,No,No,Yes,No,No,No,Two year,Yes,Mailed check,98.32,4853.16,No,Region2_Suburban_Cohort
REG2-00360,Male,0,No,No,72,No,No phone service,DSL,No,No,No,Yes,No,No,One year,Yes,Bank transfer (automatic),53.01,3927.77,No,Region2_Suburban_Cohort
REG2-00361,Female,0,Yes,Yes,43,Yes,Yes,DSL,No,No,No,No,Yes,Yes,Month-to-month,No,Bank transfer (automatic),89.44,3761.79,No,Region2_Suburban_Cohort
REG2-00362,Male,0,No,No,30,Yes,Yes,Fiber optic,No,No,No,No,Yes,No,One year,No,Electronic check,97.59,2831.37,Yes,Region2_Suburban_Cohort
REG2-00363,Female,0,No,No,54,Yes,No,DSL,No,Yes,No,No,Yes,Yes,One year,Yes,Mailed check,87.08,4909.2,No,Region2_Suburban_Cohort
REG2-00364,Female,0,Yes,Yes,2,Yes,No,Fiber optic,No,Yes,No,Yes,No,Yes,Month-to-month,Yes,Mailed check,101.22,200.87,Yes,Region2_Suburban_Cohort
REG2-00365,Male,0,Yes,No,17,Yes,No,Fiber optic,No,Yes,No,No,No,No,Month-to-month,No,Bank transfer (automatic),85.26,1470.22,Yes,Region2_Suburban_Cohort
REG2-00366,Female,0,Yes,Yes,72,Yes,No,Fiber optic,No,No,Yes,No,Yes,No,Two year,Yes,Electronic check,93.31,6926.06,Yes,Region2_Suburban_Cohort
REG2-00367,Female,0,No,No,41,Yes,Yes,DSL,No,No,Yes,No,Yes,Yes,Two year,No,Bank transfer (automatic),102.89,4297.01,No,Region2_Suburban_Cohort
REG2-00368,Male,0,Yes,No,72,Yes,Yes,DSL,Yes,No,No,No,No,No,One year,No,Bank transfer (automatic),76.73,5560.28,No,Region2_Suburban_Cohort
REG2-00369,Male,0,No,No,42,Yes,No,DSL,No,No,No,Yes,No,No,One year,Yes,Credit card (automatic),59.73,2476.45,No,Region2_Suburban_Cohort
REG2-00370,Male,0,No,No,58,Yes,Yes,No,No internet service,No internet service,No internet service,No internet service,No internet service,No internet service,Month-to-month,No,Credit card (automatic),45.68,2760.33,No,Region2_Suburban_Cohort
REG2-00371,Male,0,No,No,34,No,No phone service,Fiber optic,No,No,Yes,Yes,No,Yes,One year,No,Credit card (automatic),89.69,2937.71,No,Region2_Suburban_Cohort
REG2-00372,Male,0,Yes,No,40,No,No phone service,DSL,Yes,No,No,Yes,No,Yes,Two year,No,Bank transfer (automatic),77.01,3198.66,No,Region2_Suburban_Cohort
REG2-00373,Female,1,No,No,20,Yes,No,No,No internet service,No internet service,No internet service,No internet service,No internet service,No internet service,Month-to-month,Yes,Credit card (automatic),31.86,650.57,No,Region2_Suburban_Cohort
REG2-00374,Male,0,Yes,No,72,Yes,No,Fiber optic,No,No,Yes,Yes,Yes,No,One year,No,Electronic check,108.6,7875.04,Yes,Region2_Suburban_Cohort
REG2-00375,Male,0,Yes,Yes,48,Yes,No,Fiber optic,Yes,Yes,Yes,No,Yes,No,Two year,Yes,Electronic check,104.66,4935.64,Yes,Region2_Suburban_Cohort
REG2-00376,Female,0,No,No,52,Yes,Yes,No,No internet service,No internet service,No internet service,No internet service,No internet service,No internet service,One year,No,Mailed check,42.35,2124.25,Yes,Region2_Suburban_Cohort
REG2-00377,Male,1,Yes,No,31,Yes,No,No,No internet service,No internet service,No internet service,No internet service,No internet service,No internet service,Month-to-month,Yes,Credit card (automatic),29.94,922.86,Yes,Region2_Suburban_Cohort
REG2-00378,Female,0,No,No,10,Yes,No,Fiber optic,No,No,No,No,No,No,Month-to-month,Yes,Bank transfer (automatic),73.45,755.34,Yes,Region2_Suburban_Cohort
REG2-00379,Male,0,Yes,No,1,Yes,No,Fiber optic,No,No,No,No,Yes,Yes,Month-to-month,No,Electronic check,101.47,103.96,Yes,Region2_Suburban_Cohort
REG2-00380,Male,0,Yes,Yes,72,Yes,No,Fiber optic,No,Yes,No,No,No,Yes,One year,Yes,Bank transfer (automatic),94.2,6881.04,No,Region2_Suburban_Cohort
REG2-00381,Female,0,Yes,Yes,24,Yes,No,Fiber optic,No,No,No,No,No,Yes,One year,Yes,Electronic check,90.6,2281.49,No,Region2_Suburban_Cohort
REG2-00382,Female,1,No,No,9,Yes,Yes,Fiber optic,No,No,No,No,No,No,One year,Yes,Mailed check,84.67,798.05,No,Region2_Suburban_Cohort
REG2-00383,Female,0,No,No,4,Yes,No,DSL,No,Yes,Yes,Yes,No,Yes,Month-to-month,Yes,Electronic check,86.21,341.39,Yes,Region2_Suburban_Cohort
REG2-00384,Female,1,No,No,49,Yes,No,No,No internet service,No internet service,No internet service,No internet service,No internet service,No internet service,One year,Yes,Electronic check,28.14,1336.46,No,Region2_Suburban_Cohort
REG2-00385,Female,1,Yes,No,50,Yes,Yes,Fiber optic,No,No,No,Yes,Yes,Yes,Two year,Yes,Electronic check,120.43,5999.73,No,Region2_Suburban_Cohort
REG2-00386,Male,1,Yes,Yes,47,Yes,Yes,No,No internet service,No internet service,No internet service,No internet service,No internet service,No internet service,Two year,Yes,Bank transfer (automatic),44.5,2163.57,No,Region2_Suburban_Cohort
REG2-00387,Male,0,No,No,29,Yes,Yes,Fiber optic,Yes,No,No,No,No,Yes,One year,Yes,Mailed check,104.61,3021.12,Yes,Region2_Suburban_Cohort
REG2-00388,Female,0,Yes,No,12,Yes,No,Fiber optic,Yes,No,Yes,No,No,Yes,Month-to-month,Yes,Electronic check,104.3,1231.07,Yes,Region2_Suburban_Cohort
REG2-00389,Female,0,Yes,Yes,10,Yes,Yes,DSL,No,Yes,No,No,No,Yes,One year,Yes,Mailed check,87.88,900.0,No,Region2_Suburban_Cohort
REG2-00390,Female,0,No,No,1,Yes,Yes,Fiber optic,Yes,No,No,No,Yes,No,Month-to-month,Yes,Bank transfer (automatic),107.52,109.13,Yes,Region2_Suburban_Cohort
REG2-00391,Male,0,Yes,Yes,50,Yes,No,Fiber optic,No,Yes,No,Yes,Yes,Yes,Month-to-month,Yes,Credit card (automatic),119.37,6248.24,Yes,Region2_Suburban_Cohort
REG2-00392,Male,0,No,No,2,No,No phone service,No,No internet service,No internet service,No internet service,No internet service,No internet service,No internet service,Month-to-month,No,Credit card (automatic),19.28,38.75,No,Region2_Suburban_Cohort
REG2-00393,Female,0,No,No,27,Yes,No,Fiber optic,No,No,No,Yes,Yes,No,Month-to-month,Yes,Electronic check,92.66,2618.77,Yes,Region2_Suburban_Cohort
REG2-00394,Male,0,Yes,No,19,Yes,Yes,DSL,No,No,Yes,No,No,No,One year,Yes,Electronic check,75.19,1398.74,No,Region2_Suburban_Cohort
REG2-00395,Female,1,Yes,Yes,20,Yes,Yes,Fiber optic,No,No,No,No,No,Yes,Month-to-month,No,Electronic check,98.59,2043.74,No,Region2_Suburban_Cohort
REG2-00396,Female,0,Yes,Yes,72,Yes,Yes,Fiber optic,No,No,Yes,No,No,Yes,Month-to-month,Yes,Mailed check,109.26,7749.45,Yes,Region2_Suburban_Cohort
REG2-00397,Male,1,No,No,1,Yes,Yes,DSL,No,No,No,No,No,No,Month-to-month,Yes,Bank transfer (automatic),67.02,69.1,Yes,Region2_Suburban_Cohort
REG2-00398,Female,0,No,No,41,Yes,Yes,DSL,No,No,Yes,No,Yes,No,Two year,Yes,Electronic check,87.63,3745.88,No,Region2_Suburban_Cohort
REG2-00399,Female,1,Yes,Yes,1,Yes,No,Fiber optic,No,No,No,Yes,Yes,No,Month-to-month,Yes,Credit card (automatic),94.28,95.44,Yes,Region2_Suburban_Cohort
REG2-00400,Male,0,Yes,No,1,Yes,No,DSL,No,Yes,Yes,No,Yes,No,Month-to-month,Yes,Bank transfer (automatic),77.29,79.06,Yes,Region2_Suburban_Cohort
REG2-00401,Female,0,No,No,15,Yes,No,No,No internet service,No internet service,No internet service,No internet service,No internet service,No internet service,Month-to-month,No,Mailed check,30.46,477.86,Yes,Region2_Suburban_Cohort
REG2-00402,Male,1,No,No,1,Yes,Yes,DSL,No,No,Yes,Yes,No,No,Month-to-month,Yes,Bank transfer (automatic),85.95,84.88,Yes,Region2_Suburban_Cohort
REG2-00403,Female,0,Yes,No,43,Yes,No,Fiber optic,No,Yes,Yes,No,No,Yes,Month-to-month,Yes,Mailed check,104.46,4496.98,No,Region2_Suburban_Cohort
REG2-00404,Male,1,Yes,No,21,Yes,No,DSL,No,No,No,No,No,No,Month-to-month,No,Bank transfer (automatic),51.21,1118.24,Yes,Region2_Suburban_Cohort
REG2-00405,Female,0,Yes,Yes,1,No,No phone service,DSL,No,No,No,No,Yes,No,Month-to-month,No,Credit card (automatic),56.15,57.12,Yes,Region2_Suburban_Cohort
REG2-00406,Male,0,No,No,1,Yes,Yes,DSL,Yes,No,Yes,No,No,No,Month-to-month,Yes,Electronic check,82.38,85.46,Yes,Region2_Suburban_Cohort
REG2-00407,Male,0,No,No,26,Yes,Yes,DSL,No,No,Yes,Yes,Yes,No,One year,Yes,Bank transfer (automatic),96.39,2535.78,Yes,Region2_Suburban_Cohort
REG2-00408,Female,0,Yes,No,45,Yes,No,Fiber optic,No,No,No,No,No,No,Two year,No,Electronic check,75.36,3472.5,No,Region2_Suburban_Cohort
REG2-00409,Male,0,No,No,16,Yes,No,DSL,No,No,Yes,Yes,Yes,Yes,Month-to-month,Yes,Mailed check,87.47,1331.37,Yes,Region2_Suburban_Cohort
REG2-00410,Male,0,Yes,Yes,22,Yes,Yes,DSL,No,No,No,No,No,No,Month-to-month,Yes,Bank transfer (automatic),64.43,1394.73,No,Region2_Suburban_Cohort
REG2-00411,Female,0,Yes,No,45,Yes,No,DSL,Yes,No,No,Yes,No,Yes,One year,Yes,Electronic check,82.09,3793.94,No,Region2_Suburban_Cohort
REG2-00412,Female,0,Yes,Yes,26,Yes,No,No,No internet service,No internet service,No internet service,No internet service,No internet service,No internet service,Month-to-month,Yes,Electronic check,28.37,730.54,Yes,Region2_Suburban_Cohort
REG2-00413,Female,1,No,No,7,No,No phone service,No,No internet service,No internet service,No internet service,No internet service,No internet service,No internet service,Two year,Yes,Electronic check,19.49,134.56,No,Region2_Suburban_Cohort
REG2-00414,Female,1,Yes,No,26,Yes,No,Fiber optic,Yes,No,No,No,No,No,One year,No,Mailed check,81.81,2223.11,No,Region2_Suburban_Cohort
REG2-00415,Male,0,No,No,27,Yes,Yes,Fiber optic,Yes,No,No,No,No,No,One year,No,Bank transfer (automatic),94.4,2562.19,Yes,Region2_Suburban_Cohort
REG2-00416,Male,0,Yes,Yes,37,Yes,No,DSL,Yes,No,No,No,No,Yes,Month-to-month,Yes,Credit card (automatic),76.97,2760.32,No,Region2_Suburban_Cohort
REG2-00417,Male,0,Yes,No,27,Yes,Yes,DSL,Yes,Yes,No,No,Yes,No,Month-to-month,Yes,Electronic check,97.91,2636.23,Yes,Region2_Suburban_Cohort
REG2-00418,Female,0,Yes,No,72,Yes,No,No,No internet service,No internet service,No internet service,No internet service,No internet service,No internet service,Two year,Yes,Electronic check,29.6,2135.18,No,Region2_Suburban_Cohort
REG2-00419,Female,0,No,No,6,Yes,No,DSL,Yes,No,Yes,No,No,Yes,One year,No,Mailed check,84.46,531.53,Yes,Region2_Suburban_Cohort
REG2-00420,Female,1,Yes,No,72,Yes,Yes,Fiber optic,No,Yes,No,No,Yes,No,Month-to-month,Yes,Electronic check,108.05,7949.37,Yes,Region2_Suburban_Cohort
REG2-00421,Female,0,No,No,21,No,No phone service,DSL,No,Yes,Yes,Yes,Yes,No,Two year,Yes,Electronic check,84.42,1776.26,No,Region2_Suburban_Cohort
REG2-00422,Male,0,Yes,Yes,31,Yes,No,DSL,Yes,No,No,Yes,No,Yes,Month-to-month,No,Bank transfer (automatic),84.68,2607.23,Yes,Region2_Suburban_Cohort
REG2-00423,Male,0,Yes,Yes,2,Yes,Yes,DSL,No,No,Yes,Yes,Yes,No,Month-to-month,Yes,Credit card (automatic),100.17,208.66,Yes,Region2_Suburban_Cohort
REG2-00424,Male,1,Yes,No,13,Yes,No,DSL,No,No,No,No,Yes,Yes,Month-to-month,Yes,Credit card (automatic),80.74,1064.94,Yes,Region2_Suburban_Cohort
REG2-00425,Female,0,Yes,Yes,41,Yes,Yes,Fiber optic,No,No,Yes,Yes,Yes,Yes,Two year,Yes,Electronic check,122.96,4968.81,No,Region2_Suburban_Cohort
REG2-00426,Male,0,Yes,No,34,Yes,No,Fiber optic,No,Yes,Yes,Yes,Yes,Yes,One year,Yes,Electronic check,126.36,4281.04,Yes,Region2_Suburban_Cohort
REG2-00427,Female,0,Yes,Yes,1,Yes,Yes,Fiber optic,Yes,No,No,No,Yes,Yes,One year,No,Mailed check,121.3,118.61,Yes,Region2_Suburban_Cohort
REG2-00428,Male,0,No,No,22,Yes,No,Fiber optic,Yes,No,No,Yes,No,Yes,Month-to-month,Yes,Mailed check,105.25,2422.11,Yes,Region2_Suburban_Cohort
REG2-00429,Male,0,No,No,2,Yes,No,Fiber optic,Yes,No,Yes,No,No,No,Month-to-month,No,Bank transfer (automatic),87.72,178.98,Yes,Region2_Suburban_Cohort
REG2-00430,Male,1,Yes,No,72,Yes,No,DSL,No,No,No,No,Yes,No,Month-to-month,Yes,Mailed check,69.73,4966.49,No,Region2_Suburban_Cohort
REG2-00431,Female,0,Yes,Yes,63,Yes,Yes,Fiber optic,No,No,No,Yes,Yes,Yes,Month-to-month,Yes,Electronic check,121.47,7410.19,Yes,Region2_Suburban_Cohort
REG2-00432,Female,0,Yes,Yes,1,Yes,No,No,No internet service,No internet service,No internet service,No internet service,No internet service,No internet service,Month-to-month,No,Electronic check,26.5,25.64,Yes,Region2_Suburban_Cohort
REG2-00433,Male,0,Yes,No,54,Yes,Yes,Fiber optic,No,No,Yes,No,No,No,Two year,No,Credit card (automatic),96.77,5213.95,No,Region2_Suburban_Cohort
REG2-00434,Male,0,Yes,Yes,70,Yes,No,Fiber optic,No,Yes,No,Yes,Yes,No,Two year,No,Mailed check,103.73,7237.55,No,Region2_Suburban_Cohort
REG2-00435,Female,0,No,No,12,Yes,No,DSL,No,No,No,No,Yes,No,Month-to-month,Yes,Credit card (automatic),67.02,797.63,Yes,Region2_Suburban_Cohort
REG2-00436,Male,0,Yes,No,35,Yes,No,Fiber optic,No,Yes,Yes,Yes,Yes,Yes,Month-to-month,Yes,Mailed check,122.79,4448.84,No,Region2_Suburban_Cohort
REG2-00437,Female,0,Yes,Yes,16,Yes,No,No,No internet service,No internet service,No internet service,No internet service,No internet service,No internet service,One year,No,Bank transfer (automatic),25.24,423.19,No,Region2_Suburban_Cohort
REG2-00438,Female,0,Yes,Yes,29,No,No phone service,Fiber optic,Yes,No,No,No,Yes,No,Month-to-month,Yes,Electronic check,84.83,2424.36,Yes,Region2_Suburban_Cohort
REG2-00439,Male,0,Yes,Yes,11,Yes,Yes,Fiber optic,Yes,No,Yes,No,Yes,No,One year,No,Bank transfer (automatic),116.94,1259.92,No,Region2_Suburban_Cohort
REG2-00440,Male,0,No,No,10,Yes,No,No,No internet service,No internet service,No internet service,No internet service,No internet service,No internet service,One year,Yes,Credit card (automatic),27.94,286.95,No,Region2_Suburban_Cohort
REG2-00441,Female,1,Yes,No,15,Yes,Yes,Fiber optic,No,No,Yes,Yes,No,Yes,One year,Yes,Electronic check,114.86,1714.25,Yes,Region2_Suburban_Cohort
REG2-00442,Male,0,Yes,Yes,4,Yes,No,Fiber optic,No,No,No,No,No,Yes,Month-to-month,Yes,Electronic check,85.73,333.23,Yes,Region2_Suburban_Cohort
REG2-00443,Male,0,No,No,49,Yes,No,Fiber optic,No,No,No,Yes,Yes,No,Two year,Yes,Mailed check,93.93,4455.72,No,Region2_Suburban_Cohort
REG2-00444,Female,0,Yes,Yes,12,Yes,No,DSL,No,No,No,No,Yes,Yes,Month-to-month,No,Bank transfer (automatic),74.41,873.33,Yes,Region2_Suburban_Cohort
REG2-00445,Female,0,No,No,14,Yes,No,Fiber optic,Yes,No,No,Yes,Yes,Yes,Month-to-month,No,Bank transfer (automatic),116.65,1551.66,Yes,Region2_Suburban_Cohort
REG2-00446,Female,0,No,No,62,Yes,Yes,DSL,No,No,No,Yes,No,Yes,Month-to-month,Yes,Bank transfer (automatic),87.05,5635.34,No,Region2_Suburban_Cohort
REG2-00447,Female,0,Yes,No,19,Yes,No,DSL,No,Yes,Yes,Yes,No,No,Two year,Yes,Bank transfer (automatic),76.96,1452.04,No,Region2_Suburban_Cohort
REG2-00448,Male,0,No,No,22,Yes,Yes,No,No internet service,No internet service,No internet service,No internet service,No internet service,No internet service,One year,Yes,Mailed check,44.99,948.49,Yes,Region2_Suburban_Cohort
REG2-00449,Male,0,Yes,No,72,Yes,No,Fiber optic,Yes,Yes,No,Yes,Yes,Yes,Month-to-month,No,Bank transfer (automatic),125.14,8708.2,No,Region2_Suburban_Cohort
REG2-00450,Female,0,No,No,60,Yes,No,Fiber optic,No,Yes,No,No,Yes,Yes,One year,Yes,Electronic check,106.83,6296.56,Yes,Region2_Suburban_Cohort
REG2-00451,Female,1,Yes,No,5,Yes,Yes,Fiber optic,No,Yes,No,Yes,Yes,No,Month-to-month,Yes,Electronic check,118.12,593.65,Yes,Region2_Suburban_Cohort
REG2-00452,Male,1,Yes,Yes,17,Yes,Yes,DSL,No,Yes,No,No,Yes,No,One year,Yes,Mailed check,90.96,1577.82,Yes,Region2_Suburban_Cohort
REG2-00453,Female,0,No,No,72,Yes,Yes,Fiber optic,Yes,No,No,Yes,Yes,Yes,One year,No,Bank transfer (automatic),124.65,8802.35,No,Region2_Suburban_Cohort
REG2-00454,Male,0,No,No,13,Yes,No,No,No internet service,No internet service,No internet service,No internet service,No internet service,No internet service,One year,Yes,Credit card (automatic),27.21,369.92,Yes,Region2_Suburban_Cohort
REG2-00455,Male,1,No,No,13,Yes,Yes,DSL,No,No,Yes,No,Yes,No,Month-to-month,No,Bank transfer (automatic),81.42,1086.01,Yes,Region2_Suburban_Cohort
REG2-00456,Male,1,No,No,6,Yes,No,Fiber optic,No,No,Yes,No,No,No,Month-to-month,Yes,Mailed check,81.23,503.26,Yes,Region2_Suburban_Cohort
REG2-00457,Male,0,Yes,No,3,No,No phone service,DSL,No,No,Yes,No,No,No,Month-to-month,No,Electronic check,52.03,153.34,Yes,Region2_Suburban_Cohort
REG2-00458,Male,0,Yes,No,37,Yes,No,Fiber optic,No,Yes,No,Yes,Yes,No,Month-to-month,Yes,Mailed check,98.92,3616.47,Yes,Region2_Suburban_Cohort
REG2-00459,Male,0,Yes,No,41,No,No phone service,Fiber optic,Yes,No,No,No,No,No,Two year,Yes,Electronic check,70.9,2917.96,Yes,Region2_Suburban_Cohort
REG2-00460,Male,0,Yes,Yes,72,Yes,Yes,Fiber optic,No,Yes,No,No,Yes,No,Two year,Yes,Bank transfer (automatic),108.85,7799.34,No,Region2_Suburban_Cohort
REG2-00461,Female,0,Yes,No,41,Yes,No,Fiber optic,Yes,No,No,No,Yes,No,Two year,No,Electronic check,95.66,3827.89,Yes,Region2_Suburban_Cohort
REG2-00462,Female,0,No,No,7,Yes,No,DSL,Yes,Yes,Yes,No,Yes,No,Month-to-month,Yes,Electronic check,89.1,654.71,Yes,Region2_Suburban_Cohort
REG2-00463,Female,0,Yes,Yes,1,Yes,Yes,DSL,Yes,Yes,No,Yes,No,No,Month-to-month,No,Bank transfer (automatic),94.1,97.38,Yes,Region2_Suburban_Cohort
REG2-00464,Female,0,Yes,No,72,Yes,No,Fiber optic,No,Yes,No,No,No,Yes,Two year,No,Electronic check,91.63,6424.5,Yes,Region2_Suburban_Cohort
REG2-00465,Male,0,Yes,Yes,11,Yes,Yes,No,No internet service,No internet service,No internet service,No internet service,No internet service,No internet service,One year,Yes,Bank transfer (automatic),43.25,494.42,Yes,Region2_Suburban_Cohort
REG2-00466,Male,0,No,No,10,Yes,Yes,Fiber optic,No,No,Yes,No,No,No,Month-to-month,No,Bank transfer (automatic),94.42,952.4,Yes,Region2_Suburban_Cohort
REG2-00467,Female,0,No,No,66,Yes,No,Fiber optic,Yes,No,Yes,No,Yes,Yes,One year,No,Credit card (automatic),115.24,7235.1,Yes,Region2_Suburban_Cohort
REG2-00468,Male,0,No,No,24,Yes,Yes,Fiber optic,Yes,No,No,Yes,Yes,Yes,Two year,No,Electronic check,127.75,3018.83,Yes,Region2_Suburban_Cohort
REG2-00469,Female,0,Yes,Yes,6,Yes,No,DSL,No,No,Yes,No,Yes,Yes,Month-to-month,No,Electronic check,89.99,514.33,Yes,Region2_Suburban_Cohort
REG2-00470,Male,1,No,No,61,Yes,No,No,No internet service,No internet service,No internet service,No internet service,No internet service,No internet service,Two year,No,Bank transfer (automatic),31.77,1858.08,No,Region2_Suburban_Cohort
REG2-00471,Female,0,Yes,No,72,Yes,No,DSL,No,No,No,No,No,No,Month-to-month,Yes,Electronic check,57.73,4023.12,Yes,Region2_Suburban_Cohort
REG2-00472,Male,0,No,No,2,Yes,Yes,No,No internet service,No internet service,No internet service,No internet service,No internet service,No internet service,Month-to-month,No,Credit card (automatic),39.46,78.8,Yes,Region2_Suburban_Cohort
REG2-00473,Female,0,Yes,No,55,Yes,Yes,Fiber optic,Yes,No,No,No,Yes,No,One year,No,Electronic check,106.28,5776.01,No,Region2_Suburban_Cohort
REG2-00474,Female,0,Yes,No,13,Yes,Yes,Fiber optic,No,Yes,No,No,No,No,Month-to-month,Yes,Bank transfer (automatic),92.63,1161.92,Yes,Region2_Suburban_Cohort
REG2-00475,Female,1,Yes,Yes,20,Yes,No,DSL,Yes,No,No,Yes,Yes,Yes,One year,Yes,Electronic check,91.73,1815.26,No,Region2_Suburban_Cohort
REG2-00476,Male,0,No,No,68,Yes,No,DSL,Yes,No,Yes,Yes,Yes,No,Two year,No,Mailed check,93.26,6217.6,No,Region2_Suburban_Cohort
REG2-00477,Female,0,Yes,No,72,Yes,Yes,Fiber optic,Yes,Yes,Yes,No,Yes,No,One year,Yes,Credit card (automatic),118.1,8426.8,No,Region2_Suburban_Cohort
REG2-00478,Female,0,No,No,8,Yes,Yes,No,No internet service,No internet service,No internet service,No internet service,No internet service,No internet service,Month-to-month,Yes,Bank transfer (automatic),40.54,313.69,No,Region2_Suburban_Cohort
REG2-00479,Female,0,Yes,No,6,Yes,Yes,Fiber optic,Yes,Yes,No,Yes,Yes,Yes,Month-to-month,Yes,Bank transfer (automatic),133.63,810.58,Yes,Region2_Suburban_Cohort
REG2-00480,Female,1,Yes,No,2,Yes,Yes,Fiber optic,Yes,No,Yes,No,No,No,Month-to-month,No,Electronic check,102.47,195.61,Yes,Region2_Suburban_Cohort
REG2-00481,Female,0,Yes,No,23,Yes,No,DSL,Yes,No,Yes,Yes,Yes,No,Month-to-month,Yes,Credit card (automatic),88.14,2004.49,Yes,Region2_Suburban_Cohort
REG2-00482,Male,0,Yes,No,1,Yes,No,DSL,Yes,No,Yes,No,No,No,Month-to-month,No,Bank transfer (automatic),69.16,71.89,Yes,Region2_Suburban_Cohort
REG2-00483,Female,0,Yes,Yes,14,Yes,No,Fiber optic,No,No,No,No,Yes,No,Month-to-month,Yes,Electronic check,91.66,1272.93,Yes,Region2_Suburban_Cohort
REG2-00484,Female,0,Yes,Yes,2,Yes,Yes,Fiber optic,Yes,No,Yes,No,Yes,Yes,One year,No,Electronic check,126.35,251.21,Yes,Region2_Suburban_Cohort
REG2-00485,Female,1,No,No,14,Yes,No,DSL,Yes,No,Yes,No,No,No,Month-to-month,Yes,Electronic check,68.79,921.46,Yes,Region2_Suburban_Cohort
REG2-00486,Male,0,Yes,Yes,1,Yes,Yes,DSL,Yes,Yes,No,Yes,No,No,Month-to-month,No,Electronic check,91.59,92.56,Yes,Region2_Suburban_Cohort
REG2-00487,Male,0,No,No,50,Yes,No,DSL,Yes,No,No,No,No,No,Two year,Yes,Credit card (automatic),63.19,3297.38,Yes,Region2_Suburban_Cohort
REG2-00488,Female,0,No,No,6,Yes,Yes,DSL,Yes,No,No,No,Yes,Yes,Month-to-month,Yes,Mailed check,103.81,609.88,No,Region2_Suburban_Cohort
REG2-00489,Female,1,No,No,11,Yes,No,Fiber optic,No,Yes,No,No,No,Yes,Month-to-month,Yes,Electronic check,94.32,1026.44,Yes,Region2_Suburban_Cohort
REG2-00490,Male,0,Yes,No,57,Yes,No,No,No internet service,No internet service,No internet service,No internet service,No internet service,No internet service,Month-to-month,No,Mailed check,31.22,1795.23,Yes,Region2_Suburban_Cohort
REG2-00491,Female,0,Yes,No,38,Yes,Yes,No,No internet service,No internet service,No internet service,No internet service,No internet service,No internet service,Two year,No,Mailed check,39.0,1421.71,No,Region2_Suburban_Cohort
REG2-00492,Male,0,Yes,No,6,Yes,No,Fiber optic,No,Yes,Yes,No,Yes,Yes,Month-to-month,Yes,Electronic check,113.2,709.78,Yes,Region2_Suburban_Cohort
REG2-00493,Male,0,No,No,2,Yes,No,Fiber optic,No,No,No,No,Yes,No,Month-to-month,No,Electronic check,85.45,170.35,Yes,Region2_Suburban_Cohort
REG2-00494,Male,0,No,No,35,Yes,Yes,Fiber optic,No,No,No,No,No,No,Month-to-month,No,Electronic check,83.29,2802.94,Yes,Region2_Suburban_Cohort
REG2-00495,Male,0,Yes,Yes,13,Yes,Yes,Fiber optic,No,No,No,No,No,No,Two year,Yes,Bank transfer (automatic),87.12,1113.9,No,Region2_Suburban_Cohort
REG2-00496,Female,0,Yes,No,40,Yes,No,No,No internet service,No internet service,No internet service,No internet service,No internet service,No internet service,Two year,Yes,Mailed check,30.63,1209.74,No,Region2_Suburban_Cohort
REG2-00497,Male,0,No,No,16,Yes,No,DSL,Yes,No,No,Yes,No,No,Month-to-month,Yes,Credit card (automatic),71.32,1123.48,Yes,Region2_Suburban_Cohort
REG2-00498,Female,0,Yes,Yes,11,Yes,No,No,No internet service,No internet service,No internet service,No internet service,No internet service,No internet service,Month-to-month,Yes,Mailed check,25.97,291.19,Yes,Region2_Suburban_Cohort
REG2-00499,Female,0,No,No,16,Yes,No,Fiber optic,Yes,No,No,No,Yes,Yes,One year,No,Mailed check,104.59,1647.59,Yes,Region2_Suburban_Cohort
REG2-00500,Female,0,No,No,38,Yes,No,DSL,Yes,Yes,Yes,No,No,No,Month-to-month,Yes,Credit card (automatic),78.01,2912.16,No,Region2_Suburban_Cohort
REG2-00501,Female,0,No,No,65,Yes,No,Fiber optic,Yes,No,Yes,No,No,No,Month-to-month,Yes,Mailed check,88.08,5623.34,No,Region2_Suburban_Cohort
REG2-00502,Male,0,Yes,No,1,Yes,No,Fiber optic,Yes,No,No,No,No,No,Month-to-month,No,Mailed check,77.9,80.06,No,Region2_Suburban_Cohort
REG2-00503,Female,0,Yes,Yes,20,Yes,Yes,DSL,Yes,No,Yes,Yes,Yes,No,One year,No,Mailed check,105.4,2067.61,No,Region2_Suburban_Cohort
REG2-00504,Female,0,No,No,1,Yes,No,Fiber optic,No,No,No,No,No,No,Month-to-month,Yes,Bank transfer (automatic),78.78,74.95,Yes,Region2_Suburban_Cohort
REG2-00505,Male,0,No,No,17,Yes,Yes,DSL,Yes,Yes,No,No,Yes,No,Month-to-month,Yes,Mailed check,97.86,1641.25,Yes,Region2_Suburban_Cohort
REG2-00506,Female,0,Yes,No,60,Yes,Yes,DSL,No,No,No,No,No,No,Two year,Yes,Bank transfer (automatic),67.73,3973.68,No,Region2_Suburban_Cohort
REG2-00507,Female,0,Yes,No,12,No,No phone service,DSL,No,Yes,No,No,No,Yes,One year,No,Mailed check,63.52,793.42,Yes,Region2_Suburban_Cohort
REG2-00508,Female,0,No,No,72,Yes,No,Fiber optic,Yes,Yes,Yes,No,No,Yes,Two year,No,Mailed check,116.42,8363.72,No,Region2_Suburban_Cohort
REG2-00509,Female,0,No,No,27,Yes,Yes,DSL,No,Yes,No,No,No,Yes,One year,Yes,Credit card (automatic),89.68,2357.09,Yes,Region2_Suburban_Cohort
REG2-00510,Female,0,No,No,72,Yes,Yes,No,No internet service,No internet service,No internet service,No internet service,No internet service,No internet service,Two year,Yes,Mailed check,39.95,3014.92,No,Region2_Suburban_Cohort
REG2-00511,Male,0,No,No,39,No,No phone service,No,No internet service,No internet service,No internet service,No internet service,No internet service,No internet service,Two year,Yes,Electronic check,23.77,903.55,No,Region2_Suburban_Cohort
REG2-00512,Female,0,Yes,No,3,Yes,Yes,DSL,No,Yes,Yes,Yes,No,Yes,Month-to-month,No,Bank transfer (automatic),103.41,318.39,Yes,Region2_Suburban_Cohort
REG2-00513,Female,0,Yes,Yes,7,Yes,No,DSL,No,No,Yes,Yes,No,No,Month-to-month,Yes,Credit card (automatic),74.3,527.88,No,Region2_Suburban_Cohort
REG2-00514,Male,0,No,No,14,Yes,No,Fiber optic,No,Yes,No,Yes,No,No,Month-to-month,No,Bank transfer (automatic),94.99,1324.84,Yes,Region2_Suburban_Cohort
REG2-00515,Male,0,No,No,5,Yes,No,DSL,No,No,No,No,No,No,Month-to-month,Yes,Electronic check,53.34,264.19,Yes,Region2_Suburban_Cohort
REG2-00516,Male,1,Yes,No,19,Yes,No,DSL,Yes,Yes,Yes,No,Yes,Yes,Month-to-month,No,Credit card (automatic),102.66,2023.17,Yes,Region2_Suburban_Cohort
REG2-00517,Female,1,Yes,No,17,Yes,Yes,DSL,No,No,Yes,No,No,Yes,One year,Yes,Mailed check,87.62,1485.83,Yes,Region2_Suburban_Cohort
REG2-00518,Female,0,No,No,72,Yes,Yes,DSL,No,Yes,No,Yes,Yes,No,Month-to-month,Yes,Credit card (automatic),95.23,6771.1,No,Region2_Suburban_Cohort
REG2-00519,Male,0,Yes,No,15,Yes,Yes,Fiber optic,No,No,No,No,Yes,Yes,Month-to-month,Yes,Electronic check,108.43,1602.74,Yes,Region2_Suburban_Cohort
REG2-00520,Female,0,Yes,No,43,Yes,Yes,Fiber optic,No,No,No,Yes,Yes,Yes,One year,Yes,Credit card (automatic),119.28,5014.08,Yes,Region2_Suburban_Cohort
REG2-00521,Male,0,Yes,Yes,72,Yes,Yes,DSL,Yes,Yes,No,No,Yes,Yes,Two year,Yes,Electronic check,106.27,7581.79,No,Region2_Suburban_Cohort
REG2-00522,Female,0,No,No,58,Yes,Yes,Fiber optic,No,No,No,No,No,No,Month-to-month,Yes,Bank transfer (automatic),86.31,4815.71,Yes,Region2_Suburban_Cohort
REG2-00523,Female,1,No,No,6,No,No phone service,Fiber optic,No,No,Yes,No,No,No,One year,Yes,Bank transfer (automatic),69.06,396.34,No,Region2_Suburban_Cohort
REG2-00524,Female,0,Yes,No,19,Yes,Yes,Fiber optic,No,Yes,No,No,No,No,Month-to-month,Yes,Bank transfer (automatic),94.42,1801.42,Yes,Region2_Suburban_Cohort
REG2-00525,Male,1,No,No,11,Yes,No,Fiber optic,No,No,Yes,No,Yes,No,Month-to-month,Yes,Bank transfer (automatic),100.36,1098.91,Yes,Region2_Suburban_Cohort
REG2-00526,Male,0,No,No,14,Yes,No,DSL,Yes,Yes,Yes,No,Yes,Yes,Month-to-month,No,Mailed check,104.14,1410.34,Yes,Region2_Suburban_Cohort
REG2-00527,Male,0,No,No,12,Yes,No,DSL,No,No,No,No,Yes,No,Month-to-month,No,Electronic check,66.21,763.28,Yes,Region2_Suburban_Cohort
REG2-00528,Male,0,No,No,49,Yes,No,Fiber optic,No,No,No,Yes,No,Yes,Two year,Yes,Mailed check,96.35,4552.73,No,Region2_Suburban_Cohort
REG2-00529,Female,0,Yes,Yes,16,Yes,Yes,DSL,Yes,Yes,Yes,No,No,Yes,Month-to-month,Yes,Bank transfer (automatic),106.52,1672.83,Yes,Region2_Suburban_Cohort
REG2-00530,Female,0,Yes,Yes,20,Yes,No,Fiber optic,Yes,Yes,No,Yes,No,No,Month-to-month,No,Bank transfer (automatic),97.2,1934.57,Yes,Region2_Suburban_Cohort
REG2-00531,Female,0,Yes,Yes,72,Yes,Yes,DSL,No,No,No,No,No,No,Two year,Yes,Electronic check,71.22,4970.59,No,Region2_Suburban_Cohort
REG2-00532,Female,0,Yes,Yes,1,Yes,No,Fiber optic,No,No,No,No,No,Yes,Month-to-month,Yes,Electronic check,84.33,86.49,Yes,Region2_Suburban_Cohort
REG2-00533,Female,1,Yes,No,18,Yes,No,No,No internet service,No internet service,No internet service,No internet service,No internet service,No internet service,Two year,Yes,Mailed check,29.02,506.34,No,Region2_Suburban_Cohort
REG2-00534,Female,0,No,No,41,Yes,No,Fiber optic,Yes,No,Yes,Yes,Yes,No,Two year,Yes,Bank transfer (automatic),109.81,4332.98,No,Region2_Suburban_Cohort
REG2-00535,Female,1,No,No,4,No,No phone service,DSL,No,Yes,Yes,No,No,Yes,Month-to-month,Yes,Credit card (automatic),76.04,319.2,Yes,Region2_Suburban_Cohort
REG2-00536,Female,1,No,No,26,Yes,No,No,No internet service,No internet service,No internet service,No internet service,No internet service,No internet service,Month-to-month,No,Electronic check,27.23,704.28,Yes,Region2_Suburban_Cohort
REG2-00537,Male,0,Yes,Yes,7,Yes,No,No,No internet service,No internet service,No internet service,No internet service,No internet service,No internet service,Month-to-month,Yes,Credit card (automatic),32.66,221.08,No,Region2_Suburban_Cohort
REG2-00538,Male,0,Yes,No,56,Yes,No,Fiber optic,Yes,No,No,No,No,No,Two year,No,Credit card (automatic),82.54,4804.61,No,Region2_Suburban_Cohort
REG2-00539,Male,0,Yes,No,11,Yes,Yes,DSL,Yes,Yes,No,No,No,No,Month-to-month,No,Electronic check,83.35,892.2,Yes,Region2_Suburban_Cohort
REG2-00540,Female,1,Yes,No,11,Yes,No,Fiber optic,No,No,Yes,Yes,No,Yes,Month-to-month,No,Mailed check,105.96,1215.16,No,Region2_Suburban_Cohort
REG2-00541,Female,0,Yes,No,25,Yes,Yes,DSL,Yes,No,No,Yes,No,Yes,Month-to-month,Yes,Bank transfer (automatic),96.2,2313.36,Yes,Region2_Suburban_Cohort
REG2-00542,Male,0,No,No,5,Yes,No,Fiber optic,Yes,No,No,Yes,Yes,Yes,Month-to-month,Yes,Mailed check,118.19,611.15,Yes,Region2_Suburban_Cohort
REG2-00543,Female,0,No,No,9,Yes,Yes,DSL,No,No,No,Yes,No,No,Month-to-month,Yes,Bank transfer (automatic),77.61,676.44,No,Region2_Suburban_Cohort
REG2-00544,Female,0,Yes,Yes,15,Yes,Yes,Fiber optic,No,Yes,No,No,Yes,Yes,Month-to-month,Yes,Mailed check,125.55,1965.8,Yes,Region2_Suburban_Cohort
REG2-00545,Male,0,Yes,No,12,Yes,No,DSL,No,No,No,No,Yes,Yes,One year,No,Electronic check,81.88,989.85,No,Region2_Suburban_Cohort
REG2-00546,Male,0,No,No,20,Yes,Yes,DSL,No,No,No,Yes,Yes,Yes,Month-to-month,Yes,Electronic check,99.31,1924.61,Yes,Region2_Suburban_Cohort
REG2-00547,Female,0,Yes,Yes,25,Yes,No,No,No internet service,No internet service,No internet service,No internet service,No internet service,No internet service,Month-to-month,No,Electronic check,30.15,779.74,Yes,Region2_Suburban_Cohort
REG2-00548,Female,1,No,No,23,Yes,Yes,DSL,No,No,Yes,No,Yes,No,Month-to-month,Yes,Bank transfer (automatic),91.34,2077.83,Yes,Region2_Suburban_Cohort
REG2-00549,Female,0,No,No,29,No,No phone service,Fiber optic,No,No,No,Yes,No,No,Month-to-month,No,Electronic check,73.8,2190.03,Yes,Region2_Suburban_Cohort
REG2-00550,Female,1,No,No,10,Yes,No,Fiber optic,Yes,No,No,No,No,No,Month-to-month,Yes,Credit card (automatic),84.32,855.29,Yes,Region2_Suburban_Cohort
REG2-00551,Female,0,Yes,Yes,3,Yes,No,Fiber optic,No,Yes,Yes,Yes,No,No,Month-to-month,Yes,Mailed check,102.05,312.71,Yes,Region2_Suburban_Cohort
REG2-00552,Female,1,No,No,40,Yes,No,DSL,No,No,Yes,No,No,Yes,One year,No,Mailed check,74.24,2923.19,No,Region2_Suburban_Cohort
REG2-00553,Female,0,Yes,No,53,Yes,Yes,DSL,No,No,No,Yes,No,No,One year,Yes,Credit card (automatic),72.88,4032.14,No,Region2_Suburban_Cohort
REG2-00554,Female,0,No,No,8,Yes,Yes,DSL,Yes,Yes,Yes,No,No,Yes,Month-to-month,Yes,Electronic check,104.55,841.4,Yes,Region2_Suburban_Cohort
REG2-00555,Male,0,Yes,Yes,14,Yes,No,Fiber optic,No,Yes,Yes,No,Yes,No,One year,Yes,Electronic check,101.9,1366.33,No,Region2_Suburban_Cohort
REG2-00556,Male,0,Yes,No,19,Yes,Yes,DSL,No,Yes,Yes,Yes,No,No,Month-to-month,Yes,Credit card (automatic),94.93,1725.52,No,Region2_Suburban_Cohort
REG2-00557,Male,0,Yes,No,21,Yes,Yes,DSL,No,No,Yes,Yes,Yes,No,Two year,Yes,Mailed check,89.01,1913.74,No,Region2_Suburban_Cohort
REG2-00558,Female,1,No,No,30,Yes,No,No,No internet service,No internet service,No internet service,No internet service,No internet service,No internet service,Two year,Yes,Electronic check,28.88,896.72,No,Region2_Suburban_Cohort
REG2-00559,Female,1,No,No,1,Yes,No,DSL,Yes,No,No,Yes,No,No,Month-to-month,Yes,Electronic check,71.9,73.3,No,Region2_Suburban_Cohort
REG2-00560,Female,0,No,No,35,Yes,Yes,Fiber optic,Yes,Yes,No,No,Yes,No,One year,No,Credit card (automatic),113.58,3886.85,Yes,Region2_Suburban_Cohort
REG2-00561,Male,0,No,No,1,Yes,Yes,Fiber optic,No,No,Yes,No,Yes,Yes,Month-to-month,Yes,Bank transfer (automatic),122.83,119.46,Yes,Region2_Suburban_Cohort
REG2-00562,Male,0,Yes,No,17,Yes,Yes,Fiber optic,No,Yes,No,No,No,No,Month-to-month,No,Electronic check,95.85,1640.11,Yes,Region2_Suburban_Cohort
REG2-00563,Male,0,No,No,49,No,No phone service,DSL,No,Yes,No,No,No,Yes,One year,Yes,Credit card (automatic),63.64,3023.8,No,Region2_Suburban_Cohort
REG2-00564,Male,1,Yes,Yes,16,Yes,No,DSL,No,No,Yes,No,No,Yes,One year,No,Mailed check,75.94,1200.35,Yes,Region2_Suburban_Cohort
REG2-00565,Female,0,No,No,4,Yes,Yes,Fiber optic,No,No,Yes,No,No,No,Month-to-month,Yes,Credit card (automatic),91.77,371.8,Yes,Region2_Suburban_Cohort
REG2-00566,Male,0,No,No,72,Yes,No,Fiber optic,No,No,Yes,No,No,Yes,One year,Yes,Electronic check,96.63,6807.72,Yes,Region2_Suburban_Cohort
REG2-00567,Male,1,Yes,Yes,61,Yes,Yes,Fiber optic,Yes,No,No,No,No,No,One year,Yes,Mailed check,98.64,5942.09,No,Region2_Suburban_Cohort
REG2-00568,Female,0,No,No,41,Yes,Yes,No,No internet service,No internet service,No internet service,No internet service,No internet service,No internet service,One year,Yes,Electronic check,41.96,1696.36,No,Region2_Suburban_Cohort
REG2-00569,Male,1,Yes,No,14,Yes,No,Fiber optic,No,No,No,No,No,No,Month-to-month,No,Mailed check,75.31,1050.18,Yes,Region2_Suburban_Cohort
REG2-00570,Female,0,Yes,Yes,5,Yes,Yes,Fiber optic,No,Yes,Yes,Yes,No,No,One year,No,Electronic check,108.51,552.01,Yes,Region2_Suburban_Cohort
REG2-00571,Female,0,No,No,72,No,No phone service,Fiber optic,No,No,No,Yes,Yes,No,Two year,Yes,Electronic check,83.43,6176.57,No,Region2_Suburban_Cohort
REG2-00572,Male,0,Yes,Yes,21,Yes,No,Fiber optic,No,No,Yes,Yes,No,No,One year,No,Electronic check,93.96,2005.73,No,Region2_Suburban_Cohort
REG2-00573,Female,0,No,No,53,Yes,No,DSL,No,No,Yes,No,Yes,Yes,One year,Yes,Electronic check,87.03,4394.03,Yes,Region2_Suburban_Cohort
REG2-00574,Female,0,Yes,Yes,11,Yes,Yes,No,No internet service,No internet service,No internet service,No internet service,No internet service,No internet service,One year,Yes,Credit card (automatic),47.9,547.81,No,Region2_Suburban_Cohort
REG2-00575,Female,0,Yes,No,11,Yes,No,Fiber optic,No,No,No,No,Yes,Yes,Month-to-month,No,Electronic check,100.76,1117.36,Yes,Region2_Suburban_Cohort
REG2-00576,Male,0,No,No,72,Yes,Yes,DSL,Yes,No,Yes,No,Yes,No,Month-to-month,Yes,Mailed check,92.46,6936.88,Yes,Region2_Suburban_Cohort
REG2-00577,Female,0,No,No,20,Yes,Yes,Fiber optic,No,No,Yes,No,No,No,Month-to-month,Yes,Bank transfer (automatic),101.07,2115.17,Yes,Region2_Suburban_Cohort
REG2-00578,Male,0,No,No,4,Yes,Yes,No,No internet service,No internet service,No internet service,No internet service,No internet service,No internet service,Month-to-month,Yes,Bank transfer (automatic),38.73,154.42,Yes,Region2_Suburban_Cohort
REG2-00579,Male,0,No,No,6,Yes,No,Fiber optic,No,Yes,No,No,No,No,Two year,Yes,Bank transfer (automatic),82.34,514.61,No,Region2_Suburban_Cohort
REG2-00580,Male,0,No,No,18,Yes,Yes,Fiber optic,Yes,Yes,Yes,No,Yes,No,Month-to-month,Yes,Bank transfer (automatic),123.73,2197.16,Yes,Region2_Suburban_Cohort
REG2-00581,Female,0,Yes,Yes,1,Yes,No,DSL,No,No,Yes,Yes,No,Yes,Month-to-month,Yes,Credit card (automatic),84.08,82.07,Yes,Region2_Suburban_Cohort
REG2-00582,Male,0,Yes,Yes,17,Yes,No,Fiber optic,Yes,Yes,No,No,Yes,Yes,Month-to-month,No,Bank transfer (automatic),113.75,1851.3,Yes,Region2_Suburban_Cohort
REG2-00583,Male,0,Yes,No,15,Yes,Yes,Fiber optic,Yes,No,Yes,No,Yes,No,Month-to-month,Yes,Credit card (automatic),115.33,1721.62,Yes,Region2_Suburban_Cohort
REG2-00584,Female,0,No,No,42,Yes,Yes,DSL,Yes,No,No,No,No,Yes,Two year,Yes,Mailed check,90.63,3878.28,No,Region2_Suburban_Cohort
REG2-00585,Male,0,No,No,12,Yes,No,DSL,Yes,Yes,Yes,Yes,No,Yes,Month-to-month,No,Bank transfer (automatic),102.67,1290.79,No,Region2_Suburban_Cohort
REG2-00586,Male,0,Yes,No,72,Yes,No,DSL,No,Yes,No,No,No,Yes,Month-to-month,Yes,Mailed check,79.86,5762.17,Yes,Region2_Suburban_Cohort
REG2-00587,Male,0,No,No,5,Yes,No,DSL,No,No,Yes,No,Yes,Yes,Month-to-month,Yes,Electronic check,85.13,435.63,Yes,Region2_Suburban_Cohort
REG2-00588,Male,1,No,No,25,Yes,No,DSL,No,No,No,Yes,No,Yes,Month-to-month,No,Electronic check,76.03,1976.05,No,Region2_Suburban_Cohort
REG2-00589,Male,0,Yes,No,2,Yes,Yes,DSL,No,Yes,No,No,Yes,No,Month-to-month,No,Mailed check,88.43,177.62,Yes,Region2_Suburban_Cohort
REG2-00590,Male,0,Yes,No,37,No,No phone service,DSL,Yes,Yes,No,No,No,No,Two year,Yes,Mailed check,56.73,2029.06,No,Region2_Suburban_Cohort
REG2-00591,Female,0,No,No,72,Yes,No,DSL,Yes,No,No,Yes,No,No,One year,No,Mailed check,70.52,5254.24,No,Region2_Suburban_Cohort
REG2-00592,Male,0,No,No,47,Yes,No,Fiber optic,No,No,Yes,No,Yes,No,Month-to-month,No,Electronic check,96.68,4577.66,Yes,Region2_Suburban_Cohort
REG2-00593,Male,1,No,No,22,Yes,No,Fiber optic,No,Yes,No,No,No,No,One year,No,Mailed check,82.92,1871.4,No,Region2_Suburban_Cohort
REG2-00594,Female,0,Yes,No,18,Yes,No,Fiber optic,Yes,No,No,No,Yes,No,Two year,Yes,Credit card (automatic),93.58,1711.13,No,Region2_Suburban_Cohort
REG2-00595,Male,0,No,No,50,Yes,No,Fiber optic,Yes,Yes,No,Yes,Yes,No,One year,Yes,Mailed check,112.22,5364.7,Yes,Region2_Suburban_Cohort
REG2-00596,Female,0,Yes,No,72,Yes,No,DSL,No,No,No,No,Yes,Yes,One year,Yes,Electronic check,82.31,5730.23,Yes,Region2_Suburban_Cohort
REG2-00597,Male,0,Yes,No,72,No,No phone service,Fiber optic,No,Yes,No,No,Yes,No,Two year,Yes,Mailed check,85.77,6043.44,No,Region2_Suburban_Cohort
REG2-00598,Male,0,No,No,14,Yes,No,Fiber optic,No,Yes,Yes,No,Yes,Yes,Month-to-month,No,Credit card (automatic),109.87,1505.06,Yes,Region2_Suburban_Cohort
REG2-00599,Male,0,Yes,No,72,Yes,Yes,Fiber optic,No,No,No,No,No,No,Two year,No,Credit card (automatic),90.27,6719.9,No,Region2_Suburban_Cohort
REG2-00600,Male,0,No,No,4,Yes,No,Fiber optic,No,No,Yes,No,Yes,No,One year,Yes,Credit card (automatic),92.06,371.86,Yes,Region2_Suburban_Cohort
REG2-00601,Male,0,Yes,No,8,Yes,Yes,DSL,Yes,No,No,No,Yes,Yes,Month-to-month,Yes,Electronic check,96.3,738.3,Yes,Region2_Suburban_Cohort
REG2-00602,Male,0,No,No,2,Yes,Yes,DSL,No,Yes,No,No,Yes,No,Month-to-month,Yes,Mailed check,87.88,173.78,Yes,Region2_Suburban_Cohort
REG2-00603,Male,0,No,No,8,Yes,Yes,DSL,No,Yes,No,No,Yes,Yes,Month-to-month,Yes,Credit card (automatic),99.92,803.86,Yes,Region2_Suburban_Cohort
REG2-00604,Male,0,Yes,No,40,Yes,Yes,Fiber optic,No,Yes,Yes,No,Yes,Yes,Two year,Yes,Electronic check,125.61,4899.55,No,Region2_Suburban_Cohort
REG2-00605,Male,0,No,No,53,Yes,Yes,No,No internet service,No internet service,No internet service,No internet service,No internet service,No internet service,Two year,Yes,Electronic check,44.07,2228.23,No,Region2_Suburban_Cohort
REG2-00606,Male,1,Yes,No,42,Yes,No,No,No internet service,No internet service,No internet service,No internet service,No internet service,No internet service,One year,No,Electronic check,30.18,1252.38,No,Region2_Suburban_Cohort
REG2-00607,Male,0,No,No,27,Yes,Yes,DSL,No,Yes,No,Yes,No,No,Month-to-month,Yes,Credit card (automatic),79.36,2134.4,No,Region2_Suburban_Cohort
REG2-00608,Male,1,Yes,Yes,20,Yes,No,No,No internet service,No internet service,No internet service,No internet service,No internet service,No internet service,One year,Yes,Mailed check,27.69,576.22,No,Region2_Suburban_Cohort
REG2-00609,Female,0,Yes,No,34,Yes,Yes,DSL,Yes,No,No,Yes,No,No,Two year,Yes,Credit card (automatic),82.45,2917.78,No,Region2_Suburban_Cohort
REG2-00610,Male,0,Yes,No,13,Yes,Yes,No,No internet service,No internet service,No internet service,No internet service,No internet service,No internet service,One year,No,Electronic check,42.29,549.79,No,Region2_Suburban_Cohort
REG2-00611,Female,0,Yes,Yes,51,Yes,Yes,DSL,No,No,Yes,Yes,No,No,Month-to-month,Yes,Bank transfer (automatic),81.82,4160.93,No,Region2_Suburban_Cohort
REG2-00612,Female,0,No,No,31,Yes,Yes,No,No internet service,No internet service,No internet service,No internet service,No internet service,No internet service,Month-to-month,Yes,Electronic check,37.56,1180.72,Yes,Region2_Suburban_Cohort
REG2-00613,Male,0,Yes,Yes,33,Yes,No,DSL,No,No,Yes,No,No,No,Month-to-month,No,Electronic check,61.41,1977.51,No,Region2_Suburban_Cohort
REG2-00614,Female,0,Yes,No,21,Yes,No,DSL,No,Yes,Yes,No,Yes,No,Two year,Yes,Bank transfer (automatic),84.81,1742.85,Yes,Region2_Suburban_Cohort
REG2-00615,Female,0,Yes,No,60,Yes,Yes,DSL,No,No,Yes,Yes,No,Yes,One year,Yes,Mailed check,95.32,5434.7,Yes,Region2_Suburban_Cohort
REG2-00616,Male,1,Yes,No,8,Yes,Yes,Fiber optic,No,No,No,Yes,No,No,Month-to-month,No,Bank transfer (automatic),97.47,746.87,Yes,Region2_Suburban_Cohort
REG2-00617,Male,0,No,No,13,Yes,No,Fiber optic,No,No,No,No,Yes,No,Month-to-month,No,Credit card (automatic),89.12,1121.31,Yes,Region2_Suburban_Cohort
REG2-00618,Female,0,No,No,42,Yes,Yes,No,No internet service,No internet service,No internet service,No internet service,No internet service,No internet service,Month-to-month,Yes,Electronic check,37.83,1611.2,No,Region2_Suburban_Cohort
REG2-00619,Female,0,Yes,Yes,19,Yes,Yes,Fiber optic,No,No,No,Yes,Yes,No,One year,Yes,Electronic check,105.49,1946.72,No,Region2_Suburban_Cohort
REG2-00620,Male,0,No,No,61,Yes,No,DSL,Yes,No,Yes,No,Yes,No,Two year,No,Bank transfer (automatic),84.87,4982.45,No,Region2_Suburban_Cohort
REG2-00621,Male,0,No,No,11,No,No phone service,Fiber optic,Yes,Yes,No,No,Yes,No,Month-to-month,No,Credit card (automatic),94.4,1050.48,No,Region2_Suburban_Cohort
REG2-00622,Male,0,Yes,Yes,12,Yes,Yes,Fiber optic,Yes,No,No,No,Yes,No,Month-to-month,Yes,Credit card (automatic),108.38,1320.3,Yes,Region2_Suburban_Cohort
REG2-00623,Male,1,No,No,61,Yes,No,No,No internet service,No internet service,No internet service,No internet service,No internet service,No internet service,Two year,No,Mailed check,32.64,1903.37,No,Region2_Suburban_Cohort
REG2-00624,Female,0,Yes,Yes,17,Yes,No,No,No internet service,No internet service,No internet service,No internet service,No internet service,No internet service,One year,No,Bank transfer (automatic),33.33,582.07,No,Region2_Suburban_Cohort
REG2-00625,Male,0,No,No,20,Yes,Yes,DSL,No,Yes,Yes,Yes,Yes,Yes,One year,Yes,Electronic check,110.79,2239.32,Yes,Region2_Suburban_Cohort
REG2-00626,Male,0,No,No,11,Yes,Yes,Fiber optic,Yes,No,Yes,No,Yes,No,Month-to-month,Yes,Electronic check,114.1,1242.18,Yes,Region2_Suburban_Cohort
REG2-00627,Female,1,Yes,Yes,9,No,No phone service,DSL,No,No,No,No,Yes,No,Month-to-month,No,Bank transfer (automatic),58.77,554.49,Yes,Region2_Suburban_Cohort
REG2-00628,Male,0,No,No,29,Yes,No,Fiber optic,Yes,No,No,No,No,No,Two year,Yes,Credit card (automatic),85.1,2347.02,Yes,Region2_Suburban_Cohort
REG2-00629,Male,0,No,No,3,Yes,Yes,Fiber optic,Yes,Yes,No,No,No,No,One year,No,Mailed check,107.5,323.95,Yes,Region2_Suburban_Cohort
REG2-00630,Female,0,Yes,No,59,Yes,No,Fiber optic,No,No,No,No,No,No,Two year,No,Bank transfer (automatic),78.86,4494.41,Yes,Region2_Suburban_Cohort
REG2-00631,Female,0,No,No,42,Yes,No,DSL,No,No,Yes,Yes,No,No,Two year,No,Mailed check,74.0,3054.96,No,Region2_Suburban_Cohort
REG2-00632,Female,0,Yes,Yes,5,Yes,Yes,Fiber optic,No,No,No,No,No,Yes,Month-to-month,Yes,Mailed check,97.95,471.79,Yes,Region2_Suburban_Cohort
REG2-00633,Female,0,No,No,33,Yes,No,DSL,No,Yes,No,Yes,No,No,One year,No,Credit card (automatic),73.27,2458.58,No,Region2_Suburban_Cohort
REG2-00634,Male,0,No,No,25,Yes,Yes,Fiber optic,No,No,Yes,No,Yes,Yes,One year,Yes,Mailed check,124.1,3071.96,Yes,Region2_Suburban_Cohort
REG2-00635,Male,0,Yes,Yes,5,Yes,Yes,Fiber optic,No,No,No,No,No,No,Month-to-month,Yes,Electronic check,90.9,476.6,Yes,Region2_Suburban_Cohort
REG2-00636,Female,0,Yes,Yes,8,Yes,No,Fiber optic,No,No,No,No,No,Yes,Two year,Yes,Credit card (automatic),88.1,715.64,No,Region2_Suburban_Cohort
REG2-00637,Male,0,No,No,14,Yes,No,No,No internet service,No internet service,No internet service,No internet service,No internet service,No internet service,Month-to-month,No,Bank transfer (automatic),33.77,492.51,Yes,Region2_Suburban_Cohort
REG2-00638,Male,0,Yes,No,33,Yes,No,DSL,No,No,Yes,No,No,Yes,Month-to-month,Yes,Bank transfer (automatic),75.72,2434.0,Yes,Region2_Suburban_Cohort
REG2-00639,Male,0,Yes,No,28,Yes,Yes,Fiber optic,No,Yes,Yes,No,Yes,No,Month-to-month,No,Credit card (automatic),115.75,3182.27,Yes,Region2_Suburban_Cohort
REG2-00640,Male,0,Yes,No,21,Yes,No,DSL,No,No,No,Yes,Yes,Yes,Month-to-month,Yes,Electronic check,86.6,1793.63,No,Region2_Suburban_Cohort
REG2-00641,Male,0,Yes,No,40,Yes,Yes,No,No internet service,No internet service,No internet service,No internet service,No internet service,No internet service,Two year,No,Mailed check,38.7,1600.4,No,Region2_Suburban_Cohort
REG2-00642,Male,0,Yes,Yes,39,Yes,No,DSL,Yes,No,No,No,Yes,No,One year,Yes,Bank transfer (automatic),77.56,2937.63,No,Region2_Suburban_Cohort
REG2-00643,Male,1,Yes,No,26,Yes,No,DSL,No,Yes,No,No,No,No,Month-to-month,Yes,Mailed check,62.92,1709.0,Yes,Region2_Suburban_Cohort
REG2-00644,Male,1,Yes,Yes,43,Yes,No,Fiber optic,No,No,Yes,Yes,No,Yes,Two year,No,Credit card (automatic),103.54,4249.01,No,Region2_Suburban_Cohort
REG2-00645,Female,0,No,No,11,Yes,No,DSL,No,Yes,Yes,No,Yes,No,Month-to-month,Yes,Bank transfer (automatic),84.45,965.17,Yes,Region2_Suburban_Cohort
REG2-00646,Female,0,Yes,No,59,Yes,No,DSL,Yes,No,No,No,No,Yes,Two year,Yes,Bank transfer (automatic),73.73,4328.93,Yes,Region2_Suburban_Cohort
REG2-00647,Female,0,Yes,Yes,26,Yes,No,DSL,No,No,No,Yes,Yes,Yes,Month-to-month,No,Credit card (automatic),89.38,2329.9,No,Region2_Suburban_Cohort
REG2-00648,Female,0,Yes,No,48,Yes,No,No,No internet service,No internet service,No internet service,No internet service,No internet service,No internet service,One year,No,Electronic check,29.81,1502.05,No,Region2_Suburban_Cohort
REG2-00649,Male,0,No,No,22,Yes,No,Fiber optic,Yes,Yes,Yes,No,No,Yes,Month-to-month,Yes,Bank transfer (automatic),110.91,2530.31,Yes,Region2_Suburban_Cohort
REG2-00650,Male,0,Yes,Yes,6,Yes,No,Fiber optic,No,No,No,No,No,No,Month-to-month,Yes,Bank transfer (automatic),67.24,419.74,Yes,Region2_Suburban_Cohort
REG2-00651,Female,0,Yes,No,21,Yes,No,No,No internet service,No internet service,No internet service,No internet service,No internet service,No internet service,One year,Yes,Credit card (automatic),30.56,647.25,No,Region2_Suburban_Cohort
REG2-00652,Female,0,Yes,Yes,12,Yes,No,DSL,No,No,No,No,Yes,No,Two year,Yes,Mailed check,64.85,813.71,No,Region2_Suburban_Cohort
REG2-00653,Female,0,No,No,33,Yes,Yes,Fiber optic,No,No,Yes,No,Yes,No,Month-to-month,Yes,Mailed check,106.29,3573.44,No,Region2_Suburban_Cohort
REG2-00654,Male,0,No,No,18,Yes,Yes,Fiber optic,Yes,No,Yes,Yes,Yes,Yes,One year,Yes,Electronic check,133.26,2475.28,No,Region2_Suburban_Cohort
REG2-00655,Male,0,No,No,50,Yes,No,No,No internet service,No internet service,No internet service,No internet service,No internet service,No internet service,One year,Yes,Credit card (automatic),28.41,1451.88,No,Region2_Suburban_Cohort
REG2-00656,Male,0,No,No,31,Yes,No,Fiber optic,No,Yes,No,Yes,No,Yes,Two year,Yes,Mailed check,102.62,3270.59,No,Region2_Suburban_Cohort
REG2-00657,Male,1,No,No,32,Yes,No,Fiber optic,No,No,No,No,No,Yes,One year,Yes,Bank transfer (automatic),88.4,2867.83,Yes,Region2_Suburban_Cohort
REG2-00658,Female,1,Yes,No,6,Yes,Yes,Fiber optic,No,No,No,Yes,No,Yes,Month-to-month,Yes,Electronic check,110.92,680.59,Yes,Region2_Suburban_Cohort
REG2-00659,Female,0,No,No,72,Yes,Yes,No,No internet service,No internet service,No internet service,No internet service,No internet service,No internet service,One year,Yes,Bank transfer (automatic),42.58,3046.12,Yes,Region2_Suburban_Cohort
REG2-00660,Male,0,Yes,Yes,51,Yes,No,No,No internet service,No internet service,No internet service,No internet service,No internet service,No internet service,One year,Yes,Electronic check,29.03,1511.16,No,Region2_Suburban_Cohort
REG2-00661,Female,0,No,No,43,Yes,No,DSL,No,No,No,No,Yes,No,Two year,Yes,Credit card (automatic),66.38,2790.63,No,Region2_Suburban_Cohort
REG2-00662,Female,0,No,No,11,Yes,Yes,DSL,No,No,Yes,No,No,Yes,One year,No,Credit card (automatic),89.55,998.34,No,Region2_Suburban_Cohort
REG2-00663,Male,0,Yes,No,21,Yes,No,Fiber optic,No,Yes,Yes,No,No,Yes,Two year,No,Electronic check,104.25,2194.45,Yes,Region2_Suburban_Cohort
REG2-00664,Male,0,Yes,Yes,4,Yes,No,Fiber optic,No,No,Yes,Yes,No,Yes,Month-to-month,Yes,Bank transfer (automatic),100.03,416.07,Yes,Region2_Suburban_Cohort
REG2-00665,Male,0,Yes,No,21,Yes,Yes,DSL,No,Yes,No,No,No,Yes,One year,Yes,Bank transfer (automatic),85.42,1824.89,Yes,Region2_Suburban_Cohort
REG2-00666,Male,0,No,No,4,No,No phone service,Fiber optic,No,No,No,Yes,No,Yes,Month-to-month,No,Credit card (automatic),85.21,344.13,Yes,Region2_Suburban_Cohort
REG2-00667,Male,0,No,No,22,Yes,Yes,DSL,No,Yes,No,Yes,No,No,One year,No,Bank transfer (automatic),82.6,1783.23,Yes,Region2_Suburban_Cohort
REG2-00668,Male,0,No,No,29,Yes,Yes,DSL,Yes,No,No,No,No,No,Month-to-month,Yes,Credit card (automatic),73.66,2213.64,No,Region2_Suburban_Cohort
REG2-00669,Male,0,Yes,Yes,13,Yes,Yes,Fiber optic,No,Yes,No,Yes,No,No,One year,Yes,Mailed check,102.57,1273.96,Yes,Region2_Suburban_Cohort
REG2-00670,Male,0,No,No,19,Yes,Yes,DSL,No,No,No,Yes,No,No,Month-to-month,Yes,Electronic check,75.74,1496.59,Yes,Region2_Suburban_Cohort
REG2-00671,Female,1,No,No,58,No,No phone service,DSL,Yes,No,Yes,No,Yes,No,Month-to-month,No,Bank transfer (automatic),74.0,4357.66,Yes,Region2_Suburban_Cohort
REG2-00672,Male,0,No,No,3,Yes,Yes,DSL,Yes,Yes,No,No,No,No,Month-to-month,No,Bank transfer (automatic),83.15,241.7,Yes,Region2_Suburban_Cohort
REG2-00673,Female,0,No,No,43,Yes,Yes,Fiber optic,No,No,No,No,No,Yes,Two year,No,Electronic check,101.35,4533.68,No,Region2_Suburban_Cohort
REG2-00674,Male,1,Yes,No,5,Yes,No,Fiber optic,No,No,No,Yes,No,Yes,Month-to-month,Yes,Electronic check,96.17,472.5,Yes,Region2_Suburban_Cohort
REG2-00675,Female,1,No,No,1,Yes,No,DSL,No,No,Yes,No,No,No,Month-to-month,No,Credit card (automatic),60.5,58.49,Yes,Region2_Suburban_Cohort
REG2-00676,Male,0,No,No,5,Yes,No,No,No internet service,No internet service,No internet service,No internet service,No internet service,No internet service,One year,Yes,Bank transfer (automatic),29.2,143.36,Yes,Region2_Suburban_Cohort
REG2-00677,Male,0,No,No,40,Yes,Yes,Fiber optic,No,No,No,No,Yes,Yes,One year,No,Electronic check,110.69,4631.74,No,Region2_Suburban_Cohort
REG2-00678,Female,0,Yes,No,14,Yes,No,No,No internet service,No internet service,No internet service,No internet service,No internet service,No internet service,Month-to-month,Yes,Credit card (automatic),29.65,425.59,No,Region2_Suburban_Cohort
REG2-00679,Female,0,Yes,Yes,57,Yes,No,DSL,No,No,No,Yes,No,No,Two year,Yes,Electronic check,61.06,3625.48,No,Region2_Suburban_Cohort
REG2-00680,Female,0,No,No,20,Yes,No,DSL,No,No,No,No,No,Yes,Two year,Yes,Electronic check,65.67,1286.98,No,Region2_Suburban_Cohort
REG2-00681,Male,0,No,No,1,Yes,No,Fiber optic,No,No,Yes,No,Yes,No,Month-to-month,No,Mailed check,97.3,93.24,Yes,Region2_Suburban_Cohort
REG2-00682,Male,0,No,No,35,Yes,No,Fiber optic,No,Yes,Yes,No,Yes,No,Month-to-month,No,Credit card (automatic),100.57,3542.04,Yes,Region2_Suburban_Cohort
REG2-00683,Female,0,Yes,No,3,Yes,No,Fiber optic,Yes,No,Yes,Yes,Yes,No,One year,Yes,Bank transfer (automatic),110.31,330.37,No,Region2_Suburban_Cohort
REG2-00684,Female,0,Yes,No,43,Yes,No,Fiber optic,No,Yes,No,No,Yes,No,Two year,Yes,Mailed check,98.17,4314.43,No,Region2_Suburban_Cohort
REG2-00685,Female,0,No,No,5,Yes,Yes,No,No internet service,No internet service,No internet service,No internet service,No internet service,No internet service,Month-to-month,Yes,Electronic check,41.86,210.19,Yes,Region2_Suburban_Cohort
REG2-00686,Female,0,No,No,11,Yes,Yes,Fiber optic,No,Yes,No,No,No,Yes,Month-to-month,Yes,Bank transfer (automatic),113.02,1230.35,Yes,Region2_Suburban_Cohort
REG2-00687,Male,0,Yes,No,40,Yes,Yes,DSL,No,No,No,Yes,Yes,No,Two year,Yes,Bank transfer (automatic),91.08,3462.75,No,Region2_Suburban_Cohort
REG2-00688,Female,0,Yes,Yes,72,Yes,Yes,Fiber optic,No,No,No,Yes,No,Yes,Month-to-month,Yes,Credit card (automatic),101.61,7292.32,No,Region2_Suburban_Cohort
REG2-00689,Male,0,No,No,13,Yes,Yes,DSL,No,No,No,No,No,No,Month-to-month,Yes,Bank transfer (automatic),64.31,804.31,Yes,Region2_Suburban_Cohort
REG2-00690,Male,0,Yes,No,49,Yes,No,Fiber optic,Yes,Yes,Yes,No,No,No,One year,No,Electronic check,99.19,5065.42,No,Region2_Suburban_Cohort
REG2-00691,Male,1,No,No,5,Yes,Yes,Fiber optic,No,No,No,Yes,No,No,Month-to-month,No,Bank transfer (automatic),94.25,491.12,Yes,Region2_Suburban_Cohort
REG2-00692,Male,0,Yes,Yes,46,Yes,No,Fiber optic,Yes,No,No,No,No,Yes,One year,Yes,Electronic check,96.8,4588.01,Yes,Region2_Suburban_Cohort
REG2-00693,Male,0,No,No,30,Yes,No,DSL,No,Yes,No,No,Yes,No,Month-to-month,Yes,Credit card (automatic),76.65,2220.83,Yes,Region2_Suburban_Cohort
REG2-00694,Male,0,No,No,5,Yes,Yes,Fiber optic,Yes,Yes,No,No,Yes,Yes,Month-to-month,Yes,Electronic check,123.25,594.52,Yes,Region2_Suburban_Cohort
REG2-00695,Female,0,No,No,10,Yes,No,Fiber optic,No,Yes,No,No,Yes,No,Month-to-month,Yes,Electronic check,97.94,985.6,Yes,Region2_Suburban_Cohort
REG2-00696,Male,0,Yes,No,3,Yes,Yes,Fiber optic,Yes,Yes,Yes,No,Yes,No,Month-to-month,No,Mailed check,127.84,392.24,Yes,Region2_Suburban_Cohort
REG2-00697,Female,0,No,No,13,Yes,No,No,No internet service,No internet service,No internet service,No internet service,No internet service,No internet service,Month-to-month,No,Electronic check,26.61,359.92,Yes,Region2_Suburban_Cohort
REG2-00698,Male,0,Yes,No,6,Yes,No,DSL,No,Yes,No,No,Yes,Yes,Month-to-month,Yes,Mailed check,86.06,536.71,Yes,Region2_Suburban_Cohort
REG2-00699,Male,0,Yes,No,28,Yes,Yes,DSL,No,Yes,No,No,No,Yes,Month-to-month,No,Mailed check,86.2,2330.41,Yes,Region2_Suburban_Cohort
REG2-00700,Female,1,No,No,72,Yes,No,DSL,No,Yes,No,No,Yes,Yes,Month-to-month,No,Mailed check,90.13,6810.89,Yes,Region2_Suburban_Cohort
REG2-00701,Male,0,No,No,1,Yes,No,Fiber optic,Yes,Yes,Yes,No,Yes,No,Month-to-month,Yes,Mailed check,114.79,110.85,Yes,Region2_Suburban_Cohort
REG2-00702,Male,0,No,No,21,No,No phone service,DSL,Yes,No,Yes,No,Yes,Yes,Month-to-month,No,Credit card (automatic),83.92,1822.26,Yes,Region2_Suburban_Cohort
REG2-00703,Male,1,Yes,No,23,Yes,Yes,Fiber optic,No,No,No,No,No,No,One year,Yes,Mailed check,85.86,1991.95,Yes,Region2_Suburban_Cohort
REG2-00704,Male,0,Yes,No,68,Yes,No,Fiber optic,No,Yes,Yes,No,Yes,No,Two year,Yes,Credit card (automatic),105.54,7304.67,No,Region2_Suburban_Cohort
REG2-00705,Female,0,Yes,No,19,Yes,No,DSL,Yes,No,No,No,No,No,Month-to-month,Yes,Electronic check,62.48,1199.46,No,Region2_Suburban_Cohort
REG2-00706,Male,0,No,No,21,Yes,Yes,DSL,No,Yes,No,Yes,No,No,Month-to-month,No,Electronic check,83.57,1819.85,Yes,Region2_Suburban_Cohort
REG2-00707,Female,0,No,No,17,Yes,No,Fiber optic,No,Yes,No,No,Yes,No,Two year,Yes,Bank transfer (automatic),97.4,1678.5,No,Region2_Suburban_Cohort
REG2-00708,Male,0,No,No,8,Yes,Yes,Fiber optic,No,No,No,Yes,Yes,Yes,One year,Yes,Electronic check,120.83,1000.34,Yes,Region2_Suburban_Cohort
REG2-00709,Female,0,No,No,1,Yes,No,DSL,Yes,No,Yes,Yes,No,No,One year,No,Mailed check,79.73,76.97,No,Region2_Suburban_Cohort
REG2-00710,Female,0,Yes,Yes,14,Yes,Yes,DSL,No,Yes,No,Yes,No,No,One year,Yes,Credit card (automatic),79.73,1157.15,No,Region2_Suburban_Cohort
REG2-00711,Female,0,Yes,No,1,Yes,No,Fiber optic,No,No,No,No,Yes,No,One year,No,Mailed check,88.51,92.87,No,Region2_Suburban_Cohort
REG2-00712,Male,0,Yes,No,22,Yes,No,Fiber optic,No,No,No,Yes,Yes,Yes,One year,Yes,Electronic check,109.48,2447.46,Yes,Region2_Suburban_Cohort
REG2-00713,Male,0,Yes,Yes,10,Yes,Yes,No,No internet service,No internet service,No internet service,No internet service,No internet service,No internet service,Month-to-month,Yes,Bank transfer (automatic),43.89,459.81,Yes,Region2_Suburban_Cohort
REG2-00714,Male,0,Yes,No,21,Yes,Yes,DSL,Yes,No,Yes,No,No,Yes,One year,Yes,Electronic check,91.57,1869.1,No,Region2_Suburban_Cohort
REG2-00715,Female,1,No,No,4,Yes,Yes,No,No internet service,No internet service,No internet service,No internet service,No internet service,No internet service,Month-to-month,No,Bank transfer (automatic),44.05,182.0,Yes,Region2_Suburban_Cohort
REG2-00716,Female,0,Yes,Yes,72,Yes,No,Fiber optic,Yes,No,Yes,No,No,No,Two year,Yes,Electronic check,89.24,6212.63,No,Region2_Suburban_Cohort
REG2-00717,Female,0,No,No,62,Yes,Yes,DSL,Yes,No,Yes,Yes,No,No,One year,Yes,Electronic check,84.99,5277.78,Yes,Region2_Suburban_Cohort
REG2-00718,Male,0,Yes,Yes,5,Yes,No,Fiber optic,Yes,No,Yes,Yes,No,Yes,Month-to-month,Yes,Electronic check,110.61,562.12,Yes,Region2_Suburban_Cohort
REG2-00719,Female,0,No,No,11,Yes,No,DSL,Yes,Yes,Yes,Yes,No,No,Month-to-month,Yes,Credit card (automatic),84.13,940.26,Yes,Region2_Suburban_Cohort
REG2-00720,Female,0,No,No,26,Yes,No,Fiber optic,No,No,No,No,No,Yes,Month-to-month,Yes,Electronic check,86.99,2300.38,Yes,Region2_Suburban_Cohort
REG2-00721,Male,0,No,No,2,Yes,Yes,Fiber optic,Yes,No,Yes,No,No,Yes,Month-to-month,Yes,Mailed check,111.88,219.75,Yes,Region2_Suburban_Cohort
REG2-00722,Male,1,Yes,No,12,Yes,Yes,Fiber optic,No,Yes,No,No,No,Yes,One year,Yes,Electronic check,106.47,1338.16,Yes,Region2_Suburban_Cohort
REG2-00723,Female,0,No,No,8,Yes,Yes,DSL,Yes,No,No,Yes,Yes,Yes,Month-to-month,Yes,Mailed check,102.94,782.88,Yes,Region2_Suburban_Cohort
REG2-00724,Female,0,No,No,69,Yes,No,DSL,No,No,Yes,Yes,No,No,Two year,No,Mailed check,69.31,4840.26,No,Region2_Suburban_Cohort
REG2-00725,Female,0,Yes,Yes,53,Yes,No,DSL,No,No,Yes,No,No,No,One year,Yes,Mailed check,63.84,3507.39,Yes,Region2_Suburban_Cohort
REG2-00726,Male,0,Yes,No,24,Yes,No,No,No internet service,No internet service,No internet service,No internet service,No internet service,No internet service,One year,Yes,Bank transfer (automatic),34.42,858.39,Yes,Region2_Suburban_Cohort
REG2-00727,Female,0,Yes,No,20,Yes,Yes,DSL,No,No,No,No,Yes,No,Month-to-month,Yes,Credit card (automatic),78.3,1600.48,Yes,Region2_Suburban_Cohort
REG2-00728,Male,0,No,No,72,Yes,No,DSL,No,No,No,No,Yes,Yes,Two year,Yes,Electronic check,78.97,5728.38,No,Region2_Suburban_Cohort
REG2-00729,Male,0,No,No,72,Yes,Yes,No,No internet service,No internet service,No internet service,No internet service,No internet service,No internet service,Two year,No,Electronic check,44.0,3154.48,No,Region2_Suburban_Cohort
REG2-00730,Male,0,No,No,72,Yes,Yes,Fiber optic,No,No,Yes,No,No,No,Two year,No,Credit card (automatic),96.01,6877.82,No,Region2_Suburban_Cohort
REG2-00731,Female,0,Yes,No,3,Yes,No,Fiber optic,No,Yes,No,No,Yes,No,Month-to-month,Yes,Credit card (automatic),96.14,286.26,Yes,Region2_Suburban_Cohort
REG2-00732,Female,0,Yes,Yes,4,Yes,Yes,No,No internet service,No internet service,No internet service,No internet service,No internet service,No internet service,Month-to-month,Yes,Mailed check,43.75,178.5,Yes,Region2_Suburban_Cohort
REG2-00733,Female,1,No,No,31,Yes,No,Fiber optic,Yes,No,No,No,No,No,Month-to-month,No,Mailed check,82.05,2602.36,Yes,Region2_Suburban_Cohort
REG2-00734,Male,0,Yes,Yes,21,Yes,No,DSL,No,Yes,Yes,Yes,No,No,Month-to-month,No,Electronic check,77.03,1620.02,Yes,Region2_Suburban_Cohort
REG2-00735,Female,0,No,No,1,Yes,No,Fiber optic,No,No,Yes,No,Yes,No,Month-to-month,No,Mailed check,95.7,98.0,Yes,Region2_Suburban_Cohort
REG2-00736,Male,0,No,No,1,Yes,Yes,DSL,Yes,Yes,No,Yes,Yes,No,One year,Yes,Electronic check,97.17,97.45,Yes,Region2_Suburban_Cohort
REG2-00737,Female,0,Yes,No,61,Yes,Yes,DSL,Yes,Yes,Yes,No,Yes,Yes,Two year,No,Credit card (automatic),109.87,6432.21,No,Region2_Suburban_Cohort
REG2-00738,Male,0,No,No,56,Yes,Yes,Fiber optic,No,No,No,No,Yes,No,One year,No,Electronic check,102.74,5955.74,No,Region2_Suburban_Cohort
REG2-00739,Male,0,Yes,Yes,12,Yes,Yes,DSL,No,No,Yes,Yes,No,No,One year,Yes,Mailed check,85.84,1068.24,No,Region2_Suburban_Cohort
REG2-00740,Male,0,No,No,62,Yes,No,DSL,Yes,Yes,No,Yes,No,No,Month-to-month,Yes,Bank transfer (automatic),77.3,4680.67,No,Region2_Suburban_Cohort
REG2-00741,Male,0,Yes,No,25,Yes,No,Fiber optic,No,Yes,Yes,No,No,No,Month-to-month,No,Mailed check,87.92,2260.96,Yes,Region2_Suburban_Cohort
REG2-00742,Female,0,No,No,45,Yes,Yes,Fiber optic,No,No,No,No,Yes,No,Two year,Yes,Mailed check,100.36,4521.25,Yes,Region2_Suburban_Cohort
REG2-00743,Male,0,Yes,Yes,15,Yes,No,Fiber optic,No,No,No,Yes,Yes,No,One year,No,Credit card (automatic),96.76,1396.83,No,Region2_Suburban_Cohort
REG2-00744,Male,0,Yes,Yes,3,Yes,No,DSL,Yes,No,No,No,No,No,Month-to-month,Yes,Mailed check,60.77,180.45,No,Region2_Suburban_Cohort
REG2-00745,Female,1,No,No,15,Yes,Yes,DSL,No,No,Yes,No,Yes,No,Month-to-month,Yes,Credit card (automatic),86.68,1245.14,Yes,Region2_Suburban_Cohort
REG2-00746,Male,0,Yes,No,17,Yes,Yes,No,No internet service,No internet service,No internet service,No internet service,No internet service,No internet service,Month-to-month,No,Electronic check,37.49,655.59,No,Region2_Suburban_Cohort
REG2-00747,Female,0,No,No,22,Yes,Yes,Fiber optic,Yes,Yes,No,No,Yes,Yes,Two year,No,Electronic check,125.9,2685.66,No,Region2_Suburban_Cohort
REG2-00748,Female,0,Yes,Yes,3,Yes,No,Fiber optic,No,No,Yes,No,Yes,Yes,Two year,Yes,Credit card (automatic),106.41,308.52,No,Region2_Suburban_Cohort
REG2-00749,Female,1,No,No,72,Yes,No,Fiber optic,No,Yes,Yes,No,No,Yes,One year,No,Electronic check,103.41,7228.51,No,Region2_Suburban_Cohort
REG2-00750,Male,0,Yes,No,7,Yes,No,Fiber optic,No,No,Yes,No,No,Yes,Month-to-month,Yes,Bank transfer (automatic),100.54,684.51,Yes,Region2_Suburban_Cohort
REG2-00751,Female,0,No,No,6,Yes,Yes,DSL,No,No,Yes,No,Yes,No,Month-to-month,Yes,Mailed check,84.05,513.07,Yes,Region2_Suburban_Cohort
REG2-00752,Female,0,Yes,No,20,Yes,No,No,No internet service,No internet service,No internet service,No internet service,No internet service,No internet service,Month-to-month,Yes,Mailed check,33.76,684.56,Yes,Region2_Suburban_Cohort
REG2-00753,Male,0,Yes,No,21,Yes,Yes,Fiber optic,No,No,No,No,Yes,No,One year,Yes,Bank transfer (automatic),97.55,1972.62,No,Region2_Suburban_Cohort
REG2-00754,Male,0,Yes,Yes,16,Yes,No,No,No internet service,No internet service,No internet service,No internet service,No internet service,No internet service,One year,Yes,Bank transfer (automatic),28.29,462.8,Yes,Region2_Suburban_Cohort
REG2-00755,Female,0,No,No,41,Yes,No,Fiber optic,No,No,No,Yes,Yes,Yes,Two year,No,Credit card (automatic),109.61,4426.18,No,Region2_Suburban_Cohort
REG2-00756,Female,1,Yes,Yes,20,Yes,Yes,No,No internet service,No internet service,No internet service,No internet service,No internet service,No internet service,One year,No,Electronic check,40.25,801.58,No,Region2_Suburban_Cohort
REG2-00757,Female,0,No,No,26,Yes,No,Fiber optic,No,Yes,No,No,Yes,No,One year,Yes,Bank transfer (automatic),92.77,2321.54,No,Region2_Suburban_Cohort
REG2-00758,Female,0,No,No,36,Yes,No,No,No internet service,No internet service,No internet service,No internet service,No internet service,No internet service,Month-to-month,No,Mailed check,31.52,1158.39,Yes,Region2_Suburban_Cohort
REG2-00759,Female,0,Yes,Yes,1,Yes,No,Fiber optic,No,Yes,No,No,Yes,No,Month-to-month,No,Bank transfer (automatic),96.18,94.99,Yes,Region2_Suburban_Cohort
REG2-00760,Male,0,No,No,23,Yes,Yes,No,No internet service,No internet service,No internet service,No internet service,No internet service,No internet service,Two year,Yes,Electronic check,40.68,948.0,No,Region2_Suburban_Cohort
REG2-00761,Male,1,Yes,Yes,60,Yes,Yes,Fiber optic,No,Yes,No,No,No,No,One year,Yes,Mailed check,99.49,5925.96,No,Region2_Suburban_Cohort
REG2-00762,Male,0,Yes,No,1,Yes,No,Fiber optic,Yes,No,Yes,Yes,No,Yes,Month-to-month,No,Electronic check,109.75,104.8,No,Region2_Suburban_Cohort
REG2-00763,Female,0,No,No,14,No,No phone service,DSL,No,No,Yes,Yes,No,Yes,Two year,No,Electronic check,69.02,985.94,Yes,Region2_Suburban_Cohort
REG2-00764,Male,0,No,No,72,Yes,No,Fiber optic,Yes,Yes,No,No,Yes,Yes,One year,No,Bank transfer (automatic),112.07,8111.41,No,Region2_Suburban_Cohort
REG2-00765,Female,0,No,No,12,Yes,Yes,DSL,No,No,Yes,No,No,No,Month-to-month,Yes,Electronic check,71.99,858.2,Yes,Region2_Suburban_Cohort
REG2-00766,Female,0,Yes,No,17,Yes,No,No,No internet service,No internet service,No internet service,No internet service,No internet service,No internet service,Month-to-month,No,Bank transfer (automatic),29.06,479.28,Yes,Region2_Suburban_Cohort
REG2-00767,Female,0,Yes,Yes,72,Yes,Yes,DSL,Yes,No,No,No,No,No,Month-to-month,No,Mailed check,78.58,5728.11,No,Region2_Suburban_Cohort
REG2-00768,Male,0,Yes,No,6,Yes,No,DSL,No,No,No,No,No,No,Month-to-month,No,Electronic check,50.46,295.95,Yes,Region2_Suburban_Cohort
REG2-00769,Female,1,No,No,1,Yes,Yes,Fiber optic,Yes,No,No,No,No,No,Month-to-month,Yes,Mailed check,99.25,98.55,Yes,Region2_Suburban_Cohort
REG2-00770,Male,0,Yes,Yes,54,Yes,Yes,DSL,No,No,No,No,No,Yes,Two year,Yes,Credit card (automatic),77.22,3984.94,No,Region2_Suburban_Cohort
REG2-00771,Female,1,No,No,56,Yes,No,Fiber optic,Yes,No,No,Yes,Yes,Yes,Two year,Yes,Credit card (automatic),113.53,6533.63,No,Region2_Suburban_Cohort
REG2-00772,Male,0,Yes,No,17,Yes,Yes,No,No internet service,No internet service,No internet service,No internet service,No internet service,No internet service,One year,Yes,Mailed check,39.98,651.8,No,Region2_Suburban_Cohort
REG2-00773,Male,0,Yes,Yes,20,Yes,No,Fiber optic,No,No,No,No,Yes,Yes,One year,Yes,Electronic check,97.65,2029.33,No,Region2_Suburban_Cohort
REG2-00774,Female,0,Yes,Yes,50,Yes,No,DSL,No,No,Yes,Yes,No,Yes,Two year,No,Electronic check,82.33,4267.81,No,Region2_Suburban_Cohort
REG2-00775,Male,0,Yes,Yes,37,Yes,Yes,Fiber optic,Yes,No,Yes,No,Yes,No,Two year,Yes,Credit card (automatic),114.62,4440.73,No,Region2_Suburban_Cohort
REG2-00776,Male,0,Yes,Yes,8,Yes,Yes,Fiber optic,No,No,No,No,Yes,Yes,Month-to-month,Yes,Bank transfer (automatic),111.67,929.85,Yes,Region2_Suburban_Cohort
REG2-00777,Female,0,No,No,1,Yes,No,Fiber optic,Yes,No,No,Yes,No,Yes,Month-to-month,Yes,Electronic check,97.7,102.31,Yes,Region2_Suburban_Cohort
REG2-00778,Female,0,No,No,18,Yes,Yes,Fiber optic,No,No,No,No,Yes,No,Month-to-month,Yes,Mailed check,98.6,1843.53,Yes,Region2_Suburban_Cohort
REG2-00779,Female,0,Yes,No,54,Yes,No,Fiber optic,Yes,No,Yes,No,No,Yes,Month-to-month,Yes,Credit card (automatic),104.17,5407.21,Yes,Region2_Suburban_Cohort
REG2-00780,Female,0,Yes,Yes,63,No,No phone service,Fiber optic,Yes,No,No,No,No,No,Two year,Yes,Mailed check,72.79,4557.19,No,Region2_Suburban_Cohort
REG2-00781,Female,0,Yes,Yes,72,Yes,No,DSL,Yes,No,No,No,No,Yes,One year,No,Bank transfer (automatic),74.28,5121.48,No,Region2_Suburban_Cohort
REG2-00782,Male,0,No,No,59,Yes,No,Fiber optic,Yes,Yes,Yes,Yes,Yes,Yes,One year,No,Electronic check,129.68,7685.78,Yes,Region2_Suburban_Cohort
REG2-00783,Male,0,Yes,Yes,24,Yes,No,No,No internet service,No internet service,No internet service,No internet service,No internet service,No internet service,Month-to-month,Yes,Bank transfer (automatic),32.61,784.97,Yes,Region2_Suburban_Cohort
REG2-00784,Male,0,No,No,16,Yes,Yes,Fiber optic,No,No,No,No,No,No,One year,No,Mailed check,88.15,1469.94,Yes,Region2_Suburban_Cohort
REG2-00785,Female,0,Yes,Yes,41,Yes,No,Fiber optic,No,Yes,No,No,Yes,No,Month-to-month,Yes,Mailed check,94.43,4053.48,Yes,Region2_Suburban_Cohort
REG2-00786,Female,1,Yes,No,37,Yes,No,DSL,No,No,No,Yes,No,Yes,Two year,No,Bank transfer (automatic),76.27,2754.16,Yes,Region2_Suburban_Cohort
REG2-00787,Male,0,No,No,21,No,No phone service,DSL,Yes,No,No,Yes,Yes,Yes,Two year,No,Mailed check,87.29,1848.18,No,Region2_Suburban_Cohort
REG2-00788,Male,0,Yes,Yes,2,Yes,Yes,DSL,No,Yes,No,Yes,Yes,Yes,Month-to-month,Yes,Mailed check,103.55,206.36,Yes,Region2_Suburban_Cohort
REG2-00789,Female,0,No,No,72,Yes,No,DSL,No,Yes,No,No,No,Yes,One year,Yes,Electronic check,76.23,5514.21,Yes,Region2_Suburban_Cohort
REG2-00790,Male,0,No,No,17,No,No phone service,Fiber optic,No,Yes,Yes,Yes,Yes,No,Month-to-month,Yes,Credit card (automatic),98.87,1686.12,Yes,Region2_Suburban_Cohort
REG2-00791,Female,0,Yes,Yes,12,Yes,No,DSL,No,Yes,No,No,Yes,Yes,One year,Yes,Credit card (automatic),90.21,1127.35,Yes,Region2_Suburban_Cohort
REG2-00792,Male,0,Yes,No,27,Yes,Yes,DSL,No,Yes,No,Yes,Yes,Yes,Month-to-month,Yes,Mailed check,104.59,2935.79,Yes,Region2_Suburban_Cohort
REG2-00793,Female,1,No,No,31,Yes,Yes,Fiber optic,Yes,Yes,Yes,Yes,No,Yes,One year,Yes,Electronic check,130.91,3905.11,No,Region2_Suburban_Cohort
REG2-00794,Male,0,No,No,6,Yes,No,DSL,No,Yes,No,No,Yes,No,Month-to-month,Yes,Electronic check,75.67,446.99,Yes,Region2_Suburban_Cohort
REG2-00795,Female,0,Yes,Yes,50,Yes,Yes,DSL,Yes,No,No,No,No,No,Month-to-month,Yes,Credit card (automatic),70.34,3605.9,No,Region2_Suburban_Cohort
REG2-00796,Female,0,No,No,9,Yes,Yes,Fiber optic,No,No,No,Yes,No,Yes,Month-to-month,Yes,Credit card (automatic),101.77,932.78,Yes,Region2_Suburban_Cohort
REG2-00797,Female,0,Yes,Yes,5,No,No phone service,No,No internet service,No internet service,No internet service,No internet service,No internet service,No internet service,Month-to-month,Yes,Electronic check,18.93,95.89,Yes,Region2_Suburban_Cohort
REG2-00798,Female,0,Yes,No,14,Yes,Yes,No,No internet service,No internet service,No internet service,No internet service,No internet service,No internet service,One year,Yes,Bank transfer (automatic),46.18,678.45,No,Region2_Suburban_Cohort
REG2-00799,Female,0,Yes,Yes,36,Yes,Yes,DSL,Yes,No,No,Yes,No,Yes,Month-to-month,No,Bank transfer (automatic),94.52,3347.23,Yes,Region2_Suburban_Cohort
REG2-00800,Female,0,Yes,Yes,72,Yes,Yes,Fiber optic,Yes,No,No,Yes,Yes,Yes,Two year,Yes,Electronic check,128.18,9243.03,Yes,Region2_Suburban_Cohort
REG2-00801,Male,1,Yes,Yes,46,Yes,No,No,No internet service,No internet service,No internet service,No internet service,No internet service,No internet service,One year,No,Mailed check,22.19,1069.65,No,Region2_Suburban_Cohort
REG2-00802,Female,0,No,No,72,Yes,Yes,Fiber optic,No,Yes,Yes,No,Yes,Yes,Two year,No,Bank transfer (automatic),129.08,9475.5,No,Region2_Suburban_Cohort
REG2-00803,Female,0,Yes,Yes,4,Yes,No,Fiber optic,No,No,No,Yes,No,No,Month-to-month,Yes,Electronic check,84.22,341.89,Yes,Region2_Suburban_Cohort
REG2-00804,Male,1,Yes,Yes,2,Yes,Yes,Fiber optic,Yes,No,Yes,No,No,No,Month-to-month,Yes,Electronic check,104.64,202.05,Yes,Region2_Suburban_Cohort
REG2-00805,Female,0,Yes,Yes,22,Yes,Yes,DSL,Yes,No,Yes,No,No,Yes,One year,Yes,Electronic check,95.1,2039.2,No,Region2_Suburban_Cohort
REG2-00806,Female,0,No,No,9,Yes,Yes,No,No internet service,No internet service,No internet service,No internet service,No internet service,No internet service,Month-to-month,No,Credit card (automatic),38.8,344.92,Yes,Region2_Suburban_Cohort
REG2-00807,Female,0,No,No,49,Yes,Yes,DSL,Yes,No,No,No,Yes,No,One year,Yes,Bank transfer (automatic),85.11,4155.73,No,Region2_Suburban_Cohort
REG2-00808,Male,1,Yes,No,31,Yes,Yes,No,No internet service,No internet service,No internet service,No internet service,No internet service,No internet service,One year,Yes,Mailed check,39.72,1230.98,No,Region2_Suburban_Cohort
REG2-00809,Male,0,Yes,Yes,72,Yes,No,Fiber optic,Yes,No,No,No,Yes,No,One year,No,Bank transfer (automatic),96.36,7216.92,No,Region2_Suburban_Cohort
REG2-00810,Female,0,Yes,Yes,8,Yes,No,Fiber optic,Yes,No,No,Yes,Yes,Yes,Month-to-month,No,Credit card (automatic),114.41,879.33,Yes,Region2_Suburban_Cohort
REG2-00811,Female,1,Yes,No,18,Yes,Yes,DSL,No,No,No,Yes,No,No,Two year,No,Electronic check,77.07,1352.35,No,Region2_Suburban_Cohort
REG2-00812,Male,0,Yes,No,19,Yes,Yes,No,No internet service,No internet service,No internet service,No internet service,No internet service,No internet service,Month-to-month,Yes,Electronic check,43.55,797.96,No,Region2_Suburban_Cohort
REG2-00813,Female,1,Yes,No,7,Yes,Yes,DSL,No,No,Yes,No,No,No,One year,Yes,Electronic check,79.39,568.81,No,Region2_Suburban_Cohort
REG2-00814,Female,1,Yes,No,24,No,No phone service,Fiber optic,No,Yes,No,Yes,No,Yes,Two year,No,Credit card (automatic),93.27,2343.82,No,Region2_Suburban_Cohort
REG2-00815,Female,0,Yes,No,16,Yes,No,Fiber optic,Yes,No,Yes,No,No,No,Month-to-month,Yes,Mailed check,90.43,1503.88,Yes,Region2_Suburban_Cohort
REG2-00816,Female,0,Yes,No,16,Yes,No,Fiber optic,Yes,Yes,No,No,No,No,Month-to-month,Yes,Credit card (automatic),91.23,1492.27,Yes,Region2_Suburban_Cohort
REG2-00817,Male,0,No,No,12,No,No phone service,Fiber optic,No,No,Yes,No,No,Yes,One year,Yes,Electronic check,78.32,894.87,No,Region2_Suburban_Cohort
REG2-00818,Male,0,No,No,1,Yes,Yes,Fiber optic,Yes,No,No,No,No,No,Month-to-month,No,Mailed check,94.06,92.62,Yes,Region2_Suburban_Cohort
REG2-00819,Male,0,No,No,20,Yes,Yes,No,No internet service,No internet service,No internet service,No internet service,No internet service,No internet service,Month-to-month,No,Electronic check,43.52,902.05,Yes,Region2_Suburban_Cohort
REG2-00820,Female,0,Yes,No,11,Yes,No,DSL,No,No,Yes,No,No,No,Month-to-month,Yes,Mailed check,62.25,695.23,No,Region2_Suburban_Cohort
REG2-00821,Male,1,Yes,No,1,Yes,Yes,DSL,Yes,No,Yes,Yes,No,Yes,Month-to-month,No,Electronic check,102.36,99.39,Yes,Region2_Suburban_Cohort
REG2-00822,Male,0,Yes,Yes,10,Yes,No,Fiber optic,No,No,No,Yes,No,No,Month-to-month,Yes,Mailed check,82.23,819.54,Yes,Region2_Suburban_Cohort
REG2-00823,Male,0,No,No,9,Yes,Yes,Fiber optic,Yes,No,No,Yes,No,No,Month-to-month,Yes,Credit card (automatic),106.94,922.8,Yes,Region2_Suburban_Cohort
REG2-00824,Female,0,Yes,No,13,Yes,No,DSL,Yes,No,Yes,Yes,No,No,One year,No,Credit card (automatic),79.66,1037.73,No,Region2_Suburban_Cohort
REG2-00825,Female,1,No,No,3,Yes,No,No,No internet service,No internet service,No internet service,No internet service,No internet service,No internet service,One year,No,Electronic check,29.59,92.33,Yes,Region2_Suburban_Cohort
REG2-00826,Male,0,No,No,19,Yes,No,DSL,No,Yes,No,No,No,No,One year,Yes,Bank transfer (automatic),69.03,1251.07,No,Region2_Suburban_Cohort
REG2-00827,Male,1,Yes,Yes,33,Yes,No,No,No internet service,No internet service,No internet service,No internet service,No internet service,No internet service,Month-to-month,Yes,Credit card (automatic),26.69,890.8,Yes,Region2_Suburban_Cohort
REG2-00828,Female,0,No,No,27,Yes,Yes,DSL,Yes,Yes,No,No,Yes,No,Month-to-month,Yes,Electronic check,93.27,2451.08,Yes,Region2_Suburban_Cohort
REG2-00829,Male,0,Yes,Yes,45,Yes,No,Fiber optic,Yes,Yes,No,Yes,No,No,One year,Yes,Bank transfer (automatic),96.26,4544.12,No,Region2_Suburban_Cohort
REG2-00830,Male,0,Yes,No,16,Yes,Yes,Fiber optic,No,Yes,Yes,No,No,Yes,Two year,No,Bank transfer (automatic),113.04,1729.98,No,Region2_Suburban_Cohort
REG2-00831,Male,0,Yes,Yes,20,Yes,No,DSL,No,No,No,No,No,No,One year,Yes,Electronic check,58.09,1175.43,Yes,Region2_Suburban_Cohort
REG2-00832,Male,0,Yes,No,46,Yes,No,Fiber optic,Yes,Yes,No,No,Yes,No,Two year,No,Electronic check,100.45,4508.13,No,Region2_Suburban_Cohort
REG2-00833,Male,0,No,No,15,Yes,Yes,Fiber optic,No,Yes,Yes,No,No,Yes,Month-to-month,Yes,Electronic check,115.04,1791.6,Yes,Region2_Suburban_Cohort
REG2-00834,Male,0,Yes,Yes,33,Yes,Yes,Fiber optic,Yes,No,No,No,Yes,No,One year,Yes,Bank transfer (automatic),108.15,3434.02,Yes,Region2_Suburban_Cohort
REG2-00835,Male,0,Yes,No,15,No,No phone service,Fiber optic,Yes,Yes,No,Yes,No,Yes,One year,Yes,Electronic check,102.69,1529.45,No,Region2_Suburban_Cohort
REG2-00836,Female,0,No,No,15,Yes,No,No,No internet service,No internet service,No internet service,No internet service,No internet service,No internet service,Two year,Yes,Electronic check,28.31,411.29,No,Region2_Suburban_Cohort
REG2-00837,Male,1,No,No,39,Yes,No,Fiber optic,No,Yes,No,Yes,No,No,Two year,Yes,Bank transfer (automatic),92.37,3710.3,No,Region2_Suburban_Cohort
REG2-00838,Female,0,Yes,No,5,Yes,No,Fiber optic,No,No,Yes,Yes,No,Yes,Month-to-month,Yes,Mailed check,101.81,501.49,Yes,Region2_Suburban_Cohort
REG2-00839,Female,0,No,No,11,Yes,Yes,DSL,No,No,No,No,No,No,Month-to-month,Yes,Electronic check,66.99,713.8,Yes,Region2_Suburban_Cohort
REG2-00840,Male,0,No,No,7,Yes,Yes,DSL,No,Yes,No,Yes,No,Yes,One year,No,Mailed check,92.28,660.55,No,Region2_Suburban_Cohort
REG2-00841,Female,0,Yes,Yes,12,Yes,Yes,DSL,Yes,No,Yes,No,No,No,One year,Yes,Credit card (automatic),79.68,986.49,No,Region2_Suburban_Cohort
REG2-00842,Male,1,Yes,Yes,7,Yes,No,No,No internet service,No internet service,No internet service,No internet service,No internet service,No internet service,Month-to-month,Yes,Electronic check,30.84,215.07,Yes,Region2_Suburban_Cohort
REG2-00843,Female,1,Yes,No,24,Yes,No,DSL,Yes,No,No,Yes,No,No,One year,Yes,Electronic check,76.93,1823.95,Yes,Region2_Suburban_Cohort
REG2-00844,Male,0,No,No,44,Yes,No,DSL,No,No,Yes,No,No,No,Two year,Yes,Electronic check,62.15,2770.74,No,Region2_Suburban_Cohort
REG2-00845,Male,0,No,No,43,Yes,No,Fiber optic,No,No,No,No,No,No,Two year,No,Electronic check,74.89,3269.02,Yes,Region2_Suburban_Cohort
REG2-00846,Male,0,No,No,12,Yes,No,Fiber optic,No,No,Yes,Yes,No,No,One year,Yes,Bank transfer (automatic),92.51,1127.96,No,Region2_Suburban_Cohort
REG2-00847,Female,0,Yes,Yes,72,Yes,No,DSL,Yes,No,Yes,No,No,No,Two year,Yes,Credit card (automatic),73.63,5182.48,No,Region2_Suburban_Cohort
REG2-00848,Male,1,Yes,Yes,25,No,No phone service,DSL,No,No,No,No,No,No,One year,Yes,Bank transfer (automatic),47.76,1246.69,No,Region2_Suburban_Cohort
REG2-00849,Female,0,Yes,No,14,Yes,No,No,No internet service,No internet service,No internet service,No internet service,No internet service,No internet service,Month-to-month,Yes,Mailed check,31.33,426.05,No,Region2_Suburban_Cohort
REG2-00850,Male,0,Yes,Yes,50,Yes,No,DSL,No,No,Yes,No,No,No,Two year,Yes,Mailed check,62.56,3088.64,No,Region2_Suburban_Cohort
REG2-00851,Female,0,No,No,36,Yes,Yes,DSL,No,No,No,No,No,Yes,One year,Yes,Electronic check,80.7,2842.36,No,Region2_Suburban_Cohort
REG2-00852,Male,0,No,No,38,Yes,No,Fiber optic,Yes,Yes,Yes,Yes,No,No,Two year,Yes,Electronic check,107.98,4280.14,No,Region2_Suburban_Cohort
REG2-00853,Female,1,Yes,No,6,No,No phone service,Fiber optic,No,No,No,No,No,Yes,Two year,No,Credit card (automatic),76.85,476.24,No,Region2_Suburban_Cohort
REG2-00854,Male,0,Yes,No,17,Yes,Yes,Fiber optic,Yes,Yes,No,No,Yes,No,Month-to-month,Yes,Mailed check,117.28,2055.82,Yes,Region2_Suburban_Cohort
REG2-00855,Male,0,Yes,Yes,55,Yes,Yes,Fiber optic,No,No,Yes,Yes,Yes,Yes,Two year,No,Electronic check,128.07,6694.98,Yes,Region2_Suburban_Cohort
REG2-00856,Male,0,Yes,Yes,19,Yes,No,Fiber optic,No,Yes,No,Yes,Yes,No,Month-to-month,Yes,Electronic check,101.25,1959.51,Yes,Region2_Suburban_Cohort
REG2-00857,Male,0,Yes,No,32,Yes,No,Fiber optic,No,No,No,No,Yes,No,One year,No,Mailed check,84.34,2626.08,Yes,Region2_Suburban_Cohort
REG2-00858,Female,0,Yes,No,24,Yes,No,DSL,Yes,Yes,No,No,Yes,Yes,Month-to-month,Yes,Credit card (automatic),91.02,2286.66,Yes,Region2_Suburban_Cohort
REG2-00859,Male,0,Yes,No,51,Yes,Yes,DSL,No,No,No,No,Yes,No,Month-to-month,Yes,Mailed check,76.65,3921.17,No,Region2_Suburban_Cohort
REG2-00860,Female,0,Yes,No,9,Yes,No,DSL,No,No,No,No,Yes,No,One year,Yes,Credit card (automatic),67.08,607.63,Yes,Region2_Suburban_Cohort
REG2-00861,Male,0,Yes,Yes,23,Yes,No,DSL,Yes,No,Yes,Yes,No,No,Two year,Yes,Bank transfer (automatic),81.56,1848.96,No,Region2_Suburban_Cohort
REG2-00862,Female,0,Yes,No,3,Yes,Yes,Fiber optic,Yes,Yes,No,No,Yes,Yes,Month-to-month,Yes,Electronic check,126.71,381.53,No,Region2_Suburban_Cohort
REG2-00863,Male,0,No,No,32,Yes,No,No,No internet service,No internet service,No internet service,No internet service,No internet service,No internet service,Month-to-month,Yes,Credit card (automatic),30.74,1008.25,No,Region2_Suburban_Cohort
REG2-00864,Male,0,Yes,Yes,36,Yes,Yes,Fiber optic,No,No,Yes,No,No,Yes,One year,Yes,Electronic check,108.5,3930.19,Yes,Region2_Suburban_Cohort
REG2-00865,Female,0,No,No,1,Yes,Yes,No,No internet service,No internet service,No internet service,No internet service,No internet service,No internet service,One year,Yes,Electronic check,38.96,39.51,No,Region2_Suburban_Cohort
REG2-00866,Male,0,Yes,Yes,31,No,No phone service,Fiber optic,Yes,No,No,Yes,No,Yes,Month-to-month,Yes,Credit card (automatic),91.92,2841.67,Yes,Region2_Suburban_Cohort
REG2-00867,Male,0,Yes,No,14,Yes,No,DSL,No,Yes,No,No,No,No,Month-to-month,Yes,Electronic check,60.09,859.46,Yes,Region2_Suburban_Cohort
REG2-00868,Female,0,Yes,Yes,3,Yes,Yes,Fiber optic,No,No,Yes,No,No,No,Month-to-month,No,Mailed check,94.16,293.77,No,Region2_Suburban_Cohort
REG2-00869,Female,0,Yes,No,15,Yes,Yes,Fiber optic,No,No,No,No,No,No,Two year,Yes,Credit card (automatic),87.66,1255.87,No,Region2_Suburban_Cohort
REG2-00870,Male,0,No,No,6,Yes,Yes,Fiber optic,No,Yes,Yes,No,Yes,No,Month-to-month,No,Bank transfer (automatic),115.2,664.06,Yes,Region2_Suburban_Cohort
REG2-00871,Male,0,Yes,Yes,15,Yes,Yes,DSL,No,No,Yes,Yes,Yes,Yes,One year,Yes,Electronic check,104.94,1603.32,Yes,Region2_Suburban_Cohort
REG2-00872,Female,0,No,No,13,Yes,Yes,Fiber optic,No,Yes,Yes,Yes,No,No,One year,Yes,Bank transfer (automatic),112.36,1442.82,Yes,Region2_Suburban_Cohort
REG2-00873,Male,0,No,No,37,No,No phone service,DSL,Yes,No,No,Yes,No,No,One year,Yes,Credit card (automatic),61.66,2231.6,No,Region2_Suburban_Cohort
REG2-00874,Male,0,No,No,41,Yes,Yes,Fiber optic,No,No,Yes,No,Yes,No,Two year,Yes,Mailed check,108.07,4288.46,No,Region2_Suburban_Cohort
REG2-00875,Male,0,No,No,26,No,No phone service,Fiber optic,No,Yes,Yes,No,Yes,Yes,One year,Yes,Bank transfer (automatic),105.39,2760.04,Yes,Region2_Suburban_Cohort
REG2-00876,Female,0,No,No,1,Yes,Yes,No,No internet service,No internet service,No internet service,No internet service,No internet service,No internet service,Month-to-month,No,Credit card (automatic),40.12,39.51,Yes,Region2_Suburban_Cohort
REG2-00877,Female,1,Yes,No,72,Yes,Yes,No,No internet service,No internet service,No internet service,No internet service,No internet service,No internet service,One year,No,Credit card (automatic),38.97,2808.07,Yes,Region2_Suburban_Cohort
REG2-00878,Male,0,No,No,32,Yes,Yes,DSL,No,Yes,Yes,Yes,Yes,No,One year,No,Mailed check,103.97,3479.61,Yes,Region2_Suburban_Cohort
REG2-00879,Male,0,Yes,Yes,1,Yes,Yes,Fiber optic,Yes,No,Yes,No,No,Yes,Month-to-month,No,Electronic check,116.06,119.06,Yes,Region2_Suburban_Cohort
REG2-00880,Male,0,Yes,Yes,47,Yes,No,Fiber optic,No,No,Yes,No,Yes,Yes,One year,No,Bank transfer (automatic),107.19,5187.03,Yes,Region2_Suburban_Cohort
REG2-00881,Female,0,Yes,No,6,Yes,No,No,No internet service,No internet service,No internet service,No internet service,No internet service,No internet service,Month-to-month,Yes,Electronic check,35.26,203.61,Yes,Region2_Suburban_Cohort
REG2-00882,Male,0,No,No,24,No,No phone service,Fiber optic,No,Yes,No,No,No,No,Month-to-month,No,Bank transfer (automatic),71.85,1694.22,Yes,Region2_Suburban_Cohort
REG2-00883,Male,0,No,No,17,Yes,Yes,DSL,No,No,Yes,No,No,No,Month-to-month,Yes,Mailed check,75.86,1238.84,Yes,Region2_Suburban_Cohort
REG2-00884,Female,1,Yes,Yes,15,Yes,No,Fiber optic,No,No,No,No,No,Yes,One year,No,Bank transfer (automatic),87.28,1370.54,Yes,Region2_Suburban_Cohort
REG2-00885,Male,0,No,No,61,Yes,No,No,No internet service,No internet service,No internet service,No internet service,No internet service,No internet service,Month-to-month,Yes,Mailed check,29.92,1858.37,No,Region2_Suburban_Cohort
REG2-00886,Female,1,Yes,Yes,16,Yes,No,Fiber optic,No,Yes,No,Yes,Yes,Yes,Month-to-month,Yes,Credit card (automatic),112.34,1711.03,Yes,Region2_Suburban_Cohort
REG2-00887,Male,0,Yes,No,2,Yes,Yes,Fiber optic,Yes,No,No,No,No,Yes,Month-to-month,Yes,Electronic check,106.33,212.14,Yes,Region2_Suburban_Cohort
REG2-00888,Male,0,Yes,No,72,Yes,No,DSL,No,No,No,No,Yes,No,Two year,Yes,Electronic check,69.41,4879.34,No,Region2_Suburban_Cohort
REG2-00889,Male,0,Yes,Yes,70,Yes,Yes,No,No internet service,No internet service,No internet service,No internet service,No internet service,No internet service,Two year,No,Credit card (automatic),43.47,3055.06,No,Region2_Suburban_Cohort
REG2-00890,Female,0,Yes,Yes,32,Yes,Yes,No,No internet service,No internet service,No internet service,No internet service,No internet service,No internet service,Month-to-month,Yes,Mailed check,44.13,1366.78,No,Region2_Suburban_Cohort
REG2-00891,Female,0,Yes,Yes,17,No,No phone service,DSL,No,No,No,No,No,Yes,Two year,No,Mailed check,55.48,901.36,No,Region2_Suburban_Cohort
REG2-00892,Female,0,No,No,2,Yes,Yes,DSL,Yes,No,No,No,Yes,No,Month-to-month,Yes,Credit card (automatic),89.31,175.46,Yes,Region2_Suburban_Cohort
REG2-00893,Male,0,Yes,No,43,Yes,Yes,DSL,Yes,Yes,No,No,Yes,No,Two year,No,Bank transfer (automatic),92.26,3886.05,No,Region2_Suburban_Cohort
REG2-00894,Female,1,Yes,No,2,Yes,No,DSL,Yes,Yes,No,No,Yes,Yes,Month-to-month,No,Bank transfer (automatic),94.51,193.12,Yes,Region2_Suburban_Cohort
REG2-00895,Male,1,No,No,1,Yes,No,No,No internet service,No internet service,No internet service,No internet service,No internet service,No internet service,Month-to-month,Yes,Electronic check,27.45,27.38,Yes,Region2_Suburban_Cohort
REG2-00896,Male,0,No,No,21,Yes,No,DSL,Yes,Yes,No,No,No,No,Two year,No,Bank transfer (automatic),75.43,1550.98,No,Region2_Suburban_Cohort
REG2-00897,Female,0,Yes,No,4,Yes,Yes,DSL,No,Yes,No,No,Yes,No,Month-to-month,Yes,Mailed check,87.4,352.06,Yes,Region2_Suburban_Cohort
REG2-00898,Male,0,Yes,Yes,1,Yes,Yes,DSL,No,Yes,Yes,No,No,No,Month-to-month,Yes,Mailed check,85.37,81.71,Yes,Region2_Suburban_Cohort
REG2-00899,Male,0,No,No,15,Yes,Yes,DSL,Yes,No,Yes,No,Yes,No,One year,Yes,Credit card (automatic),96.0,1463.38,No,Region2_Suburban_Cohort
REG2-00900,Male,0,No,No,4,Yes,Yes,No,No internet service,No internet service,No internet service,No internet service,No internet service,No internet service,One year,No,Mailed check,43.33,167.21,No,Region2_Suburban_Cohort
REG2-00901,Male,0,Yes,No,4,Yes,No,Fiber optic,Yes,Yes,Yes,Yes,Yes,No,Month-to-month,Yes,Credit card (automatic),116.39,455.3,Yes,Region2_Suburban_Cohort
REG2-00902,Male,0,Yes,No,2,No,No phone service,Fiber optic,No,No,No,Yes,No,Yes,Month-to-month,Yes,Credit card (automatic),84.84,165.98,Yes,Region2_Suburban_Cohort
REG2-00903,Female,0,No,No,6,Yes,No,Fiber optic,No,No,No,Yes,Yes,Yes,Month-to-month,Yes,Bank transfer (automatic),104.3,623.66,Yes,Region2_Suburban_Cohort
REG2-00904,Male,1,Yes,No,35,Yes,No,Fiber optic,No,No,No,Yes,No,No,Month-to-month,Yes,Bank transfer (automatic),81.83,2993.84,Yes,Region2_Suburban_Cohort
REG2-00905,Female,0,No,No,46,Yes,No,DSL,Yes,Yes,No,No,Yes,Yes,Month-to-month,No,Mailed check,95.06,4296.09,No,Region2_Suburban_Cohort
REG2-00906,Female,1,Yes,Yes,16,Yes,Yes,No,No internet service,No internet service,No internet service,No internet service,No internet service,No internet service,Month-to-month,Yes,Electronic check,39.65,620.53,Yes,Region2_Suburban_Cohort
REG2-00907,Male,0,No,No,19,Yes,Yes,DSL,No,Yes,Yes,No,No,No,Month-to-month,Yes,Electronic check,79.75,1465.07,Yes,Region2_Suburban_Cohort
REG2-00908,Male,0,Yes,No,1,Yes,No,No,No internet service,No internet service,No internet service,No internet service,No internet service,No internet service,Month-to-month,Yes,Electronic check,26.94,26.65,Yes,Region2_Suburban_Cohort
REG2-00909,Male,0,Yes,Yes,2,Yes,Yes,Fiber optic,No,No,No,No,Yes,Yes,Month-to-month,Yes,Credit card (automatic),112.54,217.92,Yes,Region2_Suburban_Cohort
REG2-00910,Female,0,No,No,8,Yes,No,No,No internet service,No internet service,No internet service,No internet service,No internet service,No internet service,Month-to-month,No,Electronic check,29.16,224.83,No,Region2_Suburban_Cohort
REG2-00911,Male,0,Yes,Yes,21,No,No phone service,DSL,Yes,No,No,Yes,Yes,Yes,Two year,Yes,Bank transfer (automatic),81.73,1777.66,Yes,Region2_Suburban_Cohort
REG2-00912,Female,0,No,No,37,No,No phone service,Fiber optic,No,No,No,Yes,Yes,Yes,One year,No,Bank transfer (automatic),96.8,3421.37,Yes,Region2_Suburban_Cohort
REG2-00913,Male,0,Yes,Yes,26,No,No phone service,DSL,No,No,No,No,No,No,Month-to-month,Yes,Bank transfer (automatic),46.73,1240.59,No,Region2_Suburban_Cohort
REG2-00914,Female,0,Yes,Yes,13,Yes,Yes,No,No internet service,No internet service,No internet service,No internet service,No internet service,No internet service,Two year,Yes,Bank transfer (automatic),41.63,525.09,No,Region2_Suburban_Cohort
REG2-00915,Male,0,Yes,Yes,3,Yes,Yes,Fiber optic,No,Yes,No,No,No,Yes,One year,No,Electronic check,103.35,294.91,Yes,Region2_Suburban_Cohort
REG2-00916,Male,0,No,No,42,Yes,No,DSL,Yes,Yes,Yes,No,No,No,Two year,No,Credit card (automatic),78.46,3392.58,No,Region2_Suburban_Cohort
REG2-00917,Female,0,Yes,Yes,12,Yes,No,No,No internet service,No internet service,No internet service,No internet service,No internet service,No internet service,Month-to-month,No,Credit card (automatic),27.88,341.33,No,Region2_Suburban_Cohort
REG2-00918,Female,0,Yes,No,37,Yes,Yes,Fiber optic,No,No,No,No,No,Yes,Two year,Yes,Bank transfer (automatic),99.51,3620.86,No,Region2_Suburban_Cohort
REG2-00919,Male,0,Yes,No,20,No,No phone service,DSL,No,No,No,Yes,Yes,Yes,Month-to-month,Yes,Credit card (automatic),75.95,1455.1,Yes,Region2_Suburban_Cohort
REG2-00920,Female,0,No,No,37,Yes,No,DSL,No,No,Yes,No,Yes,No,Month-to-month,No,Electronic check,75.41,2751.29,Yes,Region2_Suburban_Cohort
REG2-00921,Male,1,No,No,66,Yes,Yes,Fiber optic,Yes,Yes,No,No,Yes,No,Two year,Yes,Electronic check,110.55,7063.79,No,Region2_Suburban_Cohort
REG2-00922,Female,0,Yes,No,71,Yes,No,DSL,No,No,No,No,No,No,Two year,Yes,Mailed check,55.04,4076.86,No,Region2_Suburban_Cohort
REG2-00923,Female,0,Yes,No,21,Yes,Yes,Fiber optic,No,No,No,No,Yes,No,Month-to-month,Yes,Credit card (automatic),98.19,2068.1,Yes,Region2_Suburban_Cohort
REG2-00924,Male,0,No,No,20,Yes,Yes,DSL,No,Yes,Yes,No,No,Yes,One year,Yes,Electronic check,92.64,1938.74,Yes,Region2_Suburban_Cohort
REG2-00925,Male,0,Yes,Yes,8,Yes,No,Fiber optic,Yes,No,Yes,No,No,No,Month-to-month,Yes,Mailed check,91.01,717.25,Yes,Region2_Suburban_Cohort
REG2-00926,Male,0,No,No,72,Yes,Yes,Fiber optic,Yes,Yes,No,No,Yes,Yes,Two year,No,Electronic check,126.07,9128.29,No,Region2_Suburban_Cohort
REG2-00927,Female,0,No,No,17,Yes,No,DSL,No,No,No,Yes,Yes,Yes,Month-to-month,Yes,Credit card (automatic),86.67,1427.73,Yes,Region2_Suburban_Cohort
REG2-00928,Female,0,No,No,3,Yes,No,Fiber optic,Yes,No,No,Yes,No,No,Month-to-month,No,Bank transfer (automatic),88.38,273.32,Yes,Region2_Suburban_Cohort
REG2-00929,Male,0,Yes,No,15,Yes,Yes,Fiber optic,No,No,No,No,Yes,Yes,One year,Yes,Mailed check,111.21,1591.6,Yes,Region2_Suburban_Cohort
REG2-00930,Male,0,No,No,3,No,No phone service,DSL,No,No,Yes,No,Yes,No,One year,Yes,Credit card (automatic),60.21,184.16,No,Region2_Suburban_Cohort
REG2-00931,Female,0,No,No,19,Yes,No,No,No internet service,No internet service,No internet service,No internet service,No internet service,No internet service,Month-to-month,Yes,Electronic check,29.34,551.42,Yes,Region2_Suburban_Cohort
REG2-00932,Female,0,No,No,23,Yes,No,No,No internet service,No internet service,No internet service,No internet service,No internet service,No internet service,Month-to-month,Yes,Mailed check,29.73,689.15,Yes,Region2_Suburban_Cohort
REG2-00933,Female,1,Yes,No,11,Yes,Yes,DSL,No,No,No,No,Yes,No,Month-to-month,Yes,Electronic check,83.01,921.53,Yes,Region2_Suburban_Cohort
REG2-00934,Male,0,Yes,No,2,Yes,No,No,No internet service,No internet service,No internet service,No internet service,No internet service,No internet service,Month-to-month,No,Electronic check,29.13,59.49,Yes,Region2_Suburban_Cohort
REG2-00935,Male,0,Yes,No,72,Yes,No,No,No internet service,No internet service,No internet service,No internet service,No internet service,No internet service,Two year,No,Electronic check,33.77,2359.53,No,Region2_Suburban_Cohort
REG2-00936,Male,0,Yes,No,41,Yes,No,Fiber optic,Yes,No,No,No,No,No,Month-to-month,Yes,Electronic check,85.62,3521.44,No,Region2_Suburban_Cohort
REG2-00937,Female,0,No,No,51,Yes,No,Fiber optic,Yes,No,Yes,Yes,Yes,No,Two year,Yes,Credit card (automatic),110.47,5592.8,No,Region2_Suburban_Cohort
REG2-00938,Male,1,Yes,No,12,Yes,No,Fiber optic,No,Yes,Yes,No,No,No,Month-to-month,Yes,Mailed check,90.82,1066.1,Yes,Region2_Suburban_Cohort
REG2-00939,Female,0,Yes,No,40,Yes,No,DSL,No,No,No,No,No,Yes,One year,Yes,Electronic check,64.08,2562.1,No,Region2_Suburban_Cohort
REG2-00940,Male,1,Yes,Yes,18,Yes,No,No,No internet service,No internet service,No internet service,No internet service,No internet service,No internet service,Two year,No,Bank transfer (automatic),28.31,532.61,No,Region2_Suburban_Cohort
REG2-00941,Female,1,No,No,6,Yes,Yes,DSL,No,No,Yes,No,No,No,Month-to-month,Yes,Bank transfer (automatic),75.36,472.46,No,Region2_Suburban_Cohort
REG2-00942,Female,0,No,No,3,No,No phone service,DSL,No,No,Yes,No,No,No,Month-to-month,Yes,Credit card (automatic),51.98,152.49,Yes,Region2_Suburban_Cohort
REG2-00943,Female,0,Yes,Yes,11,Yes,Yes,Fiber optic,No,No,No,No,Yes,No,Month-to-month,No,Mailed check,101.0,1153.69,Yes,Region2_Suburban_Cohort
REG2-00944,Male,0,Yes,No,4,Yes,Yes,Fiber optic,No,No,Yes,Yes,Yes,No,Month-to-month,Yes,Bank transfer (automatic),116.43,483.27,Yes,Region2_Suburban_Cohort
REG2-00945,Male,1,Yes,No,72,Yes,No,DSL,No,No,Yes,Yes,Yes,Yes,Two year,Yes,Mailed check,95.52,6705.22,No,Region2_Suburban_Cohort
REG2-00946,Male,0,No,No,1,Yes,No,No,No internet service,No internet service,No internet service,No internet service,No internet service,No internet service,Month-to-month,Yes,Electronic check,31.5,31.81,Yes,Region2_Suburban_Cohort
REG2-00947,Female,0,No,No,16,Yes,Yes,Fiber optic,No,No,Yes,Yes,Yes,Yes,One year,Yes,Mailed check,127.85,2121.27,Yes,Region2_Suburban_Cohort
REG2-00948,Female,0,No,No,16,Yes,Yes,No,No internet service,No internet service,No internet service,No internet service,No internet service,No internet service,One year,No,Mailed check,41.97,672.53,Yes,Region2_Suburban_Cohort
REG2-00949,Female,0,Yes,No,10,Yes,Yes,Fiber optic,No,No,No,No,Yes,Yes,Month-to-month,Yes,Mailed check,109.07,1076.5,No,Region2_Suburban_Cohort
REG2-00950,Female,0,No,No,23,Yes,Yes,DSL,Yes,No,No,No,Yes,No,Two year,Yes,Bank transfer (automatic),91.53,2136.93,No,Region2_Suburban_Cohort
REG2-00951,Female,0,Yes,No,4,Yes,No,DSL,Yes,Yes,No,No,No,No,Month-to-month,Yes,Mailed check,72.55,280.69,Yes,Region2_Suburban_Cohort
REG2-00952,Male,1,No,No,42,Yes,No,No,No internet service,No internet service,No internet service,No internet service,No internet service,No internet service,One year,Yes,Credit card (automatic),30.82,1250.65,No,Region2_Suburban_Cohort
REG2-00953,Female,0,Yes,Yes,11,Yes,No,Fiber optic,Yes,Yes,Yes,Yes,Yes,No,Month-to-month,Yes,Credit card (automatic),116.99,1329.7,Yes,Region2_Suburban_Cohort
REG2-00954,Male,1,No,No,25,Yes,Yes,Fiber optic,Yes,No,No,No,Yes,No,Two year,No,Mailed check,112.97,2694.86,No,Region2_Suburban_Cohort
REG2-00955,Male,0,No,No,35,Yes,No,Fiber optic,No,Yes,No,Yes,No,Yes,Two year,Yes,Mailed check,101.17,3648.46,Yes,Region2_Suburban_Cohort
REG2-00956,Female,0,No,No,61,Yes,No,No,No internet service,No internet service,No internet service,No internet service,No internet service,No internet service,Two year,No,Mailed check,30.07,1795.84,No,Region2_Suburban_Cohort
REG2-00957,Male,0,No,No,50,Yes,No,Fiber optic,No,No,No,Yes,Yes,No,One year,Yes,Mailed check,95.17,4750.47,No,Region2_Suburban_Cohort
REG2-00958,Male,0,Yes,No,26,Yes,No,Fiber optic,No,No,Yes,Yes,No,Yes,Month-to-month,Yes,Credit card (automatic),99.59,2600.61,Yes,Region2_Suburban_Cohort
REG2-00959,Female,0,Yes,No,13,Yes,Yes,DSL,Yes,No,No,Yes,Yes,No,Month-to-month,Yes,Electronic check,96.09,1282.53,Yes,Region2_Suburban_Cohort
REG2-00960,Male,0,No,No,19,Yes,Yes,DSL,Yes,No,Yes,Yes,No,No,One year,No,Mailed check,91.83,1811.74,No,Region2_Suburban_Cohort
REG2-00961,Female,0,Yes,Yes,40,Yes,No,No,No internet service,No internet service,No internet service,No internet service,No internet service,No internet service,Month-to-month,Yes,Electronic check,27.31,1125.63,Yes,Region2_Suburban_Cohort
REG2-00962,Male,1,Yes,No,58,Yes,No,No,No internet service,No internet service,No internet service,No internet service,No internet service,No internet service,Two year,Yes,Bank transfer (automatic),31.82,1858.91,No,Region2_Suburban_Cohort
REG2-00963,Male,0,Yes,Yes,3,Yes,No,DSL,Yes,No,Yes,No,Yes,No,Month-to-month,Yes,Electronic check,80.56,238.01,Yes,Region2_Suburban_Cohort
REG2-00964,Male,0,No,No,13,Yes,Yes,No,No internet service,No internet service,No internet service,No internet service,No internet service,No internet service,One year,Yes,Credit card (automatic),41.18,536.76,No,Region2_Suburban_Cohort
REG2-00965,Male,0,Yes,Yes,41,Yes,No,DSL,No,No,No,No,Yes,Yes,One year,Yes,Mailed check,77.04,3010.19,No,Region2_Suburban_Cohort
REG2-00966,Female,0,Yes,Yes,15,Yes,Yes,Fiber optic,Yes,No,No,Yes,No,No,Month-to-month,No,Credit card (automatic),104.51,1527.67,No,Region2_Suburban_Cohort
REG2-00967,Male,0,Yes,No,11,Yes,No,No,No internet service,No internet service,No internet service,No internet service,No internet service,No internet service,Month-to-month,Yes,Credit card (automatic),31.24,339.04,Yes,Region2_Suburban_Cohort
REG2-00968,Female,1,Yes,Yes,14,Yes,No,DSL,No,Yes,No,No,Yes,No,One year,Yes,Bank transfer (automatic),72.17,992.17,Yes,Region2_Suburban_Cohort
REG2-00969,Male,1,No,No,25,Yes,No,Fiber optic,No,No,No,No,Yes,No,One year,Yes,Bank transfer (automatic),85.5,2050.96,Yes,Region2_Suburban_Cohort
REG2-00970,Female,1,No,No,72,Yes,No,DSL,No,No,Yes,Yes,Yes,No,One year,Yes,Electronic check,81.54,5607.13,Yes,Region2_Suburban_Cohort
REG2-00971,Female,1,No,No,19,Yes,Yes,Fiber optic,Yes,No,No,Yes,No,Yes,Month-to-month,Yes,Credit card (automatic),116.62,2198.21,Yes,Region2_Suburban_Cohort
REG2-00972,Female,0,Yes,No,6,Yes,Yes,Fiber optic,No,Yes,Yes,Yes,No,No,One year,Yes,Bank transfer (automatic),109.21,627.4,No,Region2_Suburban_Cohort
REG2-00973,Male,0,No,No,4,Yes,Yes,DSL,No,Yes,No,Yes,No,No,Month-to-month,Yes,Electronic check,82.69,323.69,Yes,Region2_Suburban_Cohort
REG2-00974,Male,0,Yes,No,1,Yes,Yes,DSL,No,No,Yes,Yes,Yes,Yes,Month-to-month,No,Mailed check,106.41,106.14,No,Region2_Suburban_Cohort
REG2-00975,Male,0,Yes,Yes,22,Yes,No,DSL,No,Yes,No,No,Yes,Yes,Month-to-month,Yes,Electronic check,86.18,1840.97,Yes,Region2_Suburban_Cohort
REG2-00976,Female,0,No,No,22,Yes,Yes,Fiber optic,Yes,Yes,No,No,No,No,One year,No,Bank transfer (automatic),107.3,2261.35,No,Region2_Suburban_Cohort
REG2-00977,Male,0,No,No,6,Yes,No,No,No internet service,No internet service,No internet service,No internet service,No internet service,No internet service,Month-to-month,No,Electronic check,28.31,168.71,Yes,Region2_Suburban_Cohort
REG2-00978,Male,0,No,No,33,Yes,Yes,Fiber optic,No,Yes,No,No,Yes,No,Month-to-month,Yes,Bank transfer (automatic),106.43,3494.09,No,Region2_Suburban_Cohort
REG2-00979,Female,0,No,No,37,Yes,No,Fiber optic,No,No,Yes,No,Yes,No,One year,Yes,Bank transfer (automatic),95.91,3696.16,Yes,Region2_Suburban_Cohort
REG2-00980,Male,0,Yes,No,8,Yes,No,Fiber optic,Yes,Yes,No,No,No,Yes,Month-to-month,No,Electronic check,101.94,785.17,Yes,Region2_Suburban_Cohort
REG2-00981,Female,0,Yes,Yes,11,No,No phone service,Fiber optic,No,No,No,Yes,Yes,No,Month-to-month,Yes,Credit card (automatic),83.53,929.4,Yes,Region2_Suburban_Cohort
REG2-00982,Male,0,No,No,72,Yes,Yes,Fiber optic,No,No,No,No,No,Yes,Month-to-month,Yes,Bank transfer (automatic),99.85,7059.58,Yes,Region2_Suburban_Cohort
REG2-00983,Male,0,Yes,No,13,Yes,Yes,DSL,No,Yes,Yes,No,No,No,One year,Yes,Mailed check,84.96,1062.91,Yes,Region2_Suburban_Cohort
REG2-00984,Female,0,Yes,Yes,40,Yes,Yes,No,No internet service,No internet service,No internet service,No internet service,No internet service,No internet service,Two year,No,Credit card (automatic),45.26,1791.06,No,Region2_Suburban_Cohort
REG2-00985,Male,0,No,No,16,Yes,No,No,No internet service,No internet service,No internet service,No internet service,No internet service,No internet service,Two year,Yes,Credit card (automatic),29.51,468.76,No,Region2_Suburban_Cohort
REG2-00986,Female,0,No,No,44,Yes,No,DSL,Yes,Yes,No,Yes,No,Yes,Month-to-month,Yes,Bank transfer (automatic),89.07,3865.61,No,Region2_Suburban_Cohort
REG2-00987,Male,0,Yes,Yes,41,Yes,Yes,DSL,No,No,Yes,No,Yes,Yes,One year,No,Electronic check,97.06,4085.21,Yes,Region2_Suburban_Cohort
REG2-00988,Male,0,No,No,30,Yes,No,DSL,No,No,Yes,No,Yes,Yes,One year,Yes,Mailed check,90.51,2807.4,No,Region2_Suburban_Cohort
REG2-00989,Female,0,No,No,54,Yes,Yes,No,No internet service,No internet service,No internet service,No internet service,No internet service,No internet service,Month-to-month,No,Credit card (automatic),42.81,2230.54,No,Region2_Suburban_Cohort
REG2-00990,Female,0,No,No,72,Yes,No,DSL,No,No,No,No,No,No,Month-to-month,Yes,Bank transfer (automatic),52.95,3685.79,Yes,Region2_Suburban_Cohort
REG2-00991,Female,0,Yes,Yes,24,Yes,Yes,DSL,Yes,No,No,No,No,Yes,One year,Yes,Mailed check,85.3,2031.07,No,Region2_Suburban_Cohort
REG2-00992,Male,0,Yes,Yes,7,Yes,No,DSL,Yes,No,Yes,No,No,No,Month-to-month,No,Credit card (automatic),68.22,468.95,No,Region2_Suburban_Cohort
REG2-00993,Female,0,Yes,No,14,Yes,No,Fiber optic,No,Yes,No,No,Yes,Yes,One year,Yes,Electronic check,106.8,1542.98,No,Region2_Suburban_Cohort
REG2-00994,Male,0,Yes,No,39,Yes,No,DSL,Yes,No,Yes,Yes,Yes,No,Two year,No,Electronic check,92.21,3774.85,No,Region2_Suburban_Cohort
REG2-00995,Male,0,Yes,No,29,Yes,Yes,DSL,No,No,No,Yes,No,Yes,One year,Yes,Credit card (automatic),90.86,2550.91,Yes,Region2_Suburban_Cohort
REG2-00996,Female,0,Yes,Yes,5,No,No phone service,DSL,No,No,Yes,No,No,Yes,Month-to-month,Yes,Electronic check,67.71,347.44,Yes,Region2_Suburban_Cohort
REG2-00997,Male,0,Yes,Yes,1,Yes,Yes,Fiber optic,No,No,No,No,No,Yes,Month-to-month,Yes,Electronic check,99.09,100.15,Yes,Region2_Suburban_Cohort
REG2-00998,Female,0,No,No,32,Yes,No,DSL,Yes,No,No,Yes,Yes,Yes,One year,No,Credit card (automatic),93.27,3027.75,Yes,Region2_Suburban_Cohort
REG2-00999,Male,0,Yes,No,8,Yes,Yes,No,No internet service,No internet service,No internet service,No internet service,No internet service,No internet service,Month-to-month,Yes,Bank transfer (automatic),43.15,337.07,Yes,Region2_Suburban_Cohort
REG2-01000,Male,0,No,No,19,Yes,Yes,No,No internet service,No internet service,No internet service,No internet service,No internet service,No internet service,Two year,No,Bank transfer (automatic),37.58,685.26,No,Region2_Suburban_Cohort
REG2-01001,Female,0,No,No,38,Yes,No,Fiber optic,No,No,No,No,No,No,Two year,Yes,Bank transfer (automatic),73.03,2787.14,No,Region2_Suburban_Cohort
REG2-01002,Female,0,Yes,No,23,Yes,Yes,Fiber optic,No,Yes,No,No,Yes,No,One year,No,Electronic check,108.59,2525.92,Yes,Region2_Suburban_Cohort
REG2-01003,Female,0,No,No,2,Yes,Yes,DSL,No,No,No,Yes,No,No,Month-to-month,Yes,Mailed check,77.19,161.53,Yes,Region2_Suburban_Cohort
REG2-01004,Female,0,No,No,5,Yes,No,Fiber optic,No,Yes,No,No,Yes,Yes,One year,Yes,Bank transfer (automatic),110.27,561.01,Yes,Region2_Suburban_Cohort
REG2-01005,Female,0,Yes,No,6,Yes,No,Fiber optic,Yes,No,No,Yes,No,Yes,Month-to-month,Yes,Electronic check,102.72,612.85,Yes,Region2_Suburban_Cohort
REG2-01006,Female,0,No,No,8,Yes,Yes,Fiber optic,No,No,No,Yes,No,Yes,Month-to-month,Yes,Credit card (automatic),110.24,925.49,No,Region2_Suburban_Cohort
REG2-01007,Female,0,Yes,Yes,23,Yes,No,DSL,No,No,No,Yes,Yes,Yes,Month-to-month,No,Electronic check,86.04,1953.84,Yes,Region2_Suburban_Cohort
REG2-01008,Male,0,No,No,19,Yes,No,DSL,No,No,No,No,No,Yes,Month-to-month,Yes,Electronic check,65.84,1208.75,Yes,Region2_Suburban_Cohort
REG2-01009,Male,1,Yes,Yes,6,Yes,Yes,DSL,No,No,Yes,No,Yes,No,Month-to-month,No,Electronic check,87.77,532.83,Yes,Region2_Suburban_Cohort
REG2-01010,Male,0,No,No,1,Yes,No,DSL,No,Yes,No,Yes,No,Yes,Month-to-month,No,Mailed check,85.86,83.85,Yes,Region2_Suburban_Cohort
REG2-01011,Female,0,Yes,No,5,Yes,No,DSL,No,Yes,No,No,No,No,Month-to-month,No,Credit card (automatic),65.35,340.55,Yes,Region2_Suburban_Cohort
REG2-01012,Female,0,No,No,72,Yes,Yes,Fiber optic,Yes,No,No,No,No,Yes,Two year,Yes,Mailed check,109.58,7832.85,No,Region2_Suburban_Cohort
REG2-01013,Male,0,Yes,Yes,17,Yes,No,DSL,No,Yes,No,No,Yes,No,One year,Yes,Electronic check,76.32,1251.98,Yes,Region2_Suburban_Cohort
REG2-01014,Female,0,No,No,56,Yes,Yes,Fiber optic,No,No,No,No,No,Yes,One year,Yes,Electronic check,101.4,5474.9,Yes,Region2_Suburban_Cohort
REG2-01015,Female,0,No,No,52,Yes,No,DSL,No,No,No,No,No,No,One year,Yes,Mailed check,55.07,2906.49,No,Region2_Suburban_Cohort
REG2-01016,Male,0,Yes,Yes,20,Yes,No,Fiber optic,No,No,No,No,No,No,Month-to-month,Yes,Electronic check,75.79,1495.47,Yes,Region2_Suburban_Cohort
REG2-01017,Female,1,No,No,34,Yes,Yes,DSL,No,No,Yes,No,No,Yes,Month-to-month,No,Electronic check,93.97,3151.44,No,Region2_Suburban_Cohort
REG2-01018,Female,0,Yes,No,5,Yes,No,DSL,Yes,Yes,No,No,No,No,Month-to-month,No,Bank transfer (automatic),73.2,370.11,Yes,Region2_Suburban_Cohort
REG2-01019,Male,0,No,No,32,Yes,No,Fiber optic,No,No,Yes,No,No,Yes,One year,Yes,Credit card (automatic),95.05,2956.9,Yes,Region2_Suburban_Cohort
REG2-01020,Female,1,Yes,No,8,Yes,Yes,Fiber optic,No,Yes,Yes,No,No,Yes,One year,No,Credit card (automatic),117.01,902.89,No,Region2_Suburban_Cohort
REG2-01021,Male,0,No,No,49,Yes,No,Fiber optic,No,Yes,No,No,No,No,Two year,Yes,Credit card (automatic),80.36,3999.56,No,Region2_Suburban_Cohort
REG2-01022,Female,1,No,No,2,Yes,Yes,DSL,Yes,Yes,Yes,No,No,Yes,Month-to-month,Yes,Mailed check,102.2,194.29,Yes,Region2_Suburban_Cohort
REG2-01023,Female,0,Yes,Yes,41,No,No phone service,Fiber optic,Yes,No,Yes,No,No,No,Two year,Yes,Bank transfer (automatic),80.49,3434.52,No,Region2_Suburban_Cohort
REG2-01024,Female,0,Yes,No,2,Yes,No,Fiber optic,No,Yes,No,No,Yes,No,One year,Yes,Bank transfer (automatic),93.21,180.51,Yes,Region2_Suburban_Cohort
REG2-01025,Male,0,Yes,No,59,Yes,No,DSL,No,Yes,No,No,No,Yes,One year,No,Electronic check,79.43,4661.93,No,Region2_Suburban_Cohort
REG2-01026,Female,0,No,No,10,Yes,No,DSL,No,Yes,Yes,No,No,No,Month-to-month,No,Mailed check,72.19,701.07,Yes,Region2_Suburban_Cohort
REG2-01027,Female,1,Yes,No,29,Yes,No,Fiber optic,No,No,No,No,Yes,Yes,One year,Yes,Electronic check,100.46,2831.25,Yes,Region2_Suburban_Cohort
REG2-01028,Male,0,No,No,18,Yes,No,DSL,Yes,Yes,No,No,No,No,Two year,No,Electronic check,70.74,1315.98,No,Region2_Suburban_Cohort
REG2-01029,Female,0,No,No,12,Yes,No,No,No internet service,No internet service,No internet service,No internet service,No internet service,No internet service,Month-to-month,Yes,Electronic check,27.12,328.21,No,Region2_Suburban_Cohort
REG2-01030,Male,0,Yes,No,29,Yes,No,No,No internet service,No internet service,No internet service,No internet service,No internet service,No internet service,Month-to-month,No,Credit card (automatic),29.84,849.04,Yes,Region2_Suburban_Cohort
REG2-01031,Female,0,No,No,72,Yes,No,Fiber optic,No,Yes,No,No,No,No,One year,Yes,Credit card (automatic),81.94,5752.84,Yes,Region2_Suburban_Cohort
REG2-01032,Male,0,Yes,No,1,Yes,No,DSL,Yes,No,No,No,No,Yes,Month-to-month,No,Mailed check,72.46,70.38,Yes,Region2_Suburban_Cohort
REG2-01033,Male,0,Yes,Yes,70,Yes,Yes,DSL,No,Yes,No,No,No,Yes,One year,Yes,Electronic check,88.9,6256.88,Yes,Region2_Suburban_Cohort
REG2-01034,Male,0,No,No,26,Yes,No,No,No internet service,No internet service,No internet service,No internet service,No internet service,No internet service,Month-to-month,Yes,Electronic check,29.33,780.18,Yes,Region2_Suburban_Cohort
REG2-01035,Female,0,Yes,No,46,Yes,No,DSL,No,No,Yes,Yes,Yes,Yes,Two year,Yes,Mailed check,90.55,4062.64,No,Region2_Suburban_Cohort
REG2-01036,Male,0,Yes,No,13,Yes,No,DSL,Yes,No,Yes,No,No,No,Two year,Yes,Bank transfer (automatic),71.0,907.52,No,Region2_Suburban_Cohort
REG2-01037,Female,0,No,No,17,Yes,No,DSL,Yes,No,No,No,Yes,No,Two year,Yes,Credit card (automatic),75.05,1303.97,No,Region2_Suburban_Cohort
REG2-01038,Male,0,Yes,No,56,Yes,Yes,DSL,No,Yes,No,Yes,No,No,Month-to-month,Yes,Electronic check,84.88,4866.06,Yes,Region2_Suburban_Cohort
REG2-01039,Male,0,No,No,15,Yes,Yes,DSL,Yes,Yes,No,No,Yes,No,Month-to-month,No,Mailed check,95.3,1387.66,No,Region2_Suburban_Cohort
REG2-01040,Female,0,No,No,21,Yes,Yes,Fiber optic,No,No,No,No,No,No,Month-to-month,Yes,Credit card (automatic),85.47,1773.73,Yes,Region2_Suburban_Cohort
REG2-01041,Female,0,Yes,Yes,1,No,No phone service,Fiber optic,No,No,Yes,Yes,Yes,Yes,One year,No,Electronic check,106.24,110.17,Yes,Region2_Suburban_Cohort
REG2-01042,Male,0,Yes,No,4,Yes,No,Fiber optic,No,Yes,Yes,No,No,No,Month-to-month,Yes,Mailed check,89.38,366.11,Yes,Region2_Suburban_Cohort
REG2-01043,Female,0,No,No,28,Yes,No,No,No internet service,No internet service,No internet service,No internet service,No internet service,No internet service,One year,No,Electronic check,31.76,859.27,No,Region2_Suburban_Cohort
REG2-01044,Female,0,Yes,No,35,Yes,No,DSL,Yes,Yes,No,No,Yes,No,Month-to-month,No,Electronic check,85.89,2971.87,Yes,Region2_Suburban_Cohort
REG2-01045,Female,0,Yes,Yes,24,Yes,Yes,DSL,No,No,No,No,No,No,Month-to-month,Yes,Credit card (automatic),60.8,1528.26,Yes,Region2_Suburban_Cohort
REG2-01046,Male,0,No,No,4,Yes,No,DSL,No,No,No,No,No,No,Month-to-month,No,Bank transfer (automatic),53.13,213.06,Yes,Region2_Suburban_Cohort
REG2-01047,Male,0,Yes,No,16,Yes,No,Fiber optic,No,No,No,Yes,No,No,One year,No,Mailed check,84.16,1376.1,Yes,Region2_Suburban_Cohort
REG2-01048,Female,0,No,No,12,Yes,No,Fiber optic,No,No,Yes,No,No,No,Month-to-month,Yes,Mailed check,83.23,958.01,Yes,Region2_Suburban_Cohort
REG2-01049,Male,0,Yes,No,19,Yes,Yes,DSL,Yes,No,No,No,No,Yes,Month-to-month,No,Credit card (automatic),90.24,1771.57,Yes,Region2_Suburban_Cohort
REG2-01050,Female,1,Yes,Yes,57,Yes,No,No,No internet service,No internet service,No internet service,No internet service,No internet service,No internet service,One year,Yes,Electronic check,33.13,1908.2,No,Region2_Suburban_Cohort
REG2-01051,Female,0,Yes,No,41,Yes,No,Fiber optic,No,No,No,No,No,No,Two year,Yes,Electronic check,77.32,3067.28,No,Region2_Suburban_Cohort
REG2-01052,Female,0,No,No,2,Yes,No,Fiber optic,No,No,No,No,No,No,Month-to-month,Yes,Credit card (automatic),70.78,139.86,Yes,Region2_Suburban_Cohort
REG2-01053,Female,1,No,No,61,Yes,No,Fiber optic,No,Yes,Yes,No,No,Yes,Two year,Yes,Credit card (automatic),102.59,5997.05,No,Region2_Suburban_Cohort
REG2-01054,Female,0,No,No,17,Yes,No,Fiber optic,No,No,No,No,Yes,No,Month-to-month,Yes,Bank transfer (automatic),88.6,1547.92,Yes,Region2_Suburban_Cohort
REG2-01055,Male,0,Yes,No,38,No,No phone service,Fiber optic,Yes,No,No,No,No,Yes,Month-to-month,No,Bank transfer (automatic),84.93,3306.37,Yes,Region2_Suburban_Cohort
REG2-01056,Female,0,Yes,No,4,Yes,Yes,DSL,Yes,No,No,No,Yes,Yes,Month-to-month,No,Electronic check,98.68,394.33,Yes,Region2_Suburban_Cohort
REG2-01057,Male,0,Yes,No,31,Yes,Yes,Fiber optic,No,No,Yes,No,Yes,No,One year,No,Credit card (automatic),110.09,3396.41,Yes,Region2_Suburban_Cohort
REG2-01058,Male,1,Yes,Yes,7,Yes,No,Fiber optic,Yes,No,Yes,No,No,Yes,Month-to-month,Yes,Mailed check,103.9,724.64,Yes,Region2_Suburban_Cohort
REG2-01059,Female,1,No,No,16,No,No phone service,DSL,No,Yes,Yes,No,No,No,Two year,No,Electronic check,60.37,921.24,No,Region2_Suburban_Cohort
REG2-01060,Female,0,No,No,1,Yes,Yes,No,No internet service,No internet service,No internet service,No internet service,No internet service,No internet service,One year,Yes,Mailed check,39.04,38.53,Yes,Region2_Suburban_Cohort
REG2-01061,Female,0,Yes,Yes,4,Yes,Yes,Fiber optic,No,No,No,No,Yes,Yes,Month-to-month,No,Electronic check,115.3,444.07,Yes,Region2_Suburban_Cohort
REG2-01062,Female,1,No,No,2,Yes,Yes,DSL,No,No,Yes,No,Yes,Yes,Month-to-month,Yes,Electronic check,99.76,193.23,Yes,Region2_Suburban_Cohort
REG2-01063,Male,0,Yes,Yes,7,Yes,No,Fiber optic,No,No,No,No,No,Yes,One year,No,Electronic check,85.83,628.57,Yes,Region2_Suburban_Cohort
REG2-01064,Male,0,No,No,2,Yes,No,No,No internet service,No internet service,No internet service,No internet service,No internet service,No internet service,Month-to-month,No,Electronic check,32.33,63.12,Yes,Region2_Suburban_Cohort
REG2-01065,Female,1,Yes,Yes,32,Yes,Yes,DSL,No,No,No,No,No,Yes,One year,No,Electronic check,74.99,2395.75,Yes,Region2_Suburban_Cohort
REG2-01066,Male,0,Yes,Yes,1,Yes,No,DSL,No,No,Yes,No,Yes,No,Two year,No,Electronic check,79.38,82.46,Yes,Region2_Suburban_Cohort
REG2-01067,Male,0,Yes,No,26,Yes,No,Fiber optic,No,No,No,No,Yes,No,One year,No,Electronic check,88.53,2281.87,No,Region2_Suburban_Cohort
REG2-01068,Male,0,Yes,Yes,4,Yes,Yes,DSL,No,No,Yes,Yes,No,No,Month-to-month,No,Electronic check,88.49,354.97,Yes,Region2_Suburban_Cohort
REG2-01069,Male,1,No,No,72,Yes,Yes,DSL,No,Yes,Yes,Yes,No,No,Two year,No,Electronic check,92.58,6444.98,No,Region2_Suburban_Cohort
REG2-01070,Male,0,Yes,Yes,72,Yes,No,Fiber optic,No,No,No,No,Yes,No,Month-to-month,No,Electronic check,87.6,6171.65,Yes,Region2_Suburban_Cohort
REG2-01071,Male,0,Yes,Yes,7,Yes,No,Fiber optic,No,Yes,No,No,Yes,No,Month-to-month,Yes,Mailed check,93.49,654.83,No,Region2_Suburban_Cohort
REG2-01072,Male,0,No,No,26,Yes,Yes,DSL,No,Yes,No,No,Yes,Yes,Month-to-month,No,Bank transfer (automatic),97.9,2511.01,Yes,Region2_Suburban_Cohort
REG2-01073,Male,0,No,No,1,Yes,Yes,DSL,No,No,No,Yes,Yes,Yes,Month-to-month,Yes,Electronic check,95.9,91.47,Yes,Region2_Suburban_Cohort
REG2-01074,Female,0,No,No,72,Yes,Yes,Fiber optic,No,No,No,No,No,No,Two year,No,Electronic check,91.94,6554.03,No,Region2_Suburban_Cohort
REG2-01075,Male,0,Yes,Yes,20,Yes,Yes,DSL,Yes,Yes,Yes,Yes,No,Yes,One year,Yes,Credit card (automatic),111.33,2296.76,No,Region2_Suburban_Cohort
REG2-01076,Male,0,No,No,1,Yes,Yes,Fiber optic,No,Yes,Yes,Yes,Yes,No,Month-to-month,No,Mailed check,125.18,120.37,Yes,Region2_Suburban_Cohort
REG2-01077,Female,0,No,No,11,Yes,No,Fiber optic,No,No,No,Yes,No,Yes,One year,Yes,Bank transfer (automatic),97.57,1021.62,No,Region2_Suburban_Cohort
REG2-01078,Male,1,Yes,No,2,Yes,No,DSL,No,No,Yes,No,No,Yes,Month-to-month,Yes,Bank transfer (automatic),74.44,143.2,Yes,Region2_Suburban_Cohort
REG2-01079,Female,0,Yes,No,13,Yes,No,Fiber optic,Yes,Yes,No,Yes,No,No,One year,No,Electronic check,96.99,1284.43,Yes,Region2_Suburban_Cohort
REG2-01080,Female,1,Yes,Yes,31,Yes,Yes,Fiber optic,No,Yes,No,Yes,No,No,Month-to-month,Yes,Mailed check,101.21,3229.96,Yes,Region2_Suburban_Cohort
REG2-01081,Male,0,Yes,Yes,17,Yes,No,Fiber optic,No,No,No,Yes,No,Yes,One year,Yes,Bank transfer (automatic),91.13,1479.3,Yes,Region2_Suburban_Cohort
REG2-01082,Male,0,Yes,No,13,Yes,Yes,DSL,No,Yes,No,No,No,No,Two year,No,Mailed check,72.2,974.98,No,Region2_Suburban_Cohort
REG2-01083,Female,0,Yes,No,3,Yes,Yes,DSL,No,No,Yes,No,No,No,Month-to-month,Yes,Bank transfer (automatic),76.34,231.94,Yes,Region2_Suburban_Cohort
REG2-01084,Female,0,No,No,7,Yes,No,No,No internet service,No internet service,No internet service,No internet service,No internet service,No internet service,Month-to-month,Yes,Credit card (automatic),32.56,228.33,No,Region2_Suburban_Cohort
REG2-01085,Male,1,No,No,2,Yes,No,Fiber optic,Yes,Yes,No,Yes,No,Yes,Month-to-month,No,Mailed check,111.01,216.55,Yes,Region2_Suburban_Cohort
REG2-01086,Female,0,No,No,46,Yes,Yes,DSL,Yes,Yes,No,No,Yes,Yes,Two year,No,Electronic check,109.31,4963.75,No,Region2_Suburban_Cohort
REG2-01087,Male,0,No,No,4,Yes,No,Fiber optic,No,Yes,No,No,No,No,Month-to-month,Yes,Mailed check,85.37,356.74,Yes,Region2_Suburban_Cohort
REG2-01088,Female,0,Yes,No,25,Yes,No,DSL,No,No,Yes,Yes,No,No,One year,Yes,Electronic check,70.21,1827.49,No,Region2_Suburban_Cohort
REG2-01089,Male,0,No,No,11,Yes,No,DSL,Yes,No,No,No,Yes,No,Month-to-month,Yes,Electronic check,77.72,865.65,Yes,Region2_Suburban_Cohort
REG2-01090,Female,0,No,No,7,Yes,No,Fiber optic,Yes,No,Yes,No,Yes,Yes,Month-to-month,Yes,Mailed check,114.59,808.46,Yes,Region2_Suburban_Cohort
REG2-01091,Female,0,Yes,No,28,Yes,No,DSL,Yes,Yes,No,Yes,No,No,One year,Yes,Electronic check,77.93,2118.88,No,Region2_Suburban_Cohort
REG2-01092,Female,0,No,No,17,Yes,No,Fiber optic,No,Yes,No,Yes,No,Yes,One year,Yes,Credit card (automatic),103.22,1834.28,Yes,Region2_Suburban_Cohort
REG2-01093,Female,0,No,No,14,Yes,No,Fiber optic,No,Yes,No,Yes,Yes,No,Month-to-month,Yes,Bank transfer (automatic),99.48,1428.29,No,Region2_Suburban_Cohort
REG2-01094,Male,0,No,No,25,Yes,Yes,Fiber optic,No,No,Yes,No,No,Yes,Month-to-month,No,Mailed check,106.91,2641.28,Yes,Region2_Suburban_Cohort
REG2-01095,Male,0,No,No,18,No,No phone service,DSL,Yes,No,No,No,No,Yes,Month-to-month,Yes,Electronic check,59.23,1099.81,No,Region2_Suburban_Cohort
REG2-01096,Male,0,Yes,No,10,Yes,Yes,DSL,No,No,No,No,No,Yes,Month-to-month,Yes,Electronic check,80.69,783.65,Yes,Region2_Suburban_Cohort
REG2-01097,Male,0,Yes,Yes,22,Yes,No,Fiber optic,Yes,Yes,No,Yes,No,Yes,Month-to-month,No,Credit card (automatic),107.76,2302.73,Yes,Region2_Suburban_Cohort
REG2-01098,Female,0,Yes,Yes,31,Yes,No,Fiber optic,Yes,No,No,No,No,Yes,One year,Yes,Mailed check,94.98,3030.05,Yes,Region2_Suburban_Cohort
REG2-01099,Male,0,No,No,1,Yes,Yes,Fiber optic,Yes,Yes,No,No,No,No,One year,No,Electronic check,106.71,107.34,Yes,Region2_Suburban_Cohort
REG2-01100,Male,0,No,No,17,Yes,No,Fiber optic,No,Yes,Yes,No,No,No,One year,Yes,Credit card (automatic),91.18,1558.71,No,Region2_Suburban_Cohort
REG2-01101,Female,0,No,No,1,Yes,Yes,DSL,Yes,Yes,Yes,Yes,Yes,No,Month-to-month,Yes,Electronic check,106.27,107.05,Yes,Region2_Suburban_Cohort
REG2-01102,Female,1,Yes,No,5,Yes,No,DSL,No,No,Yes,Yes,Yes,Yes,Month-to-month,Yes,Mailed check,95.32,458.77,No,Region2_Suburban_Cohort
REG2-01103,Female,0,Yes,No,23,Yes,Yes,Fiber optic,No,Yes,No,No,Yes,No,One year,Yes,Credit card (automatic),106.36,2409.48,Yes,Region2_Suburban_Cohort
REG2-01104,Female,0,No,No,56,Yes,No,Fiber optic,No,Yes,No,Yes,No,Yes,Two year,No,Electronic check,105.33,5941.59,No,Region2_Suburban_Cohort
REG2-01105,Male,1,No,No,60,Yes,No,DSL,No,No,No,Yes,Yes,Yes,Two year,No,Bank transfer (automatic),86.72,5071.87,No,Region2_Suburban_Cohort
REG2-01106,Male,1,Yes,Yes,2,Yes,Yes,Fiber optic,Yes,No,No,No,No,No,Month-to-month,Yes,Credit card (automatic),97.79,195.66,Yes,Region2_Suburban_Cohort
REG2-01107,Female,0,Yes,Yes,15,Yes,Yes,Fiber optic,No,No,Yes,No,No,No,One year,Yes,Electronic check,96.09,1449.57,Yes,Region2_Suburban_Cohort
REG2-01108,Female,1,No,No,24,No,No phone service,DSL,No,Yes,No,No,Yes,Yes,Month-to-month,Yes,Credit card (automatic),79.19,1984.72,Yes,Region2_Suburban_Cohort
REG2-01109,Male,0,No,No,4,Yes,No,DSL,Yes,No,No,No,No,No,Month-to-month,No,Mailed check,62.77,244.7,Yes,Region2_Suburban_Cohort
REG2-01110,Female,0,Yes,No,40,No,No phone service,DSL,No,Yes,Yes,No,Yes,Yes,One year,Yes,Credit card (automatic),88.21,3507.0,No,Region2_Suburban_Cohort
REG2-01111,Male,0,Yes,Yes,38,Yes,No,No,No internet service,No internet service,No internet service,No internet service,No internet service,No internet service,Two year,Yes,Electronic check,28.72,1143.91,No,Region2_Suburban_Cohort
REG2-01112,Male,0,No,No,65,Yes,No,Fiber optic,Yes,Yes,No,No,No,No,Two year,Yes,Credit card (automatic),86.42,5441.36,No,Region2_Suburban_Cohort
REG2-01113,Female,0,No,No,1,Yes,No,DSL,No,No,Yes,No,Yes,No,Month-to-month,Yes,Bank transfer (automatic),72.26,74.28,Yes,Region2_Suburban_Cohort
REG2-01114,Female,0,Yes,Yes,6,Yes,Yes,Fiber optic,No,Yes,No,Yes,Yes,No,Month-to-month,Yes,Bank transfer (automatic),115.3,669.47,Yes,Region2_Suburban_Cohort
REG2-01115,Female,0,Yes,No,49,Yes,No,DSL,No,No,No,Yes,Yes,No,Two year,No,Credit card (automatic),75.68,3838.13,No,Region2_Suburban_Cohort
REG2-01116,Male,0,No,No,31,Yes,No,No,No internet service,No internet service,No internet service,No internet service,No internet service,No internet service,Month-to-month,No,Mailed check,30.39,940.96,No,Region2_Suburban_Cohort
REG2-01117,Female,1,Yes,Yes,62,Yes,No,Fiber optic,No,No,Yes,No,No,No,Two year,No,Electronic check,86.05,5587.0,No,Region2_Suburban_Cohort
REG2-01118,Male,0,Yes,No,1,Yes,No,DSL,No,No,Yes,No,Yes,No,Month-to-month,Yes,Electronic check,75.47,72.98,Yes,Region2_Suburban_Cohort
REG2-01119,Male,1,No,No,25,Yes,No,DSL,No,No,Yes,Yes,No,Yes,One year,Yes,Electronic check,83.82,2134.88,Yes,Region2_Suburban_Cohort
REG2-01120,Female,1,Yes,No,23,Yes,No,Fiber optic,No,Yes,No,Yes,No,Yes,Month-to-month,Yes,Bank transfer (automatic),105.45,2472.71,Yes,Region2_Suburban_Cohort
REG2-01121,Female,0,No,No,1,Yes,Yes,DSL,No,Yes,No,No,Yes,No,One year,Yes,Credit card (automatic),82.81,84.62,Yes,Region2_Suburban_Cohort
REG2-01122,Female,0,Yes,Yes,20,Yes,Yes,No,No internet service,No internet service,No internet service,No internet service,No internet service,No internet service,Month-to-month,Yes,Mailed check,43.81,841.24,Yes,Region2_Suburban_Cohort
REG2-01123,Female,0,No,No,26,Yes,No,DSL,No,Yes,No,No,Yes,Yes,Month-to-month,Yes,Mailed check,90.29,2297.9,Yes,Region2_Suburban_Cohort
REG2-01124,Female,1,Yes,Yes,5,No,No phone service,Fiber optic,No,No,No,No,Yes,Yes,Month-to-month,Yes,Credit card (automatic),90.79,446.6,Yes,Region2_Suburban_Cohort
REG2-01125,Female,0,Yes,Yes,8,Yes,No,Fiber optic,No,No,Yes,No,No,No,Month-to-month,Yes,Electronic check,83.79,658.54,Yes,Region2_Suburban_Cohort
REG2-01126,Male,0,Yes,No,28,Yes,No,Fiber optic,Yes,Yes,No,No,Yes,No,One year,Yes,Bank transfer (automatic),105.01,2991.74,No,Region2_Suburban_Cohort
REG2-01127,Male,0,No,No,17,Yes,No,Fiber optic,Yes,Yes,Yes,Yes,No,No,Month-to-month,Yes,Electronic check,101.63,1650.8,Yes,Region2_Suburban_Cohort
REG2-01128,Male,0,No,No,54,No,No phone service,DSL,Yes,No,No,Yes,No,No,Month-to-month,Yes,Electronic check,60.68,3352.11,No,Region2_Suburban_Cohort
REG2-01129,Male,0,Yes,Yes,11,Yes,Yes,Fiber optic,No,No,Yes,Yes,No,No,Month-to-month,Yes,Bank transfer (automatic),99.75,1100.17,Yes,Region2_Suburban_Cohort
REG2-01130,Female,0,No,No,8,Yes,No,Fiber optic,Yes,Yes,No,No,Yes,Yes,Month-to-month,Yes,Electronic check,115.96,897.34,Yes,Region2_Suburban_Cohort
REG2-01131,Male,0,No,No,72,Yes,Yes,Fiber optic,No,Yes,No,Yes,No,No,Two year,Yes,Electronic check,100.49,7037.12,No,Region2_Suburban_Cohort
REG2-01132,Male,0,No,No,67,Yes,Yes,DSL,No,No,No,Yes,Yes,Yes,Two year,Yes,Bank transfer (automatic),101.12,6502.4,No,Region2_Suburban_Cohort
REG2-01133,Male,1,Yes,No,1,Yes,Yes,DSL,Yes,No,No,No,No,No,Month-to-month,Yes,Mailed check,73.96,73.66,Yes,Region2_Suburban_Cohort
REG2-01134,Female,0,No,No,41,Yes,No,DSL,Yes,No,No,Yes,No,No,One year,No,Bank transfer (automatic),67.78,2805.36,No,Region2_Suburban_Cohort
REG2-01135,Male,1,Yes,Yes,3,Yes,Yes,Fiber optic,No,No,No,Yes,No,No,Month-to-month,Yes,Credit card (automatic),92.64,280.17,Yes,Region2_Suburban_Cohort
REG2-01136,Female,0,Yes,No,1,Yes,No,Fiber optic,No,No,No,No,No,No,Month-to-month,Yes,Bank transfer (automatic),71.72,75.04,Yes,Region2_Suburban_Cohort
REG2-01137,Male,0,No,No,8,Yes,Yes,Fiber optic,No,No,No,Yes,No,No,Month-to-month,No,Bank transfer (automatic),94.91,743.79,Yes,Region2_Suburban_Cohort
REG2-01138,Male,0,No,No,8,Yes,Yes,Fiber optic,No,Yes,No,No,No,No,Month-to-month,Yes,Mailed check,96.54,792.56,Yes,Region2_Suburban_Cohort
REG2-01139,Female,0,Yes,Yes,47,Yes,No,Fiber optic,No,Yes,No,Yes,Yes,Yes,Two year,Yes,Bank transfer (automatic),113.39,5448.22,No,Region2_Suburban_Cohort
REG2-01140,Female,1,Yes,No,34,Yes,No,DSL,No,Yes,Yes,Yes,No,No,One year,Yes,Electronic check,75.35,2449.52,No,Region2_Suburban_Cohort
REG2-01141,Male,0,No,No,72,Yes,Yes,Fiber optic,No,No,Yes,Yes,Yes,Yes,Two year,No,Mailed check,126.97,9534.94,No,Region2_Suburban_Cohort
REG2-01142,Female,1,No,No,34,Yes,Yes,No,No internet service,No internet service,No internet service,No internet service,No internet service,No internet service,Month-to-month,No,Electronic check,41.91,1486.4,Yes,Region2_Suburban_Cohort
REG2-01143,Female,0,Yes,No,15,Yes,No,DSL,No,Yes,No,No,Yes,Yes,Month-to-month,No,Electronic check,85.75,1272.92,Yes,Region2_Suburban_Cohort
REG2-01144,Male,0,No,No,33,Yes,Yes,Fiber optic,No,Yes,Yes,No,No,No,Month-to-month,No,Bank transfer (automatic),101.04,3306.87,Yes,Region2_Suburban_Cohort
REG2-01145,Female,0,Yes,Yes,72,Yes,No,DSL,Yes,Yes,Yes,Yes,No,No,Two year,Yes,Bank transfer (automatic),90.2,6701.96,No,Region2_Suburban_Cohort
REG2-01146,Female,0,Yes,Yes,34,Yes,Yes,DSL,Yes,Yes,Yes,Yes,No,Yes,Two year,No,Mailed check,109.52,3721.83,No,Region2_Suburban_Cohort
REG2-01147,Female,0,No,No,40,Yes,Yes,DSL,Yes,Yes,No,No,Yes,No,One year,Yes,Mailed check,91.4,3765.39,No,Region2_Suburban_Cohort
REG2-01148,Female,1,Yes,Yes,72,Yes,Yes,No,No internet service,No internet service,No internet service,No internet service,No internet service,No internet service,Month-to-month,Yes,Mailed check,41.78,2868.62,No,Region2_Suburban_Cohort
REG2-01149,Female,0,Yes,No,3,Yes,No,Fiber optic,Yes,No,No,No,No,No,Month-to-month,Yes,Bank transfer (automatic),84.32,246.64,Yes,Region2_Suburban_Cohort
REG2-01150,Female,0,No,No,34,Yes,No,DSL,No,No,No,No,Yes,Yes,Month-to-month,Yes,Electronic check,80.15,2613.66,Yes,Region2_Suburban_Cohort
REG2-01151,Female,0,No,No,53,Yes,Yes,Fiber optic,Yes,No,No,Yes,No,No,One year,Yes,Mailed check,99.0,5222.97,No,Region2_Suburban_Cohort
REG2-01152,Female,0,Yes,Yes,72,No,No phone service,DSL,No,Yes,No,No,Yes,Yes,One year,Yes,Electronic check,80.04,5966.98,No,Region2_Suburban_Cohort
REG2-01153,Female,1,No,No,6,Yes,No,Fiber optic,No,No,No,No,No,Yes,Month-to-month,No,Electronic check,87.53,528.85,Yes,Region2_Suburban_Cohort
REG2-01154,Female,0,No,No,19,Yes,No,Fiber optic,No,No,No,No,Yes,Yes,One year,Yes,Mailed check,100.43,1912.05,Yes,Region2_Suburban_Cohort
REG2-01155,Female,0,Yes,No,31,Yes,No,DSL,No,Yes,Yes,No,Yes,No,Month-to-month,No,Electronic check,89.63,2741.33,Yes,Region2_Suburban_Cohort
REG2-01156,Male,1,No,No,7,Yes,Yes,Fiber optic,Yes,Yes,Yes,No,No,No,Month-to-month,Yes,Mailed check,112.9,755.81,Yes,Region2_Suburban_Cohort
REG2-01157,Female,0,Yes,No,25,Yes,Yes,Fiber optic,No,Yes,No,Yes,Yes,No,One year,Yes,Credit card (automatic),116.43,2988.3,Yes,Region2_Suburban_Cohort
REG2-01158,Female,0,Yes,Yes,8,Yes,No,Fiber optic,Yes,No,Yes,No,Yes,No,Month-to-month,Yes,Bank transfer (automatic),102.44,825.32,Yes,Region2_Suburban_Cohort
REG2-01159,Male,0,No,No,11,No,No phone service,DSL,No,No,No,No,No,No,Month-to-month,No,Credit card (automatic),44.99,516.22,Yes,Region2_Suburban_Cohort
REG2-01160,Female,0,No,No,16,Yes,Yes,No,No internet service,No internet service,No internet service,No internet service,No internet service,No internet service,Month-to-month,Yes,Bank transfer (automatic),38.99,619.6,Yes,Region2_Suburban_Cohort
REG2-01161,Male,0,Yes,No,21,No,No phone service,DSL,No,No,Yes,No,No,No,Month-to-month,Yes,Credit card (automatic),53.21,1106.4,Yes,Region2_Suburban_Cohort
REG2-01162,Male,0,Yes,No,16,Yes,Yes,DSL,Yes,No,Yes,No,Yes,No,Month-to-month,No,Electronic check,99.07,1660.31,No,Region2_Suburban_Cohort
REG2-01163,Female,1,Yes,No,19,Yes,No,DSL,No,Yes,No,Yes,No,No,Two year,No,Mailed check,72.07,1320.19,No,Region2_Suburban_Cohort
REG2-01164,Male,1,Yes,No,9,Yes,Yes,Fiber optic,Yes,No,No,Yes,No,No,Month-to-month,Yes,Bank transfer (automatic),108.58,953.02,Yes,Region2_Suburban_Cohort
REG2-01165,Female,0,Yes,Yes,4,Yes,Yes,Fiber optic,Yes,Yes,No,No,Yes,Yes,Month-to-month,Yes,Credit card (automatic),128.32,512.67,Yes,Region2_Suburban_Cohort
REG2-01166,Female,0,Yes,No,1,Yes,Yes,DSL,No,No,Yes,No,No,No,One year,Yes,Electronic check,75.7,75.88,Yes,Region2_Suburban_Cohort
REG2-01167,Male,1,No,No,6,No,No phone service,Fiber optic,No,No,Yes,Yes,No,No,Month-to-month,Yes,Electronic check,80.65,486.26,Yes,Region2_Suburban_Cohort
REG2-01168,Male,0,Yes,No,24,No,No phone service,Fiber optic,No,Yes,No,No,No,No,Two year,No,Credit card (automatic),77.93,1816.48,Yes,Region2_Suburban_Cohort
REG2-01169,Male,0,Yes,Yes,43,No,No phone service,DSL,Yes,No,No,No,Yes,No,Two year,Yes,Electronic check,63.84,2862.29,No,Region2_Suburban_Cohort
REG2-01170,Female,0,No,No,5,Yes,No,DSL,Yes,Yes,Yes,Yes,No,Yes,Month-to-month,No,Electronic check,97.18,495.79,Yes,Region2_Suburban_Cohort
REG2-01171,Female,1,No,No,3,No,No phone service,Fiber optic,No,Yes,Yes,No,Yes,Yes,Month-to-month,No,Mailed check,102.8,300.95,Yes,Region2_Suburban_Cohort
REG2-01172,Female,0,Yes,Yes,38,Yes,Yes,DSL,Yes,No,No,No,No,No,Two year,Yes,Mailed check,80.65,3001.63,No,Region2_Suburban_Cohort
REG2-01173,Male,0,Yes,No,10,Yes,No,DSL,No,Yes,No,Yes,Yes,Yes,One year,Yes,Credit card (automatic),95.37,989.97,Yes,Region2_Suburban_Cohort
REG2-01174,Female,0,No,No,72,Yes,No,DSL,No,No,No,No,No,No,Two year,Yes,Mailed check,55.21,3927.56,No,Region2_Suburban_Cohort
REG2-01175,Female,1,Yes,Yes,35,Yes,No,No,No internet service,No internet service,No internet service,No internet service,No internet service,No internet service,Month-to-month,No,Mailed check,31.3,1101.67,Yes,Region2_Suburban_Cohort
REG2-01176,Female,0,Yes,Yes,11,No,No phone service,Fiber optic,Yes,No,Yes,No,No,No,Month-to-month,Yes,Electronic check,80.37,850.51,No,Region2_Suburban_Cohort
REG2-01177,Male,1,No,No,9,No,No phone service,DSL,No,Yes,No,No,No,Yes,Month-to-month,Yes,Bank transfer (automatic),63.09,553.71,Yes,Region2_Suburban_Cohort
REG2-01178,Female,0,Yes,No,20,Yes,Yes,No,No internet service,No internet service,No internet service,No internet service,No internet service,No internet service,Month-to-month,Yes,Mailed check,39.97,792.73,No,Region2_Suburban_Cohort
REG2-01179,Female,0,Yes,Yes,2,Yes,Yes,DSL,No,No,No,No,Yes,Yes,Month-to-month,Yes,Electronic check,88.89,180.56,Yes,Region2_Suburban_Cohort
REG2-01180,Female,0,Yes,Yes,3,Yes,No,DSL,Yes,No,No,Yes,No,No,Month-to-month,Yes,Credit card (automatic),65.99,193.62,Yes,Region2_Suburban_Cohort
REG2-01181,Male,0,Yes,Yes,5,Yes,Yes,Fiber optic,Yes,No,No,No,No,Yes,Month-to-month,Yes,Electronic check,107.15,559.9,Yes,Region2_Suburban_Cohort
REG2-01182,Female,1,Yes,No,41,Yes,No,DSL,Yes,No,Yes,Yes,No,No,Two year,Yes,Bank transfer (automatic),75.1,2992.95,No,Region2_Suburban_Cohort
REG2-01183,Female,0,No,No,20,Yes,No,Fiber optic,No,Yes,Yes,No,No,No,One year,No,Credit card (automatic),92.37,1898.93,Yes,Region2_Suburban_Cohort
REG2-01184,Male,0,Yes,No,1,Yes,No,No,No internet service,No internet service,No internet service,No internet service,No internet service,No internet service,Month-to-month,Yes,Electronic check,32.09,31.66,Yes,Region2_Suburban_Cohort
REG2-01185,Female,0,Yes,No,31,Yes,Yes,DSL,No,No,No,Yes,No,No,Month-to-month,No,Electronic check,73.49,2354.15,Yes,Region2_Suburban_Cohort
REG2-01186,Female,0,Yes,Yes,15,Yes,No,No,No internet service,No internet service,No internet service,No internet service,No internet service,No internet service,Month-to-month,Yes,Mailed check,30.84,482.17,No,Region2_Suburban_Cohort
REG2-01187,Male,0,No,No,20,Yes,Yes,DSL,No,No,Yes,No,Yes,No,Two year,No,Electronic check,88.82,1720.8,No,Region2_Suburban_Cohort
REG2-01188,Male,0,No,No,6,Yes,Yes,Fiber optic,No,Yes,No,Yes,No,No,Month-to-month,Yes,Bank transfer (automatic),106.76,640.01,No,Region2_Suburban_Cohort
REG2-01189,Female,1,Yes,No,22,Yes,No,Fiber optic,No,No,No,Yes,Yes,No,Two year,Yes,Electronic check,94.03,1997.16,Yes,Region2_Suburban_Cohort
REG2-01190,Male,0,No,No,72,Yes,No,No,No internet service,No internet service,No internet service,No internet service,No internet service,No internet service,Two year,No,Credit card (automatic),26.47,1945.07,No,Region2_Suburban_Cohort
REG2-01191,Female,0,Yes,No,2,Yes,No,Fiber optic,No,No,Yes,Yes,No,Yes,One year,No,Credit card (automatic),100.74,208.17,No,Region2_Suburban_Cohort
REG2-01192,Male,0,Yes,No,9,Yes,No,Fiber optic,No,No,No,Yes,No,Yes,Month-to-month,Yes,Credit card (automatic),90.85,808.61,Yes,Region2_Suburban_Cohort
REG2-01193,Female,0,Yes,No,7,Yes,No,DSL,Yes,No,Yes,Yes,Yes,No,Month-to-month,Yes,Electronic check,92.19,638.67,Yes,Region2_Suburban_Cohort
REG2-01194,Male,0,Yes,Yes,8,Yes,Yes,Fiber optic,No,No,No,No,Yes,Yes,Two year,No,Electronic check,102.95,799.21,Yes,Region2_Suburban_Cohort
REG2-01195,Female,1,Yes,Yes,13,Yes,Yes,DSL,No,Yes,No,Yes,No,No,Month-to-month,Yes,Electronic check,80.49,1026.13,Yes,Region2_Suburban_Cohort
REG2-01196,Female,0,No,No,47,Yes,No,DSL,No,No,Yes,Yes,Yes,No,Two year,No,Bank transfer (automatic),83.03,3833.69,No,Region2_Suburban_Cohort
REG2-01197,Female,0,Yes,No,68,Yes,Yes,DSL,Yes,Yes,No,No,Yes,No,One year,No,Electronic check,92.3,6060.22,No,Region2_Suburban_Cohort
REG2-01198,Female,0,No,No,6,Yes,No,No,No internet service,No internet service,No internet service,No internet service,No internet service,No internet service,Month-to-month,Yes,Credit card (automatic),27.85,163.92,No,Region2_Suburban_Cohort
REG2-01199,Male,1,Yes,Yes,21,Yes,Yes,Fiber optic,No,Yes,No,Yes,Yes,Yes,Two year,No,Mailed check,129.07,2820.86,No,Region2_Suburban_Cohort
REG2-01200,Female,0,Yes,Yes,28,Yes,Yes,Fiber optic,No,Yes,No,No,Yes,No,One year,Yes,Bank transfer (automatic),104.2,2866.65,No,Region2_Suburban_Cohort
REG2-01201,Male,0,Yes,No,20,Yes,Yes,Fiber optic,Yes,No,No,Yes,Yes,Yes,One year,No,Mailed check,125.86,2460.42,Yes,Region2_Suburban_Cohort
REG2-01202,Male,0,No,No,15,Yes,No,No,No internet service,No internet service,No internet service,No internet service,No internet service,No internet service,One year,Yes,Mailed check,32.32,479.21,No,Region2_Suburban_Cohort
REG2-01203,Male,0,Yes,Yes,5,Yes,No,Fiber optic,Yes,No,No,Yes,No,No,Month-to-month,Yes,Electronic check,90.07,471.08,Yes,Region2_Suburban_Cohort
REG2-01204,Male,0,No,No,18,Yes,Yes,Fiber optic,Yes,No,No,Yes,No,No,One year,No,Electronic check,109.01,2014.1,Yes,Region2_Suburban_Cohort
REG2-01205,Female,0,Yes,No,14,Yes,Yes,DSL,Yes,No,No,Yes,No,Yes,Two year,Yes,Mailed check,97.74,1327.55,No,Region2_Suburban_Cohort
REG2-01206,Female,0,Yes,No,44,Yes,No,Fiber optic,No,Yes,No,No,No,Yes,Two year,No,Bank transfer (automatic),97.87,4415.04,No,Region2_Suburban_Cohort
REG2-01207,Male,0,Yes,No,40,Yes,Yes,No,No internet service,No internet service,No internet service,No internet service,No internet service,No internet service,Two year,Yes,Electronic check,38.53,1582.23,No,Region2_Suburban_Cohort
REG2-01208,Male,1,Yes,Yes,4,No,No phone service,No,No internet service,No internet service,No internet service,No internet service,No internet service,No internet service,Month-to-month,Yes,Credit card (automatic),19.75,82.56,No,Region2_Suburban_Cohort
REG2-01209,Female,0,Yes,No,2,Yes,No,DSL,No,Yes,No,Yes,No,Yes,Month-to-month,Yes,Credit card (automatic),82.29,171.02,Yes,Region2_Suburban_Cohort
REG2-01210,Male,0,Yes,No,66,Yes,No,DSL,No,No,No,No,Yes,No,Month-to-month,No,Electronic check,65.98,4178.4,No,Region2_Suburban_Cohort
REG2-01211,Male,0,No,No,21,Yes,No,Fiber optic,No,No,No,No,No,Yes,Month-to-month,Yes,Bank transfer (automatic),85.66,1790.69,Yes,Region2_Suburban_Cohort
REG2-01212,Male,0,Yes,No,54,No,No phone service,DSL,No,Yes,No,No,No,No,One year,No,Mailed check,52.66,2901.36,No,Region2_Suburban_Cohort
REG2-01213,Female,0,No,No,1,Yes,No,DSL,No,Yes,Yes,No,Yes,No,Month-to-month,Yes,Electronic check,77.0,80.64,Yes,Region2_Suburban_Cohort
REG2-01214,Female,0,Yes,Yes,20,Yes,Yes,Fiber optic,Yes,Yes,No,No,Yes,Yes,Month-to-month,Yes,Credit card (automatic),124.68,2390.15,Yes,Region2_Suburban_Cohort
REG2-01215,Male,0,Yes,Yes,21,Yes,No,Fiber optic,Yes,Yes,Yes,No,No,Yes,Month-to-month,No,Credit card (automatic),115.21,2387.53,Yes,Region2_Suburban_Cohort
REG2-01216,Male,0,No,No,55,Yes,No,No,No internet service,No internet service,No internet service,No internet service,No internet service,No internet service,One year,Yes,Bank transfer (automatic),28.66,1575.07,No,Region2_Suburban_Cohort
REG2-01217,Female,1,Yes,No,2,Yes,No,Fiber optic,Yes,No,No,Yes,Yes,Yes,Month-to-month,Yes,Credit card (automatic),113.37,224.77,Yes,Region2_Suburban_Cohort
REG2-01218,Female,0,Yes,Yes,7,Yes,Yes,DSL,Yes,No,No,No,No,Yes,Month-to-month,No,Bank transfer (automatic),86.84,605.19,Yes,Region2_Suburban_Cohort
REG2-01219,Male,1,No,No,14,No,No phone service,Fiber optic,No,Yes,Yes,No,Yes,Yes,Month-to-month,Yes,Bank transfer (automatic),105.08,1451.86,Yes,Region2_Suburban_Cohort
REG2-01220,Female,0,No,No,56,No,No phone service,Fiber optic,No,Yes,No,Yes,No,Yes,Two year,No,Mailed check,87.37,5122.98,No,Region2_Suburban_Cohort
REG2-01221,Male,0,Yes,No,72,Yes,No,DSL,No,Yes,No,No,Yes,Yes,Two year,No,Electronic check,87.35,6479.92,No,Region2_Suburban_Cohort
REG2-01222,Male,0,Yes,No,72,No,No phone service,Fiber optic,Yes,No,No,Yes,No,No,Month-to-month,Yes,Electronic check,82.37,6070.99,Yes,Region2_Suburban_Cohort
REG2-01223,Female,0,No,No,72,Yes,No,DSL,Yes,No,No,No,Yes,Yes,Two year,No,Mailed check,88.47,6312.96,No,Region2_Suburban_Cohort
REG2-01224,Male,0,Yes,No,1,Yes,No,Fiber optic,Yes,No,No,Yes,Yes,Yes,Month-to-month,No,Bank transfer (automatic),112.65,116.95,Yes,Region2_Suburban_Cohort
REG2-01225,Female,0,No,No,1,Yes,Yes,Fiber optic,No,Yes,No,No,No,No,Month-to-month,No,Mailed check,98.85,94.83,Yes,Region2_Suburban_Cohort
REG2-01226,Male,1,Yes,Yes,4,Yes,Yes,No,No internet service,No internet service,No internet service,No internet service,No internet service,No internet service,Month-to-month,Yes,Bank transfer (automatic),45.57,175.78,Yes,Region2_Suburban_Cohort
REG2-01227,Male,1,Yes,No,12,Yes,No,DSL,Yes,No,No,No,Yes,Yes,Two year,No,Electronic check,90.35,1133.43,Yes,Region2_Suburban_Cohort
REG2-01228,Female,0,No,No,49,Yes,No,No,No internet service,No internet service,No internet service,No internet service,No internet service,No internet service,Two year,No,Mailed check,31.97,1577.02,No,Region2_Suburban_Cohort
REG2-01229,Male,0,No,No,62,Yes,Yes,No,No internet service,No internet service,No internet service,No internet service,No internet service,No internet service,One year,Yes,Mailed check,41.13,2463.22,No,Region2_Suburban_Cohort
REG2-01230,Female,0,Yes,No,5,Yes,No,No,No internet service,No internet service,No internet service,No internet service,No internet service,No internet service,One year,Yes,Electronic check,30.01,156.79,No,Region2_Suburban_Cohort
REG2-01231,Male,0,Yes,Yes,27,Yes,Yes,No,No internet service,No internet service,No internet service,No internet service,No internet service,No internet service,One year,Yes,Credit card (automatic),45.56,1288.53,No,Region2_Suburban_Cohort
REG2-01232,Male,0,No,No,69,Yes,Yes,Fiber optic,No,No,No,No,No,Yes,Two year,No,Bank transfer (automatic),93.3,6683.29,No,Region2_Suburban_Cohort
REG2-01233,Male,1,No,No,17,No,No phone service,No,No internet service,No internet service,No internet service,No internet service,No internet service,No internet service,Two year,No,Electronic check,18.17,300.81,No,Region2_Suburban_Cohort
REG2-01234,Female,0,Yes,Yes,3,Yes,Yes,Fiber optic,No,No,No,No,Yes,Yes,Month-to-month,Yes,Bank transfer (automatic),112.15,329.0,No,Region2_Suburban_Cohort
REG2-01235,Male,0,No,No,17,Yes,Yes,Fiber optic,No,Yes,No,No,Yes,No,Month-to-month,No,Mailed check,106.43,1792.48,Yes,Region2_Suburban_Cohort
REG2-01236,Female,0,No,No,13,Yes,Yes,Fiber optic,No,No,Yes,No,No,No,One year,Yes,Mailed check,94.0,1231.69,Yes,Region2_Suburban_Cohort
REG2-01237,Male,0,No,No,24,Yes,Yes,Fiber optic,No,No,No,No,No,No,One year,Yes,Credit card (automatic),91.07,2293.26,No,Region2_Suburban_Cohort
REG2-01238,Female,0,No,No,16,Yes,Yes,DSL,Yes,No,Yes,No,Yes,Yes,Month-to-month,Yes,Bank transfer (automatic),109.09,1825.06,Yes,Region2_Suburban_Cohort
REG2-01239,Male,0,Yes,Yes,1,Yes,No,Fiber optic,No,Yes,No,No,No,No,Month-to-month,Yes,Credit card (automatic),85.4,89.0,Yes,Region2_Suburban_Cohort
REG2-01240,Female,0,No,No,72,Yes,No,Fiber optic,Yes,No,No,Yes,Yes,Yes,Month-to-month,Yes,Credit card (automatic),113.07,7806.67,Yes,Region2_Suburban_Cohort
REG2-01241,Female,0,No,No,21,Yes,No,DSL,No,No,No,No,No,Yes,Month-to-month,No,Electronic check,65.61,1413.24,Yes,Region2_Suburban_Cohort
REG2-01242,Female,0,Yes,Yes,17,Yes,Yes,Fiber optic,No,Yes,No,No,Yes,Yes,Month-to-month,Yes,Electronic check,120.0,2116.88,Yes,Region2_Suburban_Cohort
REG2-01243,Female,1,Yes,No,72,No,No phone service,DSL,No,No,No,No,No,Yes,Two year,Yes,Mailed check,58.08,4112.04,Yes,Region2_Suburban_Cohort
REG2-01244,Female,0,Yes,No,4,Yes,Yes,Fiber optic,Yes,No,No,No,Yes,Yes,Month-to-month,No,Bank transfer (automatic),123.62,480.61,Yes,Region2_Suburban_Cohort
REG2-01245,Female,0,No,No,5,Yes,No,Fiber optic,Yes,No,No,Yes,Yes,Yes,Month-to-month,No,Credit card (automatic),115.93,594.05,Yes,Region2_Suburban_Cohort
REG2-01246,Male,0,Yes,Yes,46,Yes,No,Fiber optic,No,No,Yes,Yes,Yes,No,Two year,No,Credit card (automatic),107.15,4727.23,No,Region2_Suburban_Cohort
REG2-01247,Male,0,No,No,8,Yes,Yes,Fiber optic,No,No,No,Yes,No,Yes,Month-to-month,Yes,Mailed check,108.63,907.35,Yes,Region2_Suburban_Cohort
REG2-01248,Female,0,No,No,44,Yes,Yes,DSL,No,No,No,No,No,No,One year,No,Bank transfer (automatic),66.43,2822.39,No,Region2_Suburban_Cohort
REG2-01249,Female,0,No,No,8,Yes,No,DSL,Yes,No,No,No,No,No,Month-to-month,Yes,Bank transfer (automatic),61.06,486.41,No,Region2_Suburban_Cohort
REG2-01250,Female,0,No,No,1,Yes,No,Fiber optic,No,Yes,No,No,Yes,No,Month-to-month,Yes,Electronic check,97.01,101.69,Yes,Region2_Suburban_Cohort
REG2-01251,Male,0,No,No,20,Yes,Yes,Fiber optic,Yes,Yes,No,No,Yes,No,One year,No,Electronic check,114.08,2392.99,No,Region2_Suburban_Cohort
REG2-01252,Male,0,Yes,No,6,Yes,No,Fiber optic,No,No,No,No,No,No,Month-to-month,Yes,Bank transfer (automatic),74.72,460.69,No,Region2_Suburban_Cohort
REG2-01253,Male,0,No,No,39,Yes,No,No,No internet service,No internet service,No internet service,No internet service,No internet service,No internet service,One year,No,Bank transfer (automatic),27.94,1126.62,No,Region2_Suburban_Cohort
REG2-01254,Female,1,Yes,Yes,28,Yes,No,Fiber optic,Yes,Yes,Yes,No,Yes,Yes,Month-to-month,No,Bank transfer (automatic),123.01,3605.19,No,Region2_Suburban_Cohort
REG2-01255,Male,1,No,No,72,Yes,Yes,DSL,No,No,No,Yes,Yes,Yes,Two year,Yes,Electronic check,100.48,7543.79,No,Region2_Suburban_Cohort
REG2-01256,Male,0,Yes,No,42,Yes,No,DSL,Yes,Yes,No,Yes,No,Yes,Two year,No,Electronic check,89.99,3825.73,No,Region2_Suburban_Cohort
REG2-01257,Male,0,No,No,5,Yes,Yes,Fiber optic,Yes,No,No,No,No,No,Month-to-month,Yes,Bank transfer (automatic),93.22,477.04,Yes,Region2_Suburban_Cohort
REG2-01258,Male,0,No,No,45,Yes,No,No,No internet service,No internet service,No internet service,No internet service,No internet service,No internet service,Two year,Yes,Credit card (automatic),30.17,1370.38,No,Region2_Suburban_Cohort
REG2-01259,Female,1,No,No,28,Yes,No,DSL,No,No,No,Yes,No,No,Month-to-month,No,Credit card (automatic),64.17,1797.93,Yes,Region2_Suburban_Cohort
REG2-01260,Male,0,Yes,No,30,Yes,No,DSL,No,No,No,No,No,Yes,One year,No,Mailed check,66.98,2085.92,No,Region2_Suburban_Cohort
REG2-01261,Female,1,Yes,Yes,49,Yes,No,Fiber optic,Yes,No,No,Yes,No,No,One year,Yes,Credit card (automatic),95.73,4802.42,No,Region2_Suburban_Cohort
REG2-01262,Male,0,No,No,23,Yes,Yes,DSL,Yes,No,No,No,No,Yes,Month-to-month,No,Electronic check,87.25,2078.96,Yes,Region2_Suburban_Cohort
REG2-01263,Male,0,Yes,Yes,17,Yes,Yes,Fiber optic,No,No,No,No,No,No,One year,Yes,Credit card (automatic),88.29,1440.28,No,Region2_Suburban_Cohort
REG2-01264,Male,0,No,No,28,Yes,No,Fiber optic,Yes,No,Yes,No,No,No,One year,Yes,Mailed check,93.21,2629.84,No,Region2_Suburban_Cohort
REG2-01265,Male,1,Yes,No,9,Yes,No,DSL,No,No,No,No,No,No,Month-to-month,No,Credit card (automatic),55.99,495.32,Yes,Region2_Suburban_Cohort
REG2-01266,Male,1,No,No,5,Yes,Yes,No,No internet service,No internet service,No internet service,No internet service,No internet service,No internet service,Month-to-month,Yes,Electronic check,39.58,198.17,Yes,Region2_Suburban_Cohort
REG2-01267,Male,0,Yes,Yes,26,Yes,No,Fiber optic,No,Yes,No,No,Yes,No,Month-to-month,No,Credit card (automatic),92.93,2443.47,Yes,Region2_Suburban_Cohort
REG2-01268,Female,0,No,No,7,Yes,Yes,DSL,No,No,Yes,No,No,No,Month-to-month,No,Bank transfer (automatic),72.24,523.16,Yes,Region2_Suburban_Cohort
REG2-01269,Male,0,No,No,2,Yes,Yes,DSL,No,No,No,No,No,Yes,Month-to-month,No,Electronic check,75.7,144.31,No,Region2_Suburban_Cohort
REG2-01270,Female,0,Yes,Yes,1,Yes,Yes,Fiber optic,No,No,No,Yes,No,No,Month-to-month,Yes,Mailed check,95.68,92.46,Yes,Region2_Suburban_Cohort
REG2-01271,Female,0,Yes,Yes,26,Yes,No,Fiber optic,No,No,Yes,No,No,No,Two year,No,Electronic check,86.1,2332.94,Yes,Region2_Suburban_Cohort
REG2-01272,Female,0,Yes,Yes,12,Yes,Yes,Fiber optic,Yes,Yes,No,Yes,No,Yes,Month-to-month,No,Mailed check,124.79,1567.45,Yes,Region2_Suburban_Cohort
REG2-01273,Male,0,No,No,39,Yes,No,DSL,No,No,No,No,Yes,Yes,Two year,Yes,Electronic check,80.76,3009.61,No,Region2_Suburban_Cohort
REG2-01274,Male,0,No,No,13,Yes,Yes,DSL,No,No,No,Yes,No,Yes,Month-to-month,No,Mailed check,84.44,1079.25,Yes,Region2_Suburban_Cohort
REG2-01275,Male,1,No,No,18,Yes,Yes,Fiber optic,No,No,Yes,Yes,Yes,Yes,One year,Yes,Credit card (automatic),128.23,2194.98,Yes,Region2_Suburban_Cohort
REG2-01276,Male,0,Yes,Yes,14,Yes,No,DSL,Yes,No,No,No,Yes,No,One year,Yes,Credit card (automatic),76.32,1095.99,No,Region2_Suburban_Cohort
REG2-01277,Female,0,Yes,No,29,Yes,No,DSL,No,No,Yes,No,Yes,No,Month-to-month,Yes,Electronic check,79.19,2338.29,Yes,Region2_Suburban_Cohort
REG2-01278,Male,0,Yes,No,12,Yes,Yes,DSL,Yes,Yes,No,No,No,Yes,Month-to-month,No,Electronic check,95.84,1157.53,No,Region2_Suburban_Cohort
REG2-01279,Male,0,Yes,No,72,Yes,Yes,Fiber optic,No,No,No,No,No,Yes,Two year,Yes,Mailed check,103.35,7583.82,No,Region2_Suburban_Cohort
REG2-01280,Female,0,Yes,Yes,72,Yes,No,DSL,Yes,Yes,No,No,No,Yes,Month-to-month,Yes,Electronic check,83.31,6020.99,Yes,Region2_Suburban_Cohort
REG2-01281,Female,0,No,No,52,Yes,Yes,No,No internet service,No internet service,No internet service,No internet service,No internet service,No internet service,Two year,Yes,Credit card (automatic),43.12,2183.68,No,Region2_Suburban_Cohort
REG2-01282,Female,0,No,No,70,Yes,No,Fiber optic,No,Yes,No,Yes,No,No,One year,Yes,Mailed check,93.91,6740.89,No,Region2_Suburban_Cohort
REG2-01283,Male,0,Yes,No,16,Yes,Yes,Fiber optic,Yes,Yes,No,Yes,No,No,One year,Yes,Bank transfer (automatic),111.63,1836.68,Yes,Region2_Suburban_Cohort
REG2-01284,Male,0,No,No,21,Yes,Yes,DSL,Yes,No,No,No,No,Yes,One year,No,Electronic check,83.21,1809.3,No,Region2_Suburban_Cohort
REG2-01285,Female,0,No,No,37,Yes,No,Fiber optic,No,No,No,Yes,Yes,Yes,One year,Yes,Bank transfer (automatic),104.52,4042.84,No,Region2_Suburban_Cohort
REG2-01286,Male,1,Yes,No,33,Yes,No,No,No internet service,No internet service,No internet service,No internet service,No internet service,No internet service,Month-to-month,No,Credit card (automatic),36.66,1239.73,Yes,Region2_Suburban_Cohort
REG2-01287,Male,1,Yes,No,61,No,No phone service,Fiber optic,No,No,No,Yes,Yes,Yes,Two year,Yes,Mailed check,97.25,5668.0,No,Region2_Suburban_Cohort
REG2-01288,Male,0,Yes,Yes,35,No,No phone service,Fiber optic,No,No,No,No,Yes,No,Month-to-month,Yes,Credit card (automatic),78.74,2623.85,Yes,Region2_Suburban_Cohort
REG2-01289,Male,0,Yes,No,72,Yes,Yes,Fiber optic,No,Yes,Yes,No,Yes,No,Month-to-month,No,Electronic check,112.34,8282.5,Yes,Region2_Suburban_Cohort
REG2-01290,Male,0,No,No,11,Yes,Yes,Fiber optic,No,No,No,Yes,Yes,No,Month-to-month,Yes,Electronic check,107.85,1133.68,Yes,Region2_Suburban_Cohort
REG2-01291,Male,1,No,No,50,Yes,Yes,Fiber optic,No,No,No,No,Yes,No,One year,Yes,Credit card (automatic),102.33,5022.33,Yes,Region2_Suburban_Cohort
REG2-01292,Female,0,Yes,No,33,Yes,No,DSL,No,No,No,Yes,Yes,No,Month-to-month,No,Bank transfer (automatic),70.33,2236.45,Yes,Region2_Suburban_Cohort
REG2-01293,Female,0,Yes,Yes,32,No,No phone service,Fiber optic,No,No,No,No,Yes,Yes,One year,Yes,Electronic check,89.52,2998.96,Yes,Region2_Suburban_Cohort
REG2-01294,Female,0,No,No,11,Yes,No,No,No internet service,No internet service,No internet service,No internet service,No internet service,No internet service,Month-to-month,Yes,Mailed check,30.5,329.34,Yes,Region2_Suburban_Cohort
REG2-01295,Male,0,No,No,43,Yes,Yes,DSL,Yes,No,No,Yes,Yes,Yes,One year,Yes,Mailed check,107.81,4429.6,No,Region2_Suburban_Cohort
REG2-01296,Male,0,No,No,64,Yes,Yes,DSL,Yes,No,Yes,No,Yes,No,Two year,Yes,Bank transfer (automatic),100.29,6707.14,No,Region2_Suburban_Cohort
REG2-01297,Male,0,No,No,6,Yes,Yes,Fiber optic,No,No,No,Yes,Yes,Yes,One year,Yes,Credit card (automatic),118.34,717.76,No,Region2_Suburban_Cohort
REG2-01298,Female,0,Yes,Yes,27,Yes,Yes,DSL,No,No,No,No,No,Yes,One year,No,Electronic check,77.82,2003.67,Yes,Region2_Suburban_Cohort
REG2-01299,Female,0,No,No,13,No,No phone service,Fiber optic,Yes,No,No,Yes,Yes,No,One year,Yes,Bank transfer (automatic),92.56,1243.39,Yes,Region2_Suburban_Cohort
REG2-01300,Male,0,No,No,72,Yes,Yes,Fiber optic,Yes,No,Yes,Yes,No,No,One year,Yes,Mailed check,116.92,8125.73,No,Region2_Suburban_Cohort
REG2-01301,Female,0,Yes,Yes,18,Yes,No,No,No internet service,No internet service,No internet service,No internet service,No internet service,No internet service,One year,No,Bank transfer (automatic),30.4,563.75,No,Region2_Suburban_Cohort
REG2-01302,Male,1,No,No,7,Yes,Yes,Fiber optic,No,Yes,Yes,No,Yes,No,Month-to-month,Yes,Mailed check,116.45,823.53,Yes,Region2_Suburban_Cohort
REG2-01303,Female,0,Yes,No,13,Yes,Yes,Fiber optic,No,Yes,Yes,No,No,No,One year,Yes,Mailed check,97.26,1223.56,Yes,Region2_Suburban_Cohort
REG2-01304,Female,1,Yes,No,29,Yes,No,DSL,Yes,No,Yes,Yes,No,No,Two year,Yes,Electronic check,79.28,2357.2,No,Region2_Suburban_Cohort
REG2-01305,Female,0,Yes,Yes,2,Yes,Yes,DSL,Yes,No,No,No,No,No,Month-to-month,Yes,Mailed check,74.57,148.46,Yes,Region2_Suburban_Cohort
REG2-01306,Female,0,Yes,No,25,No,No phone service,Fiber optic,No,No,No,No,Yes,Yes,Month-to-month,Yes,Electronic check,89.23,2261.56,Yes,Region2_Suburban_Cohort
REG2-01307,Female,1,Yes,Yes,72,Yes,Yes,DSL,No,No,Yes,Yes,No,Yes,Month-to-month,Yes,Electronic check,94.2,7033.02,Yes,Region2_Suburban_Cohort
REG2-01308,Male,0,Yes,Yes,53,Yes,Yes,DSL,No,Yes,No,Yes,No,No,Two year,No,Mailed check,79.77,4126.47,No,Region2_Suburban_Cohort
REG2-01309,Female,1,Yes,Yes,1,Yes,Yes,DSL,No,Yes,Yes,Yes,No,No,One year,Yes,Electronic check,90.32,89.11,Yes,Region2_Suburban_Cohort
REG2-01310,Male,0,Yes,No,72,Yes,No,Fiber optic,Yes,No,No,No,Yes,No,One year,No,Bank transfer (automatic),98.77,7465.07,Yes,Region2_Suburban_Cohort
REG2-01311,Female,1,Yes,No,33,No,No phone service,No,No internet service,No internet service,No internet service,No internet service,No internet service,No internet service,Month-to-month,Yes,Electronic check,20.31,670.77,No,Region2_Suburban_Cohort
REG2-01312,Female,0,Yes,Yes,4,Yes,No,Fiber optic,No,No,No,No,Yes,Yes,Month-to-month,Yes,Mailed check,94.51,380.25,Yes,Region2_Suburban_Cohort
REG2-01313,Female,0,No,No,1,Yes,Yes,DSL,No,No,No,Yes,No,No,Month-to-month,Yes,Credit card (automatic),72.06,70.51,No,Region2_Suburban_Cohort
REG2-01314,Male,0,Yes,Yes,5,Yes,Yes,Fiber optic,No,Yes,No,No,No,No,Month-to-month,Yes,Electronic check,95.7,474.48,Yes,Region2_Suburban_Cohort
REG2-01315,Female,1,Yes,No,50,Yes,Yes,DSL,Yes,Yes,No,No,Yes,No,One year,Yes,Mailed check,92.35,4618.22,No,Region2_Suburban_Cohort
REG2-01316,Female,1,No,No,1,Yes,No,Fiber optic,No,No,Yes,No,No,No,Month-to-month,No,Bank transfer (automatic),83.58,81.56,Yes,Region2_Suburban_Cohort
REG2-01317,Female,0,No,No,7,Yes,No,Fiber optic,No,No,Yes,Yes,Yes,Yes,Month-to-month,No,Electronic check,118.13,805.26,Yes,Region2_Suburban_Cohort
REG2-01318,Male,1,No,No,39,Yes,No,DSL,No,No,No,Yes,Yes,No,One year,Yes,Bank transfer (automatic),76.18,3000.87,No,Region2_Suburban_Cohort
REG2-01319,Male,0,Yes,Yes,24,Yes,Yes,Fiber optic,No,Yes,No,Yes,Yes,Yes,One year,Yes,Electronic check,124.55,2894.64,No,Region2_Suburban_Cohort
REG2-01320,Male,0,Yes,No,42,No,No phone service,Fiber optic,No,Yes,Yes,Yes,Yes,No,Two year,Yes,Electronic check,101.43,4282.83,No,Region2_Suburban_Cohort
REG2-01321,Male,0,No,No,38,Yes,Yes,DSL,Yes,No,Yes,No,Yes,Yes,Month-to-month,No,Credit card (automatic),108.86,4221.98,Yes,Region2_Suburban_Cohort
REG2-01322,Female,0,Yes,Yes,1,Yes,No,DSL,Yes,Yes,No,No,No,Yes,Month-to-month,Yes,Electronic check,81.18,78.73,No,Region2_Suburban_Cohort
REG2-01323,Male,0,Yes,No,62,Yes,No,Fiber optic,No,Yes,No,No,No,Yes,Two year,Yes,Mailed check,92.3,5863.31,No,Region2_Suburban_Cohort
REG2-01324,Female,0,Yes,No,7,Yes,No,Fiber optic,Yes,Yes,Yes,Yes,Yes,Yes,One year,Yes,Electronic check,130.78,902.61,Yes,Region2_Suburban_Cohort
REG2-01325,Male,0,No,No,22,Yes,Yes,No,No internet service,No internet service,No internet service,No internet service,No internet service,No internet service,One year,Yes,Electronic check,45.88,1059.07,No,Region2_Suburban_Cohort
REG2-01326,Male,0,Yes,Yes,28,Yes,No,DSL,No,No,No,Yes,Yes,No,One year,Yes,Electronic check,72.54,2128.43,No,Region2_Suburban_Cohort
REG2-01327,Female,0,No,No,5,Yes,No,Fiber optic,No,Yes,No,No,Yes,Yes,Month-to-month,No,Electronic check,105.91,545.36,Yes,Region2_Suburban_Cohort
REG2-01328,Female,0,No,No,72,Yes,No,DSL,Yes,No,No,Yes,No,Yes,One year,Yes,Bank transfer (automatic),80.02,5670.82,No,Region2_Suburban_Cohort
REG2-01329,Male,0,Yes,Yes,18,Yes,Yes,DSL,No,Yes,No,Yes,No,No,One year,Yes,Bank transfer (automatic),81.12,1524.0,Yes,Region2_Suburban_Cohort
REG2-01330,Female,0,No,No,1,Yes,No,Fiber optic,Yes,Yes,No,No,No,No,Month-to-month,No,Mailed check,90.67,95.19,Yes,Region2_Suburban_Cohort
REG2-01331,Female,0,No,No,72,Yes,Yes,Fiber optic,No,Yes,No,No,No,Yes,One year,Yes,Bank transfer (automatic),106.63,7648.4,No,Region2_Suburban_Cohort
REG2-01332,Male,0,No,No,24,Yes,No,Fiber optic,No,No,No,No,No,No,Month-to-month,No,Credit card (automatic),68.12,1653.61,Yes,Region2_Suburban_Cohort
REG2-01333,Female,0,Yes,No,33,Yes,Yes,No,No internet service,No internet service,No internet service,No internet service,No internet service,No internet service,Month-to-month,Yes,Credit card (automatic),41.42,1299.34,No,Region2_Suburban_Cohort
REG2-01334,Female,0,No,No,20,Yes,No,Fiber optic,No,Yes,No,No,Yes,No,Month-to-month,Yes,Mailed check,99.41,1897.45,Yes,Region2_Suburban_Cohort
REG2-01335,Female,0,Yes,Yes,50,Yes,No,Fiber optic,Yes,Yes,No,No,No,No,Two year,Yes,Credit card (automatic),91.36,4568.27,No,Region2_Suburban_Cohort
REG2-01336,Male,0,No,No,1,Yes,Yes,No,No internet service,No internet service,No internet service,No internet service,No internet service,No internet service,One year,Yes,Mailed check,41.39,41.84,No,Region2_Suburban_Cohort
REG2-01337,Female,0,Yes,No,8,Yes,No,Fiber optic,Yes,Yes,No,No,Yes,No,Month-to-month,Yes,Credit card (automatic),101.58,797.39,No,Region2_Suburban_Cohort
REG2-01338,Male,0,Yes,Yes,17,No,No phone service,DSL,No,No,No,Yes,Yes,No,Month-to-month,Yes,Bank transfer (automatic),62.69,1023.01,No,Region2_Suburban_Cohort
REG2-01339,Male,0,No,No,2,Yes,Yes,Fiber optic,No,Yes,No,No,Yes,No,Two year,Yes,Credit card (automatic),107.27,220.6,Yes,Region2_Suburban_Cohort
REG2-01340,Male,1,No,No,34,No,No phone service,DSL,Yes,Yes,No,Yes,Yes,No,One year,No,Mailed check,82.13,2769.73,Yes,Region2_Suburban_Cohort
REG2-01341,Male,1,No,No,14,No,No phone service,Fiber optic,No,No,Yes,No,No,Yes,Two year,Yes,Bank transfer (automatic),89.35,1269.52,No,Region2_Suburban_Cohort
REG2-01342,Female,0,Yes,No,8,Yes,Yes,Fiber optic,No,No,No,Yes,Yes,No,Month-to-month,No,Mailed check,105.15,853.83,Yes,Region2_Suburban_Cohort
REG2-01343,Female,0,Yes,No,1,Yes,Yes,DSL,No,No,No,No,Yes,Yes,Month-to-month,Yes,Credit card (automatic),94.24,94.68,Yes,Region2_Suburban_Cohort
REG2-01344,Female,0,No,No,35,Yes,Yes,DSL,Yes,No,No,No,No,No,One year,No,Credit card (automatic),78.15,2647.31,Yes,Region2_Suburban_Cohort
REG2-01345,Male,0,No,No,50,Yes,No,DSL,No,No,Yes,Yes,No,No,Month-to-month,Yes,Electronic check,69.99,3540.12,No,Region2_Suburban_Cohort
REG2-01346,Male,1,No,No,14,Yes,Yes,DSL,No,No,No,No,No,No,Month-to-month,Yes,Mailed check,65.17,896.15,Yes,Region2_Suburban_Cohort
REG2-01347,Male,0,Yes,No,23,Yes,No,DSL,Yes,Yes,No,No,Yes,No,Month-to-month,Yes,Electronic check,79.41,1884.72,Yes,Region2_Suburban_Cohort
REG2-01348,Female,0,Yes,Yes,7,No,No phone service,DSL,No,No,No,Yes,Yes,No,Month-to-month,No,Electronic check,65.08,441.58,Yes,Region2_Suburban_Cohort
REG2-01349,Male,0,No,No,27,Yes,No,DSL,Yes,Yes,No,Yes,No,Yes,Two year,No,Credit card (automatic),90.28,2386.65,No,Region2_Suburban_Cohort
REG2-01350,Female,1,No,No,1,No,No phone service,DSL,No,Yes,No,No,Yes,No,Month-to-month,Yes,Mailed check,67.68,67.28,Yes,Region2_Suburban_Cohort
REG2-01351,Female,0,Yes,No,18,Yes,No,DSL,Yes,No,No,No,No,Yes,One year,No,Mailed check,75.88,1398.62,Yes,Region2_Suburban_Cohort
REG2-01352,Male,0,No,No,28,Yes,No,DSL,Yes,Yes,No,No,Yes,Yes,One year,Yes,Bank transfer (automatic),90.05,2577.06,Yes,Region2_Suburban_Cohort
REG2-01353,Female,0,No,No,70,Yes,Yes,Fiber optic,Yes,Yes,No,No,No,No,One year,Yes,Bank transfer (automatic),102.84,7081.54,No,Region2_Suburban_Cohort
REG2-01354,Male,0,Yes,No,13,Yes,No,Fiber optic,No,No,No,No,Yes,Yes,One year,No,Electronic check,99.77,1298.4,Yes,Region2_Suburban_Cohort
REG2-01355,Female,0,Yes,Yes,40,Yes,Yes,Fiber optic,No,No,No,No,Yes,No,Month-to-month,Yes,Electronic check,98.42,3832.17,No,Region2_Suburban_Cohort
REG2-01356,Female,0,Yes,No,25,Yes,No,No,No internet service,No internet service,No internet service,No internet service,No internet service,No internet service,Month-to-month,Yes,Bank transfer (automatic),32.23,827.53,No,Region2_Suburban_Cohort
REG2-01357,Male,1,No,No,72,No,No phone service,DSL,No,No,No,No,Yes,Yes,Two year,Yes,Electronic check,67.59,4718.88,No,Region2_Suburban_Cohort
REG2-01358,Male,1,Yes,No,14,Yes,No,DSL,No,No,Yes,No,No,Yes,Month-to-month,No,Electronic check,77.59,1120.95,Yes,Region2_Suburban_Cohort
REG2-01359,Female,1,Yes,No,10,Yes,No,Fiber optic,Yes,Yes,Yes,Yes,Yes,Yes,Month-to-month,Yes,Electronic check,129.61,1352.72,Yes,Region2_Suburban_Cohort
REG2-01360,Female,0,No,No,61,Yes,Yes,Fiber optic,No,No,No,No,No,No,Two year,Yes,Credit card (automatic),86.17,5514.78,No,Region2_Suburban_Cohort
REG2-01361,Male,0,Yes,Yes,1,Yes,No,No,No internet service,No internet service,No internet service,No internet service,No internet service,No internet service,Month-to-month,Yes,Electronic check,34.87,36.11,Yes,Region2_Suburban_Cohort
REG2-01362,Female,0,Yes,No,4,Yes,No,No,No internet service,No internet service,No internet service,No internet service,No internet service,No internet service,Month-to-month,Yes,Credit card (automatic),26.71,103.87,No,Region2_Suburban_Cohort
REG2-01363,Female,0,Yes,No,2,Yes,No,Fiber optic,No,No,No,No,Yes,Yes,One year,Yes,Bank transfer (automatic),99.23,196.8,Yes,Region2_Suburban_Cohort
REG2-01364,Female,0,Yes,No,51,Yes,Yes,DSL,No,Yes,Yes,No,No,No,Month-to-month,No,Electronic check,83.87,4101.5,Yes,Region2_Suburban_Cohort
REG2-01365,Male,0,No,No,1,Yes,No,Fiber optic,No,No,Yes,No,No,No,Month-to-month,Yes,Bank transfer (automatic),81.46,78.73,No,Region2_Suburban_Cohort
REG2-01366,Female,0,Yes,Yes,55,Yes,Yes,Fiber optic,No,No,No,No,No,Yes,Two year,Yes,Mailed check,100.17,5261.26,Yes,Region2_Suburban_Cohort
REG2-01367,Female,0,No,No,16,Yes,No,DSL,No,No,No,No,Yes,Yes,Month-to-month,No,Credit card (automatic),80.84,1311.69,No,Region2_Suburban_Cohort
REG2-01368,Male,0,No,No,1,Yes,No,DSL,No,No,Yes,Yes,No,No,Month-to-month,Yes,Credit card (automatic),71.7,71.94,Yes,Region2_Suburban_Cohort
REG2-01369,Male,0,Yes,No,14,Yes,Yes,DSL,No,No,No,Yes,No,Yes,Month-to-month,Yes,Electronic check,87.49,1275.94,Yes,Region2_Suburban_Cohort
REG2-01370,Female,0,Yes,No,5,Yes,Yes,Fiber optic,No,No,No,No,No,No,Month-to-month,Yes,Credit card (automatic),88.31,439.92,Yes,Region2_Suburban_Cohort
REG2-01371,Male,0,Yes,Yes,27,Yes,No,Fiber optic,Yes,No,Yes,No,Yes,Yes,Month-to-month,No,Electronic check,113.12,3097.7,Yes,Region2_Suburban_Cohort
REG2-01372,Female,0,Yes,Yes,31,Yes,Yes,Fiber optic,No,Yes,Yes,No,No,Yes,One year,Yes,Electronic check,113.42,3481.42,Yes,Region2_Suburban_Cohort
REG2-01373,Male,0,No,No,18,Yes,Yes,Fiber optic,No,No,No,No,Yes,Yes,Two year,Yes,Electronic check,112.16,2085.39,Yes,Region2_Suburban_Cohort
REG2-01374,Male,0,No,No,1,Yes,No,DSL,Yes,Yes,No,No,No,No,Month-to-month,Yes,Bank transfer (automatic),70.08,73.07,Yes,Region2_Suburban_Cohort
REG2-01375,Female,0,Yes,No,29,Yes,No,Fiber optic,No,Yes,Yes,No,Yes,No,Two year,Yes,Electronic check,102.87,2962.86,No,Region2_Suburban_Cohort
REG2-01376,Male,0,Yes,No,51,Yes,No,Fiber optic,No,No,Yes,No,No,Yes,Month-to-month,Yes,Mailed check,88.69,4334.44,Yes,Region2_Suburban_Cohort
REG2-01377,Female,0,Yes,Yes,35,No,No phone service,Fiber optic,Yes,No,Yes,No,Yes,Yes,Month-to-month,No,Credit card (automatic),106.68,3608.17,Yes,Region2_Suburban_Cohort
REG2-01378,Male,0,No,No,49,Yes,Yes,DSL,Yes,Yes,Yes,Yes,Yes,Yes,Two year,No,Credit card (automatic),126.31,6325.69,No,Region2_Suburban_Cohort
REG2-01379,Female,1,Yes,No,6,Yes,Yes,DSL,No,No,Yes,Yes,No,No,One year,Yes,Credit card (automatic),84.53,498.32,No,Region2_Suburban_Cohort
REG2-01380,Male,0,Yes,No,61,Yes,No,DSL,No,Yes,No,No,No,Yes,One year,No,Electronic check,76.91,4825.4,No,Region2_Suburban_Cohort
REG2-01381,Male,0,Yes,Yes,10,Yes,No,Fiber optic,No,Yes,Yes,No,Yes,No,Month-to-month,Yes,Bank transfer (automatic),105.31,1079.4,No,Region2_Suburban_Cohort
REG2-01382,Female,0,No,No,1,Yes,No,Fiber optic,No,No,No,Yes,Yes,No,Month-to-month,No,Credit card (automatic),94.54,96.38,Yes,Region2_Suburban_Cohort
REG2-01383,Male,0,No,No,51,Yes,No,Fiber optic,No,No,No,No,Yes,No,One year,Yes,Electronic check,84.77,4459.11,Yes,Region2_Suburban_Cohort
REG2-01384,Female,0,Yes,No,72,Yes,Yes,Fiber optic,No,No,No,Yes,No,No,Two year,No,Credit card (automatic),96.3,7111.49,No,Region2_Suburban_Cohort
REG2-01385,Male,1,Yes,Yes,29,Yes,Yes,Fiber optic,Yes,No,Yes,No,No,No,One year,Yes,Electronic check,105.67,3105.06,No,Region2_Suburban_Cohort
REG2-01386,Female,0,No,No,7,Yes,No,Fiber optic,No,Yes,Yes,No,No,Yes,Month-to-month,Yes,Bank transfer (automatic),100.29,667.23,Yes,Region2_Suburban_Cohort
REG2-01387,Male,0,Yes,Yes,8,Yes,No,DSL,No,Yes,No,No,No,No,Month-to-month,Yes,Bank transfer (automatic),64.8,519.21,Yes,Region2_Suburban_Cohort
REG2-01388,Female,0,No,No,17,No,No phone service,No,No internet service,No internet service,No internet service,No internet service,No internet service,No internet service,Month-to-month,Yes,Credit card (automatic),20.72,355.6,Yes,Region2_Suburban_Cohort
REG2-01389,Male,0,Yes,Yes,63,Yes,No,Fiber optic,No,No,No,No,No,Yes,Two year,Yes,Mailed check,86.72,5715.03,No,Region2_Suburban_Cohort
REG2-01390,Male,0,No,No,4,Yes,No,DSL,No,No,No,No,No,Yes,Month-to-month,Yes,Credit card (automatic),66.34,269.35,Yes,Region2_Suburban_Cohort
REG2-01391,Male,0,Yes,Yes,48,Yes,No,Fiber optic,No,Yes,No,Yes,Yes,Yes,Two year,Yes,Electronic check,115.68,5594.55,No,Region2_Suburban_Cohort
REG2-01392,Male,0,No,No,9,Yes,No,DSL,Yes,Yes,No,Yes,No,Yes,Month-to-month,Yes,Mailed check,89.39,807.82,Yes,Region2_Suburban_Cohort
REG2-01393,Female,0,No,No,46,Yes,Yes,DSL,Yes,No,No,Yes,No,Yes,One year,Yes,Mailed check,102.57,4531.04,No,Region2_Suburban_Cohort
REG2-01394,Male,0,No,No,70,Yes,No,No,No internet service,No internet service,No internet service,No internet service,No internet service,No internet service,Two year,Yes,Mailed check,26.68,1854.08,No,Region2_Suburban_Cohort
REG2-01395,Female,0,No,No,15,Yes,No,Fiber optic,No,Yes,No,No,No,Yes,One year,Yes,Mailed check,88.63,1280.84,Yes,Region2_Suburban_Cohort
REG2-01396,Male,0,No,No,12,Yes,Yes,Fiber optic,Yes,No,No,Yes,Yes,No,Month-to-month,Yes,Credit card (automatic),115.73,1326.64,Yes,Region2_Suburban_Cohort
REG2-01397,Male,0,Yes,No,45,Yes,No,Fiber optic,Yes,No,No,No,Yes,No,One year,Yes,Electronic check,95.22,4211.83,Yes,Region2_Suburban_Cohort
REG2-01398,Female,0,No,No,21,Yes,Yes,Fiber optic,Yes,Yes,No,No,Yes,Yes,Two year,Yes,Electronic check,128.33,2734.13,No,Region2_Suburban_Cohort
REG2-01399,Female,1,No,No,32,Yes,No,No,No internet service,No internet service,No internet service,No internet service,No internet service,No internet service,One year,Yes,Credit card (automatic),22.86,758.35,No,Region2_Suburban_Cohort
REG2-01400,Male,0,Yes,Yes,27,Yes,No,DSL,No,Yes,No,No,No,Yes,One year,No,Mailed check,70.42,1960.35,No,Region2_Suburban_Cohort
REG2-01401,Male,0,No,No,4,Yes,No,DSL,No,No,Yes,No,Yes,Yes,Month-to-month,No,Bank transfer (automatic),85.89,336.51,Yes,Region2_Suburban_Cohort
REG2-01402,Male,0,No,No,52,No,No phone service,DSL,No,No,No,No,No,No,One year,Yes,Electronic check,47.2,2342.97,No,Region2_Suburban_Cohort
REG2-01403,Female,0,No,No,6,Yes,No,No,No internet service,No internet service,No internet service,No internet service,No internet service,No internet service,Month-to-month,Yes,Electronic check,25.46,151.27,No,Region2_Suburban_Cohort
REG2-01404,Female,1,Yes,No,72,Yes,No,Fiber optic,Yes,Yes,Yes,No,Yes,Yes,Two year,Yes,Electronic check,124.12,8771.11,No,Region2_Suburban_Cohort
REG2-01405,Male,0,Yes,No,8,Yes,No,Fiber optic,No,No,No,No,No,No,Month-to-month,Yes,Electronic check,74.39,587.46,Yes,Region2_Suburban_Cohort
REG2-01406,Female,1,Yes,No,37,Yes,No,DSL,No,No,No,Yes,Yes,No,One year,No,Bank transfer (automatic),75.4,2806.29,Yes,Region2_Suburban_Cohort
REG2-01407,Female,0,Yes,No,9,Yes,Yes,Fiber optic,No,No,No,No,Yes,No,Month-to-month,Yes,Bank transfer (automatic),98.93,848.56,No,Region2_Suburban_Cohort
REG2-01408,Female,0,Yes,Yes,10,Yes,Yes,Fiber optic,Yes,No,No,No,No,Yes,Month-to-month,No,Credit card (automatic),106.96,1055.78,Yes,Region2_Suburban_Cohort
REG2-01409,Female,0,Yes,Yes,10,Yes,No,Fiber optic,No,Yes,No,No,No,Yes,Month-to-month,No,Electronic check,94.94,954.97,Yes,Region2_Suburban_Cohort
REG2-01410,Male,1,Yes,No,38,Yes,No,DSL,No,No,No,No,No,No,Month-to-month,Yes,Electronic check,57.76,2179.73,Yes,Region2_Suburban_Cohort
REG2-01411,Male,0,No,No,22,Yes,Yes,DSL,No,Yes,Yes,No,Yes,Yes,One year,Yes,Bank transfer (automatic),107.09,2395.38,Yes,Region2_Suburban_Cohort
REG2-01412,Male,0,Yes,Yes,60,No,No phone service,Fiber optic,Yes,Yes,No,No,Yes,No,Two year,Yes,Electronic check,95.54,5552.48,No,Region2_Suburban_Cohort
REG2-01413,Male,0,Yes,No,10,Yes,Yes,DSL,No,No,No,Yes,Yes,Yes,Month-to-month,Yes,Credit card (automatic),97.9,945.11,Yes,Region2_Suburban_Cohort
REG2-01414,Female,0,Yes,No,32,Yes,Yes,DSL,Yes,No,No,No,No,No,Month-to-month,Yes,Mailed check,77.79,2441.45,Yes,Region2_Suburban_Cohort
REG2-01415,Female,1,Yes,No,39,Yes,No,No,No internet service,No internet service,No internet service,No internet service,No internet service,No internet service,Month-to-month,No,Credit card (automatic),29.41,1101.31,No,Region2_Suburban_Cohort
REG2-01416,Male,0,No,No,4,Yes,No,DSL,No,No,No,Yes,Yes,No,Month-to-month,No,Electronic check,74.44,289.91,Yes,Region2_Suburban_Cohort
REG2-01417,Male,0,No,No,14,Yes,Yes,DSL,No,No,No,No,Yes,No,One year,No,Electronic check,74.56,1000.72,Yes,Region2_Suburban_Cohort
REG2-01418,Male,0,No,No,18,Yes,No,DSL,No,No,No,No,No,No,Month-to-month,No,Mailed check,52.74,940.01,Yes,Region2_Suburban_Cohort
REG2-01419,Female,0,Yes,No,12,No,No phone service,Fiber optic,No,No,Yes,No,Yes,No,One year,Yes,Electronic check,83.25,1020.12,No,Region2_Suburban_Cohort
REG2-01420,Male,1,No,No,10,Yes,Yes,Fiber optic,Yes,No,No,No,No,No,Month-to-month,Yes,Bank transfer (automatic),90.48,885.49,Yes,Region2_Suburban_Cohort
REG2-01421,Male,0,Yes,Yes,32,Yes,No,DSL,Yes,No,No,No,No,Yes,Month-to-month,Yes,Credit card (automatic),72.84,2215.21,Yes,Region2_Suburban_Cohort
REG2-01422,Male,0,Yes,Yes,6,Yes,No,Fiber optic,No,No,Yes,No,No,Yes,Month-to-month,Yes,Electronic check,96.72,583.63,Yes,Region2_Suburban_Cohort
REG2-01423,Male,1,Yes,No,34,Yes,No,Fiber optic,No,No,No,No,No,Yes,One year,Yes,Electronic check,88.99,3083.73,Yes,Region2_Suburban_Cohort
REG2-01424,Female,0,Yes,Yes,72,Yes,Yes,DSL,No,No,Yes,No,No,Yes,One year,Yes,Electronic check,82.79,5896.09,No,Region2_Suburban_Cohort
REG2-01425,Female,0,Yes,No,23,Yes,Yes,Fiber optic,No,No,No,No,No,No,One year,Yes,Mailed check,91.16,2054.12,Yes,Region2_Suburban_Cohort
REG2-01426,Male,0,Yes,Yes,26,Yes,No,Fiber optic,Yes,No,No,No,No,Yes,Month-to-month,Yes,Mailed check,97.1,2522.24,Yes,Region2_Suburban_Cohort
REG2-01427,Female,0,No,No,1,Yes,Yes,DSL,Yes,No,No,No,No,Yes,Month-to-month,Yes,Bank transfer (automatic),92.2,88.52,Yes,Region2_Suburban_Cohort
REG2-01428,Female,0,Yes,No,55,Yes,No,DSL,Yes,Yes,No,Yes,No,No,One year,No,Bank transfer (automatic),81.77,4562.08,No,Region2_Suburban_Cohort
REG2-01429,Female,1,Yes,Yes,9,Yes,No,DSL,No,No,No,No,No,No,Month-to-month,Yes,Bank transfer (automatic),59.73,550.11,Yes,Region2_Suburban_Cohort
REG2-01430,Male,0,Yes,No,26,Yes,Yes,DSL,No,No,No,No,No,No,One year,Yes,Bank transfer (automatic),68.05,1805.51,Yes,Region2_Suburban_Cohort
REG2-01431,Female,0,No,No,72,No,No phone service,DSL,No,No,No,No,No,Yes,One year,No,Credit card (automatic),55.06,3896.4,No,Region2_Suburban_Cohort
REG2-01432,Male,1,Yes,Yes,25,Yes,No,Fiber optic,Yes,No,Yes,No,Yes,Yes,Month-to-month,Yes,Mailed check,115.65,2990.34,Yes,Region2_Suburban_Cohort
REG2-01433,Female,0,No,No,36,Yes,Yes,Fiber optic,No,Yes,No,Yes,No,Yes,Two year,No,Electronic check,109.4,4114.39,No,Region2_Suburban_Cohort
REG2-01434,Male,0,No,No,16,Yes,No,Fiber optic,No,Yes,No,No,No,No,One year,Yes,Electronic check,82.6,1294.78,Yes,Region2_Suburban_Cohort
REG2-01435,Male,0,Yes,Yes,1,Yes,No,DSL,No,No,Yes,No,Yes,No,Month-to-month,No,Electronic check,74.89,73.11,Yes,Region2_Suburban_Cohort
REG2-01436,Male,1,Yes,No,44,Yes,Yes,DSL,No,No,No,No,No,No,Two year,No,Mailed check,69.41,3116.37,No,Region2_Suburban_Cohort
REG2-01437,Female,0,Yes,Yes,1,Yes,No,DSL,Yes,No,No,Yes,No,Yes,Month-to-month,No,Mailed check,83.52,85.26,Yes,Region2_Suburban_Cohort
REG2-01438,Male,0,No,No,33,Yes,Yes,DSL,Yes,No,No,No,No,Yes,Two year,Yes,Electronic check,85.9,2837.65,No,Region2_Suburban_Cohort
REG2-01439,Female,0,Yes,No,1,Yes,No,Fiber optic,No,Yes,No,Yes,Yes,No,Month-to-month,Yes,Bank transfer (automatic),99.51,103.72,Yes,Region2_Suburban_Cohort
REG2-01440,Female,0,Yes,Yes,55,Yes,Yes,DSL,No,No,Yes,No,Yes,No,One year,No,Mailed check,85.12,4516.02,No,Region2_Suburban_Cohort
REG2-01441,Male,0,Yes,Yes,4,Yes,Yes,Fiber optic,Yes,Yes,No,Yes,No,No,One year,Yes,Electronic check,110.44,440.76,No,Region2_Suburban_Cohort
REG2-01442,Female,1,No,No,20,Yes,No,Fiber optic,No,No,No,Yes,Yes,No,One year,No,Bank transfer (automatic),93.24,1778.13,No,Region2_Suburban_Cohort
REG2-01443,Male,0,Yes,No,25,No,No phone service,DSL,Yes,Yes,No,No,No,No,Month-to-month,No,Bank transfer (automatic),54.44,1300.12,Yes,Region2_Suburban_Cohort
REG2-01444,Female,0,Yes,No,17,Yes,Yes,No,No internet service,No internet service,No internet service,No internet service,No internet service,No internet service,One year,Yes,Electronic check,41.97,681.65,Yes,Region2_Suburban_Cohort
REG2-01445,Male,1,No,No,11,No,No phone service,DSL,Yes,Yes,No,Yes,Yes,No,Month-to-month,No,Credit card (automatic),79.83,877.41,Yes,Region2_Suburban_Cohort
REG2-01446,Female,0,No,No,17,Yes,No,No,No internet service,No internet service,No internet service,No internet service,No internet service,No internet service,One year,Yes,Electronic check,28.79,493.78,No,Region2_Suburban_Cohort
REG2-01447,Female,0,No,No,10,Yes,No,Fiber optic,No,Yes,No,No,No,Yes,Month-to-month,No,Bank transfer (automatic),95.41,906.73,Yes,Region2_Suburban_Cohort
REG2-01448,Female,0,Yes,No,16,Yes,No,Fiber optic,No,No,Yes,No,Yes,No,One year,No,Credit card (automatic),93.86,1521.67,Yes,Region2_Suburban_Cohort
REG2-01449,Female,1,No,No,12,Yes,No,Fiber optic,No,No,No,No,Yes,Yes,Month-to-month,Yes,Bank transfer (automatic),101.69,1219.02,No,Region2_Suburban_Cohort
REG2-01450,Male,0,No,No,23,No,No phone service,Fiber optic,Yes,No,Yes,No,Yes,No,One year,Yes,Bank transfer (automatic),91.16,2038.77,Yes,Region2_Suburban_Cohort
REG2-01451,Female,0,Yes,Yes,7,Yes,No,Fiber optic,No,Yes,No,No,Yes,No,Month-to-month,No,Credit card (automatic),92.94,619.03,Yes,Region2_Suburban_Cohort
REG2-01452,Female,0,No,No,72,Yes,Yes,DSL,No,No,Yes,No,No,No,One year,Yes,Electronic check,73.1,5082.2,Yes,Region2_Suburban_Cohort
REG2-01453,Female,0,Yes,No,19,Yes,No,DSL,No,No,Yes,Yes,Yes,No,One year,Yes,Electronic check,83.44,1601.27,No,Region2_Suburban_Cohort
REG2-01454,Male,0,No,No,6,Yes,No,No,No internet service,No internet service,No internet service,No internet service,No internet service,No internet service,Month-to-month,No,Bank transfer (automatic),30.4,185.3,No,Region2_Suburban_Cohort
REG2-01455,Female,0,Yes,No,18,Yes,Yes,No,No internet service,No internet service,No internet service,No internet service,No internet service,No internet service,One year,Yes,Credit card (automatic),40.6,741.55,No,Region2_Suburban_Cohort
REG2-01456,Female,0,No,No,56,Yes,Yes,Fiber optic,Yes,No,Yes,No,No,No,Month-to-month,Yes,Bank transfer (automatic),102.97,5566.32,Yes,Region2_Suburban_Cohort
REG2-01457,Female,0,Yes,No,1,Yes,No,No,No internet service,No internet service,No internet service,No internet service,No internet service,No internet service,One year,Yes,Credit card (automatic),30.95,32.22,No,Region2_Suburban_Cohort
REG2-01458,Male,0,No,No,31,Yes,No,DSL,No,No,Yes,Yes,Yes,No,One year,Yes,Electronic check,84.5,2596.17,Yes,Region2_Suburban_Cohort
REG2-01459,Female,0,Yes,No,22,Yes,No,Fiber optic,No,Yes,Yes,No,Yes,No,Month-to-month,No,Credit card (automatic),102.71,2320.18,Yes,Region2_Suburban_Cohort
REG2-01460,Male,0,No,No,5,Yes,No,DSL,Yes,No,No,No,Yes,Yes,Two year,No,Credit card (automatic),85.03,410.97,Yes,Region2_Suburban_Cohort
REG2-01461,Female,0,No,No,47,Yes,Yes,Fiber optic,No,No,No,No,Yes,No,Two year,No,Mailed check,97.03,4546.99,No,Region2_Suburban_Cohort
REG2-01462,Male,0,Yes,Yes,12,Yes,No,No,No internet service,No internet service,No internet service,No internet service,No internet service,No internet service,Month-to-month,Yes,Credit card (automatic),30.66,368.71,Yes,Region2_Suburban_Cohort
REG2-01463,Female,0,No,No,9,Yes,No,DSL,No,No,No,Yes,No,No,Month-to-month,No,Electronic check,64.81,599.06,No,Region2_Suburban_Cohort
REG2-01464,Female,0,No,No,49,Yes,Yes,No,No internet service,No internet service,No internet service,No internet service,No internet service,No internet service,Two year,Yes,Credit card (automatic),42.38,2101.85,No,Region2_Suburban_Cohort
REG2-01465,Male,0,Yes,No,28,Yes,Yes,No,No internet service,No internet service,No internet service,No internet service,No internet service,No internet service,Month-to-month,Yes,Credit card (automatic),41.03,1137.27,No,Region2_Suburban_Cohort
REG2-01466,Female,1,Yes,No,63,Yes,Yes,DSL,Yes,Yes,No,Yes,No,Yes,One year,No,Electronic check,101.58,6260.36,No,Region2_Suburban_Cohort
REG2-01467,Male,0,No,No,27,Yes,No,Fiber optic,No,Yes,Yes,No,No,Yes,One year,Yes,Mailed check,105.02,2969.65,Yes,Region2_Suburban_Cohort
REG2-01468,Female,1,Yes,Yes,37,Yes,Yes,Fiber optic,Yes,No,No,No,No,Yes,One year,Yes,Mailed check,103.93,3762.55,No,Region2_Suburban_Cohort
REG2-01469,Female,0,Yes,No,50,Yes,Yes,Fiber optic,No,No,No,No,No,No,Two year,Yes,Electronic check,85.81,4131.53,No,Region2_Suburban_Cohort
REG2-01470,Female,0,Yes,Yes,1,Yes,Yes,Fiber optic,No,No,No,No,No,Yes,Month-to-month,No,Electronic check,102.6,100.55,Yes,Region2_Suburban_Cohort
REG2-01471,Female,1,Yes,Yes,41,Yes,Yes,DSL,No,No,No,Yes,Yes,Yes,Two year,Yes,Electronic check,101.92,4106.4,Yes,Region2_Suburban_Cohort
REG2-01472,Female,0,Yes,Yes,26,Yes,Yes,Fiber optic,Yes,Yes,No,No,No,Yes,One year,Yes,Mailed check,115.5,2891.25,No,Region2_Suburban_Cohort
REG2-01473,Male,0,Yes,No,2,Yes,No,No,No internet service,No internet service,No internet service,No internet service,No internet service,No internet service,Month-to-month,Yes,Mailed check,28.78,58.76,Yes,Region2_Suburban_Cohort
REG2-01474,Male,0,No,No,19,Yes,Yes,DSL,No,No,Yes,No,No,No,Month-to-month,Yes,Credit card (automatic),74.37,1429.87,Yes,Region2_Suburban_Cohort
REG2-01475,Female,0,No,No,2,Yes,No,Fiber optic,No,Yes,No,Yes,No,No,Month-to-month,Yes,Mailed check,91.22,179.09,Yes,Region2_Suburban_Cohort
REG2-01476,Female,0,Yes,Yes,37,Yes,No,DSL,Yes,Yes,Yes,Yes,Yes,No,One year,No,Bank transfer (automatic),104.27,4048.19,No,Region2_Suburban_Cohort
REG2-01477,Female,0,No,No,22,Yes,No,DSL,No,No,No,No,No,Yes,One year,No,Electronic check,69.56,1554.04,No,Region2_Suburban_Cohort
REG2-01478,Female,0,No,No,72,Yes,No,DSL,No,Yes,Yes,No,No,No,One year,No,Bank transfer (automatic),73.23,5379.69,No,Region2_Suburban_Cohort
REG2-01479,Male,0,No,No,5,Yes,Yes,DSL,No,Yes,No,Yes,Yes,Yes,One year,No,Credit card (automatic),106.61,536.1,Yes,Region2_Suburban_Cohort
REG2-01480,Female,1,Yes,Yes,26,Yes,Yes,Fiber optic,No,No,No,No,No,No,Month-to-month,No,Mailed check,85.76,2241.26,Yes,Region2_Suburban_Cohort
REG2-01481,Male,0,Yes,Yes,6,Yes,Yes,DSL,No,No,No,No,Yes,No,Month-to-month,No,Electronic check,78.51,448.45,Yes,Region2_Suburban_Cohort
REG2-01482,Female,0,No,No,26,Yes,No,DSL,No,No,No,No,Yes,Yes,One year,No,Bank transfer (automatic),81.49,2176.14,Yes,Region2_Suburban_Cohort
REG2-01483,Male,1,No,No,35,Yes,Yes,DSL,No,Yes,No,No,Yes,Yes,One year,No,Electronic check,103.07,3755.62,Yes,Region2_Suburban_Cohort
REG2-01484,Male,0,No,No,35,Yes,No,DSL,No,No,Yes,No,No,Yes,Month-to-month,Yes,Mailed check,72.87,2454.11,No,Region2_Suburban_Cohort
REG2-01485,Male,0,No,No,47,Yes,No,Fiber optic,No,Yes,No,No,No,No,One year,Yes,Electronic check,77.26,3738.57,No,Region2_Suburban_Cohort
REG2-01486,Male,0,Yes,Yes,53,Yes,No,Fiber optic,Yes,Yes,Yes,Yes,No,No,One year,Yes,Mailed check,106.37,5656.95,Yes,Region2_Suburban_Cohort
REG2-01487,Female,0,Yes,Yes,2,Yes,No,DSL,Yes,Yes,Yes,No,No,No,Month-to-month,Yes,Bank transfer (automatic),81.65,159.79,Yes,Region2_Suburban_Cohort
REG2-01488,Male,0,Yes,No,11,Yes,No,No,No internet service,No internet service,No internet service,No internet service,No internet service,No internet service,Month-to-month,Yes,Credit card (automatic),28.57,327.5,Yes,Region2_Suburban_Cohort
REG2-01489,Male,0,Yes,No,32,Yes,Yes,Fiber optic,Yes,No,Yes,No,No,No,Month-to-month,No,Bank transfer (automatic),104.13,3171.34,Yes,Region2_Suburban_Cohort
REG2-01490,Male,1,No,No,19,Yes,No,Fiber optic,No,No,Yes,Yes,No,Yes,One year,No,Electronic check,100.19,1860.6,No,Region2_Suburban_Cohort
REG2-01491,Male,0,Yes,Yes,5,Yes,Yes,Fiber optic,Yes,No,No,No,Yes,Yes,Month-to-month,Yes,Electronic check,118.26,614.14,Yes,Region2_Suburban_Cohort
REG2-01492,Male,0,Yes,No,22,Yes,No,Fiber optic,No,No,No,No,No,Yes,Two year,Yes,Credit card (automatic),85.03,1867.11,Yes,Region2_Suburban_Cohort
REG2-01493,Male,0,No,No,14,Yes,No,Fiber optic,Yes,Yes,No,Yes,No,No,Month-to-month,No,Credit card (automatic),98.62,1394.34,Yes,Region2_Suburban_Cohort
REG2-01494,Female,0,Yes,No,13,Yes,Yes,Fiber optic,Yes,No,No,No,No,Yes,One year,Yes,Electronic check,107.51,1432.54,No,Region2_Suburban_Cohort
REG2-01495,Female,1,No,No,46,Yes,No,DSL,No,Yes,No,No,No,Yes,Month-to-month,Yes,Credit card (automatic),76.73,3405.33,No,Region2_Suburban_Cohort
REG2-01496,Female,0,No,No,14,Yes,No,Fiber optic,No,No,No,Yes,No,Yes,Two year,No,Credit card (automatic),93.95,1277.84,No,Region2_Suburban_Cohort
REG2-01497,Male,0,No,No,1,Yes,No,Fiber optic,Yes,Yes,Yes,No,Yes,No,Month-to-month,Yes,Electronic check,108.16,113.55,Yes,Region2_Suburban_Cohort
REG2-01498,Male,0,Yes,No,1,Yes,No,Fiber optic,Yes,Yes,Yes,Yes,Yes,No,Month-to-month,Yes,Bank transfer (automatic),115.2,112.18,Yes,Region2_Suburban_Cohort
REG2-01499,Female,0,Yes,Yes,54,Yes,No,No,No internet service,No internet service,No internet service,No internet service,No internet service,No internet service,Month-to-month,Yes,Mailed check,32.71,1773.26,No,Region2_Suburban_Cohort
REG2-01500,Female,0,Yes,No,72,Yes,Yes,DSL,No,Yes,Yes,Yes,No,No,Month-to-month,No,Electronic check,88.96,6276.19,No,Region2_Suburban_Cohort
REG2-01501,Male,0,Yes,Yes,32,Yes,Yes,No,No internet service,No internet service,No internet service,No internet service,No internet service,No internet service,One year,No,Electronic check,43.29,1433.96,Yes,Region2_Suburban_Cohort
REG2-01502,Male,1,Yes,Yes,12,Yes,No,DSL,No,Yes,Yes,Yes,No,Yes,One year,Yes,Mailed check,87.02,1092.46,No,Region2_Suburban_Cohort
REG2-01503,Male,0,No,No,72,Yes,No,Fiber optic,No,No,No,Yes,No,Yes,One year,No,Credit card (automatic),98.92,6866.76,No,Region2_Suburban_Cohort
REG2-01504,Male,1,Yes,No,30,Yes,Yes,Fiber optic,No,Yes,Yes,No,No,Yes,One year,No,Credit card (automatic),121.96,3695.6,No,Region2_Suburban_Cohort
REG2-01505,Male,0,No,No,52,Yes,Yes,DSL,No,Yes,Yes,No,Yes,No,Two year,No,Electronic check,95.82,5137.89,No,Region2_Suburban_Cohort
REG2-01506,Female,0,Yes,Yes,40,Yes,Yes,DSL,No,No,Yes,No,No,No,Two year,No,Mailed check,74.28,3067.18,No,Region2_Suburban_Cohort
REG2-01507,Female,1,No,No,13,Yes,No,DSL,Yes,No,No,No,No,No,Month-to-month,No,Mailed check,66.6,860.64,No,Region2_Suburban_Cohort
REG2-01508,Female,0,No,No,18,Yes,Yes,DSL,Yes,Yes,Yes,Yes,No,No,Month-to-month,Yes,Mailed check,97.76,1711.36,Yes,Region2_Suburban_Cohort
REG2-01509,Female,0,Yes,No,5,Yes,Yes,DSL,No,No,No,Yes,No,No,Month-to-month,Yes,Bank transfer (automatic),75.13,371.41,Yes,Region2_Suburban_Cohort
REG2-01510,Female,0,Yes,No,9,Yes,No,Fiber optic,No,No,No,No,No,Yes,Month-to-month,Yes,Mailed check,80.08,738.82,Yes,Region2_Suburban_Cohort
REG2-01511,Female,0,No,No,42,Yes,Yes,DSL,Yes,No,No,Yes,No,No,One year,Yes,Electronic check,82.81,3649.76,No,Region2_Suburban_Cohort
REG2-01512,Female,0,No,No,62,Yes,No,DSL,No,No,No,No,Yes,No,One year,No,Electronic check,69.89,4356.7,No,Region2_Suburban_Cohort
REG2-01513,Male,0,No,No,36,Yes,Yes,Fiber optic,Yes,Yes,No,No,No,Yes,One year,Yes,Bank transfer (automatic),113.85,3973.64,Yes,Region2_Suburban_Cohort
REG2-01514,Male,0,Yes,Yes,17,Yes,Yes,DSL,No,Yes,Yes,No,Yes,No,One year,Yes,Bank transfer (automatic),93.89,1523.02,Yes,Region2_Suburban_Cohort
REG2-01515,Male,0,Yes,No,2,Yes,No,DSL,No,No,Yes,Yes,Yes,No,Month-to-month,Yes,Mailed check,81.91,171.09,Yes,Region2_Suburban_Cohort
REG2-01516,Female,0,No,No,1,Yes,No,Fiber optic,No,Yes,No,Yes,No,No,Month-to-month,Yes,Bank transfer (automatic),95.91,95.75,Yes,Region2_Suburban_Cohort
REG2-01517,Female,0,No,No,13,Yes,Yes,Fiber optic,Yes,No,No,No,No,No,Month-to-month,Yes,Credit card (automatic),95.57,1269.32,Yes,Region2_Suburban_Cohort
REG2-01518,Male,0,Yes,Yes,17,Yes,No,Fiber optic,No,No,Yes,Yes,Yes,No,One year,No,Mailed check,103.1,1780.77,No,Region2_Suburban_Cohort
REG2-01519,Female,1,No,No,26,Yes,Yes,Fiber optic,No,No,Yes,No,No,Yes,One year,No,Credit card (automatic),105.99,2863.45,No,Region2_Suburban_Cohort
REG2-01520,Male,0,Yes,Yes,1,Yes,No,Fiber optic,No,No,No,No,No,No,Month-to-month,No,Electronic check,77.57,75.76,Yes,Region2_Suburban_Cohort
REG2-01521,Female,0,Yes,No,72,Yes,Yes,Fiber optic,Yes,No,No,No,Yes,No,Two year,Yes,Credit card (automatic),104.99,7515.22,No,Region2_Suburban_Cohort
REG2-01522,Male,1,Yes,No,12,Yes,No,Fiber optic,No,Yes,No,No,No,Yes,One year,No,Electronic check,98.14,1226.39,Yes,Region2_Suburban_Cohort
REG2-01523,Male,0,Yes,No,52,No,No phone service,Fiber optic,Yes,No,No,No,Yes,Yes,One year,Yes,Mailed check,96.71,5071.96,No,Region2_Suburban_Cohort
REG2-01524,Male,1,No,No,21,Yes,No,No,No internet service,No internet service,No internet service,No internet service,No internet service,No internet service,Month-to-month,Yes,Mailed check,32.93,661.89,Yes,Region2_Suburban_Cohort
REG2-01525,Male,0,Yes,Yes,3,Yes,Yes,Fiber optic,No,No,No,No,No,No,One year,Yes,Mailed check,86.08,250.35,Yes,Region2_Suburban_Cohort
REG2-01526,Male,0,Yes,No,44,Yes,Yes,Fiber optic,Yes,No,No,No,Yes,Yes,Two year,No,Credit card (automatic),121.05,5186.24,No,Region2_Suburban_Cohort
REG2-01527,Male,0,No,No,34,Yes,No,Fiber optic,Yes,No,Yes,Yes,No,No,One year,Yes,Electronic check,100.35,3580.37,Yes,Region2_Suburban_Cohort
REG2-01528,Female,0,No,No,20,Yes,Yes,DSL,Yes,Yes,Yes,No,No,Yes,One year,Yes,Bank transfer (automatic),102.85,2000.26,Yes,Region2_Suburban_Cohort
REG2-01529,Female,0,No,No,20,Yes,Yes,Fiber optic,No,Yes,Yes,No,Yes,No,Month-to-month,No,Credit card (automatic),118.42,2455.96,Yes,Region2_Suburban_Cohort
REG2-01530,Male,0,No,No,2,No,No phone service,Fiber optic,No,Yes,No,No,No,Yes,One year,Yes,Electronic check,88.24,169.03,Yes,Region2_Suburban_Cohort
REG2-01531,Female,0,Yes,Yes,29,Yes,Yes,Fiber optic,No,Yes,No,Yes,Yes,No,Month-to-month,Yes,Credit card (automatic),113.39,3183.65,Yes,Region2_Suburban_Cohort
REG2-01532,Female,0,No,No,67,No,No phone service,No,No internet service,No internet service,No internet service,No internet service,No internet service,No internet service,One year,Yes,Mailed check,18.21,1265.46,No,Region2_Suburban_Cohort
REG2-01533,Male,0,No,No,2,Yes,No,DSL,Yes,Yes,No,No,Yes,Yes,Month-to-month,No,Credit card (automatic),94.4,196.33,Yes,Region2_Suburban_Cohort
REG2-01534,Male,0,No,No,8,Yes,No,Fiber optic,Yes,Yes,No,No,No,No,Month-to-month,Yes,Bank transfer (automatic),90.26,698.7,Yes,Region2_Suburban_Cohort
REG2-01535,Male,0,Yes,No,65,Yes,Yes,Fiber optic,No,No,No,No,No,Yes,One year,No,Bank transfer (automatic),101.6,6425.59,No,Region2_Suburban_Cohort
REG2-01536,Male,0,Yes,Yes,9,Yes,No,Fiber optic,No,No,Yes,No,No,No,Month-to-month,No,Mailed check,83.9,757.41,Yes,Region2_Suburban_Cohort
REG2-01537,Female,1,No,No,29,Yes,No,Fiber optic,No,No,Yes,No,Yes,No,One year,No,Bank transfer (automatic),92.75,2569.43,No,Region2_Suburban_Cohort
REG2-01538,Male,0,Yes,No,21,No,No phone service,DSL,Yes,Yes,Yes,No,Yes,Yes,Month-to-month,Yes,Electronic check,90.87,1993.24,No,Region2_Suburban_Cohort
REG2-01539,Female,1,No,No,25,Yes,Yes,DSL,Yes,Yes,Yes,Yes,No,Yes,Month-to-month,Yes,Mailed check,111.28,2743.63,No,Region2_Suburban_Cohort
REG2-01540,Female,0,No,No,15,Yes,No,DSL,No,No,No,No,Yes,Yes,One year,Yes,Electronic check,81.17,1216.25,Yes,Region2_Suburban_Cohort
REG2-01541,Male,0,No,No,9,Yes,No,Fiber optic,No,No,No,Yes,No,No,Month-to-month,No,Electronic check,86.91,751.3,Yes,Region2_Suburban_Cohort
REG2-01542,Female,0,No,No,1,Yes,No,DSL,Yes,No,No,Yes,Yes,No,Month-to-month,No,Electronic check,83.43,79.53,Yes,Region2_Suburban_Cohort
REG2-01543,Male,0,No,No,38,Yes,Yes,Fiber optic,No,Yes,No,No,No,No,Two year,No,Credit card (automatic),94.69,3586.64,No,Region2_Suburban_Cohort
REG2-01544,Female,0,Yes,No,38,Yes,No,Fiber optic,No,No,Yes,Yes,No,Yes,One year,No,Bank transfer (automatic),102.44,3745.45,No,Region2_Suburban_Cohort
REG2-01545,Male,0,Yes,Yes,31,Yes,No,DSL,No,No,Yes,No,Yes,No,Month-to-month,No,Bank transfer (automatic),73.18,2298.14,Yes,Region2_Suburban_Cohort
REG2-01546,Female,0,No,No,28,Yes,No,Fiber optic,Yes,Yes,No,No,No,No,Month-to-month,No,Credit card (automatic),90.81,2617.56,No,Region2_Suburban_Cohort
REG2-01547,Female,0,Yes,No,7,Yes,No,DSL,No,No,No,Yes,Yes,Yes,Month-to-month,Yes,Bank transfer (automatic),85.78,572.34,No,Region2_Suburban_Cohort
REG2-01548,Male,0,Yes,No,1,Yes,Yes,No,No internet service,No internet service,No internet service,No internet service,No internet service,No internet service,Month-to-month,Yes,Electronic check,40.98,41.44,No,Region2_Suburban_Cohort
REG2-01549,Female,0,Yes,Yes,46,Yes,No,Fiber optic,No,Yes,No,No,No,No,One year,No,Bank transfer (automatic),84.49,4009.21,Yes,Region2_Suburban_Cohort
REG2-01550,Female,0,No,No,18,Yes,No,No,No internet service,No internet service,No internet service,No internet service,No internet service,No internet service,Month-to-month,No,Credit card (automatic),26.4,472.32,Yes,Region2_Suburban_Cohort
REG2-01551,Female,0,Yes,Yes,10,Yes,Yes,Fiber optic,No,Yes,No,No,No,Yes,Month-to-month,Yes,Electronic check,102.21,1069.09,No,Region2_Suburban_Cohort
REG2-01552,Female,0,No,No,3,No,No phone service,Fiber optic,Yes,Yes,Yes,No,No,Yes,One year,Yes,Bank transfer (automatic),98.62,284.36,Yes,Region2_Suburban_Cohort
REG2-01553,Female,0,Yes,No,1,No,No phone service,DSL,Yes,Yes,Yes,No,No,Yes,Month-to-month,Yes,Bank transfer (automatic),82.98,81.51,Yes,Region2_Suburban_Cohort
REG2-01554,Male,0,Yes,No,12,Yes,Yes,DSL,Yes,No,Yes,No,No,No,Two year,Yes,Mailed check,83.88,979.39,No,Region2_Suburban_Cohort
REG2-01555,Male,0,No,No,45,No,No phone service,Fiber optic,Yes,Yes,No,Yes,Yes,No,Two year,No,Credit card (automatic),103.35,4881.52,No,Region2_Suburban_Cohort
REG2-01556,Female,0,Yes,No,70,Yes,Yes,DSL,No,No,Yes,No,Yes,Yes,Two year,Yes,Mailed check,94.87,6504.21,No,Region2_Suburban_Cohort
REG2-01557,Male,0,No,No,63,Yes,No,No,No internet service,No internet service,No internet service,No internet service,No internet service,No internet service,Two year,Yes,Electronic check,31.28,1948.55,No,Region2_Suburban_Cohort
REG2-01558,Female,0,No,No,70,Yes,No,Fiber optic,No,Yes,Yes,No,No,No,One year,No,Credit card (automatic),87.41,6331.4,No,Region2_Suburban_Cohort
REG2-01559,Female,0,No,No,66,Yes,No,No,No internet service,No internet service,No internet service,No internet service,No internet service,No internet service,One year,Yes,Bank transfer (automatic),27.3,1879.27,No,Region2_Suburban_Cohort
REG2-01560,Male,1,Yes,No,20,Yes,Yes,DSL,No,No,No,No,Yes,Yes,Two year,Yes,Mailed check,87.76,1832.03,No,Region2_Suburban_Cohort
REG2-01561,Male,1,No,No,6,Yes,No,No,No internet service,No internet service,No internet service,No internet service,No internet service,No internet service,Month-to-month,Yes,Electronic check,27.18,164.03,Yes,Region2_Suburban_Cohort
REG2-01562,Female,0,No,No,44,Yes,No,Fiber optic,No,Yes,Yes,No,No,No,Month-to-month,Yes,Credit card (automatic),97.61,4364.98,Yes,Region2_Suburban_Cohort
REG2-01563,Male,0,No,No,6,Yes,Yes,DSL,No,No,No,No,No,Yes,Month-to-month,Yes,Electronic check,80.33,474.71,No,Region2_Suburban_Cohort
REG2-01564,Female,0,Yes,No,8,Yes,Yes,Fiber optic,Yes,No,Yes,Yes,No,Yes,Month-to-month,No,Mailed check,118.38,957.19,No,Region2_Suburban_Cohort
REG2-01565,Male,0,No,No,7,Yes,Yes,No,No internet service,No internet service,No internet service,No internet service,No internet service,No internet service,Month-to-month,Yes,Electronic check,38.07,261.23,No,Region2_Suburban_Cohort
REG2-01566,Female,0,No,No,20,Yes,No,DSL,No,Yes,No,No,No,No,Month-to-month,No,Credit card (automatic),63.2,1295.1,No,Region2_Suburban_Cohort
REG2-01567,Male,0,No,No,10,Yes,No,Fiber optic,No,No,No,Yes,Yes,Yes,Month-to-month,Yes,Bank transfer (automatic),107.42,1053.49,No,Region2_Suburban_Cohort
REG2-01568,Female,1,Yes,No,4,Yes,No,Fiber optic,Yes,Yes,Yes,No,No,Yes,Month-to-month,No,Bank transfer (automatic),109.41,454.24,Yes,Region2_Suburban_Cohort
REG2-01569,Male,0,Yes,Yes,16,Yes,Yes,DSL,No,No,Yes,No,Yes,No,One year,No,Bank transfer (automatic),91.22,1407.49,No,Region2_Suburban_Cohort
REG2-01570,Female,0,Yes,No,57,Yes,No,DSL,No,No,No,No,No,Yes,Month-to-month,Yes,Credit card (automatic),64.77,3718.4,No,Region2_Suburban_Cohort
REG2-01571,Male,0,Yes,Yes,23,Yes,No,Fiber optic,Yes,No,No,No,No,Yes,Month-to-month,No,Credit card (automatic),97.32,2242.99,Yes,Region2_Suburban_Cohort
REG2-01572,Female,0,Yes,Yes,58,Yes,Yes,Fiber optic,Yes,No,Yes,Yes,Yes,Yes,Month-to-month,Yes,Credit card (automatic),137.03,7759.95,Yes,Region2_Suburban_Cohort
REG2-01573,Female,0,Yes,No,6,Yes,Yes,DSL,Yes,No,Yes,Yes,Yes,No,Month-to-month,Yes,Credit card (automatic),109.01,623.19,No,Region2_Suburban_Cohort
REG2-01574,Male,1,No,No,5,Yes,No,Fiber optic,No,Yes,Yes,No,Yes,No,Month-to-month,No,Mailed check,109.11,526.38,Yes,Region2_Suburban_Cohort
REG2-01575,Male,0,Yes,No,23,Yes,No,Fiber optic,No,Yes,No,Yes,Yes,Yes,One year,No,Mailed check,116.74,2810.67,No,Region2_Suburban_Cohort
REG2-01576,Male,0,No,No,17,No,No phone service,No,No internet service,No internet service,No internet service,No internet service,No internet service,No internet service,Month-to-month,No,Credit card (automatic),20.09,356.6,No,Region2_Suburban_Cohort
REG2-01577,Female,0,Yes,No,30,Yes,Yes,Fiber optic,No,Yes,No,Yes,No,Yes,Two year,No,Bank transfer (automatic),115.89,3344.34,No,Region2_Suburban_Cohort
REG2-01578,Female,0,Yes,Yes,44,Yes,Yes,Fiber optic,Yes,No,No,No,Yes,No,Month-to-month,No,Credit card (automatic),108.54,4716.0,Yes,Region2_Suburban_Cohort
REG2-01579,Female,0,Yes,No,38,Yes,No,Fiber optic,No,Yes,No,No,No,No,Month-to-month,No,Electronic check,78.35,2966.92,No,Region2_Suburban_Cohort
REG2-01580,Male,0,Yes,No,72,Yes,No,No,No internet service,No internet service,No internet service,No internet service,No internet service,No internet service,Two year,Yes,Bank transfer (automatic),26.25,1885.86,No,Region2_Suburban_Cohort
REG2-01581,Male,0,No,No,14,Yes,No,Fiber optic,No,Yes,No,Yes,No,Yes,Month-to-month,Yes,Bank transfer (automatic),105.44,1446.46,Yes,Region2_Suburban_Cohort
REG2-01582,Female,1,No,No,6,Yes,Yes,DSL,Yes,No,No,No,No,Yes,Month-to-month,Yes,Credit card (automatic),90.42,564.92,Yes,Region2_Suburban_Cohort
REG2-01583,Male,0,Yes,Yes,22,Yes,Yes,No,No internet service,No internet service,No internet service,No internet service,No internet service,No internet service,Month-to-month,Yes,Electronic check,45.72,1046.93,Yes,Region2_Suburban_Cohort
REG2-01584,Female,0,Yes,Yes,3,No,No phone service,Fiber optic,No,No,No,No,Yes,Yes,Month-to-month,Yes,Credit card (automatic),88.47,252.64,Yes,Region2_Suburban_Cohort
REG2-01585,Male,0,Yes,Yes,9,Yes,Yes,DSL,No,Yes,No,Yes,No,No,Month-to-month,No,Electronic check,83.82,765.7,Yes,Region2_Suburban_Cohort
REG2-01586,Female,0,No,No,6,Yes,No,Fiber optic,Yes,Yes,No,No,No,Yes,Month-to-month,Yes,Bank transfer (automatic),101.85,585.09,Yes,Region2_Suburban_Cohort
REG2-01587,Male,0,No,No,14,Yes,No,DSL,Yes,No,Yes,No,Yes,No,Month-to-month,No,Bank transfer (automatic),87.6,1238.36,Yes,Region2_Suburban_Cohort
REG2-01588,Male,0,Yes,No,3,Yes,No,Fiber optic,Yes,No,No,No,Yes,Yes,Month-to-month,Yes,Mailed check,106.03,329.76,Yes,Region2_Suburban_Cohort
REG2-01589,Female,0,No,No,1,Yes,Yes,DSL,Yes,No,No,No,Yes,No,Month-to-month,Yes,Bank transfer (automatic),85.04,86.31,Yes,Region2_Suburban_Cohort
REG2-01590,Female,0,No,No,29,Yes,No,Fiber optic,No,Yes,No,Yes,No,No,One year,No,Credit card (automatic),90.6,2619.24,Yes,Region2_Suburban_Cohort
REG2-01591,Female,0,Yes,Yes,26,Yes,No,Fiber optic,No,No,Yes,No,Yes,Yes,One year,Yes,Electronic check,106.02,2882.74,Yes,Region2_Suburban_Cohort
REG2-01592,Male,1,Yes,Yes,34,Yes,No,No,No internet service,No internet service,No internet service,No internet service,No internet service,No internet service,One year,No,Bank transfer (automatic),29.82,1038.88,No,Region2_Suburban_Cohort
REG2-01593,Male,0,No,No,30,Yes,No,Fiber optic,No,No,Yes,Yes,No,Yes,Month-to-month,Yes,Electronic check,105.26,3078.64,Yes,Region2_Suburban_Cohort
REG2-01594,Female,0,No,No,3,Yes,No,DSL,No,Yes,Yes,No,No,No,Month-to-month,No,Credit card (automatic),71.32,211.54,Yes,Region2_Suburban_Cohort
REG2-01595,Female,0,No,No,9,Yes,No,Fiber optic,No,Yes,No,No,No,No,Month-to-month,Yes,Mailed check,81.52,752.75,Yes,Region2_Suburban_Cohort
REG2-01596,Male,1,No,No,3,Yes,Yes,Fiber optic,Yes,Yes,No,Yes,No,Yes,Month-to-month,Yes,Mailed check,121.37,346.61,Yes,Region2_Suburban_Cohort
REG2-01597,Male,0,Yes,No,51,Yes,No,DSL,No,Yes,Yes,No,No,No,One year,No,Bank transfer (automatic),69.66,3397.75,No,Region2_Suburban_Cohort
REG2-01598,Male,0,No,No,38,Yes,Yes,Fiber optic,Yes,No,Yes,No,Yes,No,Two year,Yes,Mailed check,110.14,4335.75,Yes,Region2_Suburban_Cohort
REG2-01599,Female,0,No,No,6,Yes,No,No,No internet service,No internet service,No internet service,No internet service,No internet service,No internet service,Month-to-month,Yes,Electronic check,32.26,184.71,Yes,Region2_Suburban_Cohort
REG2-01600,Male,0,Yes,Yes,11,No,No phone service,DSL,No,Yes,Yes,No,Yes,No,Month-to-month,No,Credit card (automatic),74.54,834.58,Yes,Region2_Suburban_Cohort
REG2-01601,Male,0,No,No,72,Yes,No,Fiber optic,No,No,No,Yes,Yes,Yes,Month-to-month,Yes,Bank transfer (automatic),110.89,7839.49,Yes,Region2_Suburban_Cohort
REG2-01602,Male,0,No,No,25,Yes,Yes,DSL,No,No,No,No,No,No,One year,Yes,Bank transfer (automatic),67.95,1754.11,Yes,Region2_Suburban_Cohort
REG2-01603,Male,0,Yes,No,45,Yes,No,Fiber optic,No,No,No,Yes,Yes,Yes,Month-to-month,Yes,Bank transfer (automatic),103.23,4806.7,Yes,Region2_Suburban_Cohort
REG2-01604,Male,0,Yes,Yes,8,Yes,No,Fiber optic,No,No,Yes,No,Yes,No,One year,Yes,Credit card (automatic),95.38,797.63,Yes,Region2_Suburban_Cohort
REG2-01605,Female,0,Yes,No,6,Yes,No,DSL,No,No,Yes,No,Yes,Yes,Month-to-month,No,Electronic check,87.46,503.54,Yes,Region2_Suburban_Cohort
REG2-01606,Male,0,No,No,42,Yes,No,Fiber optic,No,No,No,No,No,Yes,Two year,No,Electronic check,88.85,3702.91,No,Region2_Suburban_Cohort
REG2-01607,Female,0,Yes,Yes,32,Yes,No,Fiber optic,No,No,Yes,No,No,No,Month-to-month,Yes,Mailed check,87.49,2820.39,Yes,Region2_Suburban_Cohort
REG2-01608,Male,0,No,No,31,No,No phone service,DSL,No,No,Yes,No,No,No,One year,No,Bank transfer (automatic),49.91,1611.58,No,Region2_Suburban_Cohort
REG2-01609,Female,1,No,No,22,Yes,No,DSL,Yes,No,Yes,Yes,No,Yes,One year,Yes,Electronic check,92.42,1985.77,No,Region2_Suburban_Cohort
REG2-01610,Female,1,Yes,Yes,23,Yes,Yes,DSL,No,No,Yes,No,Yes,No,Month-to-month,Yes,Bank transfer (automatic),86.58,1906.04,No,Region2_Suburban_Cohort
REG2-01611,Female,1,No,No,37,Yes,Yes,DSL,Yes,Yes,No,No,No,Yes,One year,No,Electronic check,101.42,3640.63,Yes,Region2_Suburban_Cohort
REG2-01612,Female,0,No,No,8,Yes,Yes,DSL,Yes,No,No,No,No,Yes,One year,Yes,Credit card (automatic),89.2,713.28,No,Region2_Suburban_Cohort
REG2-01613,Male,0,Yes,No,12,Yes,No,DSL,Yes,No,Yes,Yes,Yes,No,Month-to-month,Yes,Bank transfer (automatic),90.34,1103.71,Yes,Region2_Suburban_Cohort
REG2-01614,Male,0,Yes,No,57,Yes,Yes,Fiber optic,Yes,No,No,Yes,No,No,Two year,No,Electronic check,106.4,6180.44,No,Region2_Suburban_Cohort
REG2-01615,Female,0,No,No,10,Yes,No,No,No internet service,No internet service,No internet service,No internet service,No internet service,No internet service,Month-to-month,No,Electronic check,29.39,281.4,Yes,Region2_Suburban_Cohort
REG2-01616,Female,0,No,No,22,Yes,Yes,Fiber optic,Yes,Yes,Yes,No,No,Yes,One year,Yes,Credit card (automatic),124.7,2815.12,Yes,Region2_Suburban_Cohort
REG2-01617,Female,0,Yes,No,33,Yes,No,DSL,No,No,Yes,No,Yes,No,Month-to-month,Yes,Bank transfer (automatic),74.03,2482.14,Yes,Region2_Suburban_Cohort
REG2-01618,Female,0,Yes,No,72,Yes,Yes,No,No internet service,No internet service,No internet service,No internet service,No internet service,No internet service,Two year,Yes,Credit card (automatic),42.19,3009.59,No,Region2_Suburban_Cohort
REG2-01619,Female,0,Yes,No,16,Yes,No,DSL,Yes,No,Yes,No,Yes,No,Month-to-month,No,Electronic check,86.18,1388.68,No,Region2_Suburban_Cohort
REG2-01620,Male,0,No,No,15,Yes,No,No,No internet service,No internet service,No internet service,No internet service,No internet service,No internet service,One year,No,Credit card (automatic),29.08,447.88,No,Region2_Suburban_Cohort
REG2-01621,Male,1,Yes,No,51,Yes,No,Fiber optic,Yes,Yes,Yes,Yes,No,No,Month-to-month,No,Bank transfer (automatic),99.41,4949.29,No,Region2_Suburban_Cohort
REG2-01622,Female,0,Yes,No,45,Yes,No,Fiber optic,No,No,Yes,Yes,No,No,Two year,No,Electronic check,89.11,4186.4,No,Region2_Suburban_Cohort
REG2-01623,Female,0,No,No,36,No,No phone service,No,No internet service,No internet service,No internet service,No internet service,No internet service,No internet service,One year,No,Mailed check,23.71,822.64,No,Region2_Suburban_Cohort
REG2-01624,Male,1,Yes,Yes,17,Yes,No,Fiber optic,No,Yes,Yes,Yes,Yes,No,Month-to-month,No,Bank transfer (automatic),114.96,2032.93,Yes,Region2_Suburban_Cohort
REG2-01625,Female,0,No,No,10,Yes,No,DSL,Yes,No,No,No,No,Yes,Month-to-month,Yes,Electronic check,73.21,749.73,Yes,Region2_Suburban_Cohort
REG2-01626,Male,0,Yes,Yes,26,No,No phone service,Fiber optic,No,Yes,No,Yes,No,Yes,Month-to-month,No,Credit card (automatic),89.02,2351.67,No,Region2_Suburban_Cohort
REG2-01627,Female,0,No,No,58,Yes,No,DSL,Yes,No,No,No,No,No,Two year,No,Bank transfer (automatic),61.83,3436.56,No,Region2_Suburban_Cohort
REG2-01628,Male,0,Yes,No,60,No,No phone service,DSL,No,No,No,No,No,No,Two year,Yes,Electronic check,47.42,2964.42,No,Region2_Suburban_Cohort
REG2-01629,Male,1,No,No,3,Yes,Yes,Fiber optic,No,No,No,No,No,Yes,Month-to-month,Yes,Credit card (automatic),98.45,289.31,Yes,Region2_Suburban_Cohort
REG2-01630,Female,0,No,No,15,Yes,No,DSL,Yes,Yes,No,Yes,No,No,Month-to-month,Yes,Mailed check,74.03,1137.72,Yes,Region2_Suburban_Cohort
REG2-01631,Male,0,Yes,Yes,17,Yes,No,DSL,No,Yes,Yes,No,No,No,One year,No,Mailed check,72.42,1278.51,No,Region2_Suburban_Cohort
REG2-01632,Female,0,Yes,Yes,72,Yes,Yes,Fiber optic,No,No,Yes,No,No,Yes,Month-to-month,Yes,Credit card (automatic),109.58,7688.01,Yes,Region2_Suburban_Cohort
REG2-01633,Female,0,Yes,Yes,31,Yes,No,DSL,No,No,Yes,No,No,No,One year,No,Bank transfer (automatic),66.96,2161.82,No,Region2_Suburban_Cohort
REG2-01634,Female,1,Yes,Yes,14,Yes,No,DSL,Yes,Yes,Yes,Yes,Yes,No,Month-to-month,Yes,Mailed check,93.85,1328.61,Yes,Region2_Suburban_Cohort
REG2-01635,Male,0,No,No,1,Yes,No,Fiber optic,No,No,No,Yes,No,No,Month-to-month,No,Electronic check,85.86,87.23,Yes,Region2_Suburban_Cohort
REG2-01636,Male,0,No,No,23,Yes,No,DSL,No,Yes,No,Yes,No,No,Month-to-month,Yes,Mailed check,71.47,1711.95,No,Region2_Suburban_Cohort
REG2-01637,Male,0,Yes,No,2,Yes,Yes,Fiber optic,Yes,Yes,No,No,No,Yes,Two year,No,Bank transfer (automatic),113.35,227.31,Yes,Region2_Suburban_Cohort
REG2-01638,Female,0,No,No,50,Yes,Yes,Fiber optic,Yes,Yes,No,Yes,Yes,No,Two year,Yes,Bank transfer (automatic),118.88,5908.72,No,Region2_Suburban_Cohort
REG2-01639,Female,1,No,No,39,Yes,Yes,DSL,No,No,No,No,Yes,No,One year,Yes,Bank transfer (automatic),74.36,2938.68,Yes,Region2_Suburban_Cohort
REG2-01640,Female,0,No,No,17,No,No phone service,DSL,No,No,No,No,No,No,Two year,Yes,Bank transfer (automatic),43.08,736.32,No,Region2_Suburban_Cohort
REG2-01641,Female,0,Yes,No,15,Yes,Yes,No,No internet service,No internet service,No internet service,No internet service,No internet service,No internet service,Month-to-month,Yes,Mailed check,39.96,573.11,Yes,Region2_Suburban_Cohort
REG2-01642,Female,0,Yes,No,63,Yes,No,Fiber optic,No,No,Yes,No,No,Yes,Two year,No,Bank transfer (automatic),94.73,5777.31,No,Region2_Suburban_Cohort
REG2-01643,Female,0,Yes,Yes,9,Yes,Yes,Fiber optic,Yes,No,Yes,No,Yes,No,Month-to-month,No,Electronic check,118.7,1016.33,Yes,Region2_Suburban_Cohort
REG2-01644,Male,0,No,No,8,Yes,No,Fiber optic,No,No,No,Yes,Yes,No,One year,Yes,Electronic check,94.82,728.84,Yes,Region2_Suburban_Cohort
REG2-01645,Female,1,Yes,No,72,Yes,No,DSL,Yes,No,No,Yes,Yes,Yes,One year,Yes,Bank transfer (automatic),91.14,6712.91,No,Region2_Suburban_Cohort
REG2-01646,Male,0,Yes,Yes,46,Yes,No,Fiber optic,No,Yes,Yes,No,No,No,One year,No,Electronic check,88.45,3867.18,Yes,Region2_Suburban_Cohort
REG2-01647,Female,1,Yes,Yes,48,Yes,Yes,DSL,No,Yes,Yes,Yes,No,Yes,Two year,No,Electronic check,103.84,4886.83,No,Region2_Suburban_Cohort
REG2-01648,Female,0,No,No,6,Yes,Yes,Fiber optic,No,No,No,Yes,No,No,Month-to-month,Yes,Electronic check,93.12,555.89,Yes,Region2_Suburban_Cohort
REG2-01649,Female,0,Yes,Yes,4,No,No phone service,No,No internet service,No internet service,No internet service,No internet service,No internet service,No internet service,Month-to-month,Yes,Electronic check,19.71,82.29,Yes,Region2_Suburban_Cohort
REG2-01650,Male,0,Yes,Yes,1,Yes,Yes,DSL,No,No,No,No,Yes,Yes,Month-to-month,Yes,Mailed check,93.88,92.26,Yes,Region2_Suburban_Cohort
REG2-01651,Male,0,Yes,No,7,Yes,Yes,No,No internet service,No internet service,No internet service,No internet service,No internet service,No internet service,Month-to-month,Yes,Mailed check,43.62,313.99,Yes,Region2_Suburban_Cohort
REG2-01652,Male,1,Yes,Yes,41,Yes,No,Fiber optic,No,No,No,No,No,Yes,One year,No,Electronic check,85.63,3478.8,Yes,Region2_Suburban_Cohort
REG2-01653,Male,0,No,No,7,Yes,No,DSL,No,No,No,Yes,No,Yes,Month-to-month,No,Electronic check,72.55,487.46,No,Region2_Suburban_Cohort
REG2-01654,Male,0,Yes,No,36,No,No phone service,DSL,Yes,No,No,No,No,Yes,One year,Yes,Electronic check,69.92,2416.14,No,Region2_Suburban_Cohort
REG2-01655,Female,0,Yes,Yes,8,Yes,Yes,DSL,Yes,No,Yes,No,No,Yes,Month-to-month,Yes,Mailed check,93.25,740.96,Yes,Region2_Suburban_Cohort
REG2-01656,Female,0,No,No,14,Yes,No,Fiber optic,No,Yes,No,No,No,Yes,One year,No,Credit card (automatic),100.98,1351.22,No,Region2_Suburban_Cohort
REG2-01657,Male,0,Yes,Yes,72,Yes,Yes,No,No internet service,No internet service,No internet service,No internet service,No internet service,No internet service,Two year,Yes,Electronic check,46.05,3339.35,No,Region2_Suburban_Cohort
REG2-01658,Male,0,Yes,Yes,7,Yes,No,Fiber optic,Yes,Yes,No,No,Yes,Yes,Month-to-month,Yes,Bank transfer (automatic),114.78,802.95,Yes,Region2_Suburban_Cohort
REG2-01659,Male,0,No,No,13,Yes,Yes,Fiber optic,No,No,Yes,No,Yes,No,One year,No,Electronic check,103.95,1378.72,Yes,Region2_Suburban_Cohort
REG2-01660,Female,0,Yes,Yes,10,Yes,No,DSL,Yes,No,No,No,No,Yes,Month-to-month,Yes,Electronic check,75.1,727.39,Yes,Region2_Suburban_Cohort
REG2-01661,Female,0,Yes,No,3,Yes,Yes,DSL,No,No,Yes,No,No,No,Month-to-month,No,Mailed check,78.29,237.05,Yes,Region2_Suburban_Cohort
REG2-01662,Female,0,Yes,No,18,Yes,Yes,DSL,No,Yes,No,No,Yes,No,One year,No,Mailed check,86.05,1498.49,No,Region2_Suburban_Cohort
REG2-01663,Male,0,Yes,Yes,13,Yes,Yes,Fiber optic,No,Yes,No,No,No,Yes,Month-to-month,No,Electronic check,103.71,1378.19,Yes,Region2_Suburban_Cohort
REG2-01664,Female,0,No,No,33,Yes,Yes,Fiber optic,No,Yes,No,No,No,No,Two year,Yes,Electronic check,93.6,3029.24,Yes,Region2_Suburban_Cohort
REG2-01665,Female,1,No,No,47,Yes,No,DSL,No,No,No,No,No,No,Two year,Yes,Electronic check,55.98,2661.16,No,Region2_Suburban_Cohort
REG2-01666,Male,0,No,No,22,Yes,Yes,Fiber optic,No,No,No,Yes,No,No,One year,No,Credit card (automatic),96.18,2196.93,Yes,Region2_Suburban_Cohort
REG2-01667,Female,0,Yes,No,1,Yes,No,No,No internet service,No internet service,No internet service,No internet service,No internet service,No internet service,Month-to-month,Yes,Electronic check,30.2,30.16,Yes,Region2_Suburban_Cohort
REG2-01668,Male,0,Yes,No,27,Yes,No,No,No internet service,No internet service,No internet service,No internet service,No internet service,No internet service,One year,Yes,Electronic check,28.83,754.46,No,Region2_Suburban_Cohort
REG2-01669,Female,0,No,No,1,Yes,No,Fiber optic,No,No,Yes,Yes,No,Yes,Month-to-month,Yes,Credit card (automatic),102.69,106.66,Yes,Region2_Suburban_Cohort
REG2-01670,Male,0,No,No,26,Yes,No,Fiber optic,Yes,Yes,No,No,No,Yes,One year,No,Electronic check,101.85,2610.65,Yes,Region2_Suburban_Cohort
REG2-01671,Female,0,Yes,No,32,Yes,Yes,No,No internet service,No internet service,No internet service,No internet service,No internet service,No internet service,Month-to-month,Yes,Electronic check,42.34,1386.08,Yes,Region2_Suburban_Cohort
REG2-01672,Female,0,Yes,Yes,6,Yes,No,Fiber optic,No,Yes,Yes,No,Yes,Yes,Month-to-month,Yes,Electronic check,115.66,681.48,Yes,Region2_Suburban_Cohort
REG2-01673,Female,0,Yes,No,47,Yes,No,Fiber optic,No,Yes,No,No,No,No,Two year,No,Electronic check,82.39,3794.19,No,Region2_Suburban_Cohort
REG2-01674,Female,0,Yes,No,67,Yes,No,Fiber optic,Yes,No,No,No,No,No,Month-to-month,Yes,Electronic check,80.89,5496.6,Yes,Region2_Suburban_Cohort
REG2-01675,Male,0,Yes,No,46,Yes,No,Fiber optic,Yes,No,No,No,No,No,One year,Yes,Credit card (automatic),86.13,3825.81,No,Region2_Suburban_Cohort
REG2-01676,Male,1,Yes,Yes,10,Yes,No,DSL,Yes,No,No,Yes,Yes,No,Month-to-month,Yes,Credit card (automatic),83.75,868.23,Yes,Region2_Suburban_Cohort
REG2-01677,Male,0,No,No,24,Yes,Yes,DSL,No,No,Yes,No,Yes,Yes,Month-to-month,No,Mailed check,100.79,2391.78,Yes,Region2_Suburban_Cohort
REG2-01678,Male,0,No,No,68,Yes,No,No,No internet service,No internet service,No internet service,No internet service,No internet service,No internet service,Month-to-month,No,Mailed check,28.14,1821.53,No,Region2_Suburban_Cohort
REG2-01679,Female,1,Yes,Yes,10,Yes,No,Fiber optic,No,No,No,No,No,No,Month-to-month,No,Mailed check,74.78,733.25,Yes,Region2_Suburban_Cohort
REG2-01680,Male,0,Yes,Yes,48,Yes,Yes,DSL,Yes,Yes,Yes,No,No,No,Two year,Yes,Mailed check,89.09,4398.18,No,Region2_Suburban_Cohort
REG2-01681,Female,1,No,No,1,Yes,No,No,No internet service,No internet service,No internet service,No internet service,No internet service,No internet service,Month-to-month,No,Bank transfer (automatic),33.54,34.75,No,Region2_Suburban_Cohort
REG2-01682,Female,0,Yes,No,1,Yes,Yes,DSL,No,No,No,Yes,No,No,Month-to-month,Yes,Mailed check,72.29,72.78,Yes,Region2_Suburban_Cohort
REG2-01683,Female,1,No,No,39,No,No phone service,DSL,No,Yes,No,No,No,No,One year,Yes,Electronic check,50.48,1928.19,Yes,Region2_Suburban_Cohort
REG2-01684,Male,0,Yes,Yes,40,Yes,Yes,Fiber optic,Yes,Yes,No,No,No,No,Two year,No,Electronic check,103.17,4138.29,No,Region2_Suburban_Cohort
REG2-01685,Female,1,No,No,43,Yes,No,DSL,No,Yes,No,No,No,Yes,Two year,No,Credit card (automatic),72.08,3203.7,No,Region2_Suburban_Cohort
REG2-01686,Female,0,Yes,No,72,Yes,No,Fiber optic,Yes,Yes,No,No,Yes,Yes,Two year,No,Electronic check,118.53,8377.16,No,Region2_Suburban_Cohort
REG2-01687,Male,0,Yes,No,3,Yes,No,DSL,Yes,No,No,No,Yes,Yes,Month-to-month,Yes,Credit card (automatic),83.48,247.57,Yes,Region2_Suburban_Cohort
REG2-01688,Female,1,Yes,No,7,Yes,No,DSL,No,Yes,No,Yes,Yes,No,Month-to-month,Yes,Bank transfer (automatic),82.41,579.16,Yes,Region2_Suburban_Cohort
REG2-01689,Female,0,Yes,Yes,65,Yes,Yes,DSL,No,Yes,No,No,Yes,Yes,One year,Yes,Mailed check,97.96,6613.91,No,Region2_Suburban_Cohort
REG2-01690,Male,0,Yes,No,5,Yes,No,DSL,No,Yes,No,No,Yes,Yes,Month-to-month,Yes,Electronic check,87.75,442.35,Yes,Region2_Suburban_Cohort
REG2-01691,Male,0,No,No,32,No,No phone service,DSL,Yes,Yes,Yes,No,No,No,Month-to-month,Yes,Electronic check,66.99,2081.0,Yes,Region2_Suburban_Cohort
REG2-01692,Male,0,Yes,No,21,Yes,Yes,Fiber optic,No,Yes,Yes,No,Yes,Yes,One year,No,Mailed check,127.64,2570.3,Yes,Region2_Suburban_Cohort
REG2-01693,Male,1,Yes,No,2,Yes,Yes,Fiber optic,No,No,No,Yes,No,No,Month-to-month,Yes,Bank transfer (automatic),92.85,178.18,Yes,Region2_Suburban_Cohort
REG2-01694,Male,0,Yes,Yes,9,Yes,Yes,DSL,No,Yes,No,No,No,No,One year,Yes,Bank transfer (automatic),72.48,681.69,No,Region2_Suburban_Cohort
REG2-01695,Male,0,No,No,20,No,No phone service,Fiber optic,No,Yes,No,Yes,Yes,No,One year,Yes,Mailed check,92.43,1908.2,No,Region2_Suburban_Cohort
REG2-01696,Male,0,No,No,53,Yes,No,Fiber optic,No,Yes,No,No,Yes,Yes,One year,Yes,Mailed check,106.74,5807.62,Yes,Region2_Suburban_Cohort
REG2-01697,Male,0,No,No,34,Yes,No,Fiber optic,No,Yes,Yes,No,Yes,Yes,One year,No,Bank transfer (automatic),114.3,3884.79,Yes,Region2_Suburban_Cohort
REG2-01698,Female,0,Yes,Yes,27,Yes,No,Fiber optic,No,Yes,Yes,No,No,No,One year,No,Credit card (automatic),90.03,2472.75,No,Region2_Suburban_Cohort
REG2-01699,Female,0,No,No,19,Yes,No,No,No internet service,No internet service,No internet service,No internet service,No internet service,No internet service,One year,No,Credit card (automatic),33.41,611.13,No,Region2_Suburban_Cohort
REG2-01700,Female,0,No,No,9,Yes,Yes,Fiber optic,No,No,No,Yes,Yes,No,Month-to-month,No,Mailed check,107.75,981.47,Yes,Region2_Suburban_Cohort
REG2-01701,Male,1,No,No,3,Yes,No,DSL,No,No,Yes,No,No,Yes,Month-to-month,Yes,Electronic check,75.61,233.88,Yes,Region2_Suburban_Cohort
REG2-01702,Male,0,Yes,Yes,14,Yes,Yes,DSL,No,Yes,Yes,Yes,Yes,No,Month-to-month,No,Electronic check,105.68,1414.74,No,Region2_Suburban_Cohort
REG2-01703,Male,0,Yes,No,1,Yes,Yes,Fiber optic,No,No,No,No,Yes,Yes,Month-to-month,Yes,Mailed check,107.6,105.41,Yes,Region2_Suburban_Cohort
REG2-01704,Male,1,Yes,Yes,6,Yes,No,No,No internet service,No internet service,No internet service,No internet service,No internet service,No internet service,Month-to-month,Yes,Bank transfer (automatic),35.2,202.97,Yes,Region2_Suburban_Cohort
REG2-01705,Male,0,Yes,Yes,15,Yes,No,Fiber optic,No,Yes,No,No,Yes,Yes,Two year,Yes,Mailed check,102.8,1505.03,No,Region2_Suburban_Cohort
REG2-01706,Female,0,No,No,15,No,No phone service,No,No internet service,No internet service,No internet service,No internet service,No internet service,No internet service,One year,Yes,Bank transfer (automatic),23.08,355.63,Yes,Region2_Suburban_Cohort
REG2-01707,Male,0,Yes,No,1,No,No phone service,Fiber optic,Yes,No,Yes,No,Yes,No,Month-to-month,Yes,Credit card (automatic),88.8,87.31,Yes,Region2_Suburban_Cohort
REG2-01708,Female,1,Yes,Yes,24,Yes,No,Fiber optic,Yes,No,No,No,No,No,Month-to-month,No,Electronic check,82.84,2025.87,Yes,Region2_Suburban_Cohort
REG2-01709,Female,0,No,No,22,No,No phone service,Fiber optic,Yes,No,No,No,Yes,Yes,One year,Yes,Credit card (automatic),95.45,2157.29,Yes,Region2_Suburban_Cohort
REG2-01710,Male,1,No,No,2,Yes,No,Fiber optic,Yes,Yes,No,Yes,Yes,No,Month-to-month,No,Electronic check,114.82,236.91,Yes,Region2_Suburban_Cohort
REG2-01711,Male,0,Yes,No,72,Yes,No,No,No internet service,No internet service,No internet service,No internet service,No internet service,No internet service,Two year,No,Electronic check,31.93,2384.8,No,Region2_Suburban_Cohort
REG2-01712,Female,0,No,No,2,Yes,No,Fiber optic,No,No,Yes,Yes,Yes,Yes,Month-to-month,No,Credit card (automatic),114.28,230.79,Yes,Region2_Suburban_Cohort
REG2-01713,Male,0,Yes,No,54,Yes,Yes,DSL,No,Yes,No,Yes,No,No,Two year,No,Credit card (automatic),84.33,4453.93,No,Region2_Suburban_Cohort
REG2-01714,Male,0,No,No,1,Yes,Yes,Fiber optic,No,Yes,Yes,No,Yes,No,Month-to-month,No,Bank transfer (automatic),115.7,111.66,Yes,Region2_Suburban_Cohort
REG2-01715,Female,0,No,No,59,Yes,Yes,DSL,No,Yes,No,No,No,Yes,One year,Yes,Credit card (automatic),88.75,5238.19,Yes,Region2_Suburban_Cohort
REG2-01716,Male,0,No,No,1,Yes,Yes,DSL,No,No,No,No,Yes,Yes,One year,Yes,Credit card (automatic),90.51,86.92,Yes,Region2_Suburban_Cohort
REG2-01717,Female,0,No,No,39,Yes,Yes,DSL,Yes,Yes,Yes,No,Yes,No,Month-to-month,No,Mailed check,101.26,4111.34,Yes,Region2_Suburban_Cohort
REG2-01718,Female,0,No,No,12,Yes,No,Fiber optic,No,No,No,Yes,No,No,Month-to-month,No,Bank transfer (automatic),77.57,925.49,Yes,Region2_Suburban_Cohort
REG2-01719,Male,0,Yes,Yes,37,Yes,No,DSL,No,Yes,No,No,No,Yes,One year,No,Electronic check,74.14,2845.5,No,Region2_Suburban_Cohort
REG2-01720,Male,0,Yes,Yes,14,Yes,No,Fiber optic,No,No,No,No,Yes,Yes,One year,No,Electronic check,99.34,1419.86,Yes,Region2_Suburban_Cohort
REG2-01721,Male,0,No,No,2,No,No phone service,Fiber optic,Yes,Yes,Yes,Yes,Yes,No,Month-to-month,Yes,Bank transfer (automatic),106.5,220.61,No,Region2_Suburban_Cohort
REG2-01722,Male,0,Yes,Yes,40,Yes,Yes,DSL,No,Yes,Yes,No,No,Yes,Two year,No,Bank transfer (automatic),94.81,3938.01,No,Region2_Suburban_Cohort
REG2-01723,Male,0,Yes,No,2,No,No phone service,No,No internet service,No internet service,No internet service,No internet service,No internet service,No internet service,One year,No,Mailed check,22.79,43.54,Yes,Region2_Suburban_Cohort
REG2-01724,Female,0,No,No,71,Yes,Yes,No,No internet service,No internet service,No internet service,No internet service,No internet service,No internet service,Two year,Yes,Mailed check,42.22,3065.14,No,Region2_Suburban_Cohort
REG2-01725,Male,0,No,No,1,Yes,Yes,DSL,No,Yes,No,No,Yes,No,Month-to-month,No,Credit card (automatic),85.15,82.82,No,Region2_Suburban_Cohort
REG2-01726,Male,0,Yes,Yes,18,Yes,No,DSL,Yes,No,No,No,Yes,No,Two year,No,Mailed check,77.31,1459.67,No,Region2_Suburban_Cohort
REG2-01727,Female,1,Yes,Yes,35,Yes,Yes,No,No internet service,No internet service,No internet service,No internet service,No internet service,No internet service,One year,Yes,Credit card (automatic),42.55,1530.71,No,Region2_Suburban_Cohort
REG2-01728,Female,0,Yes,No,13,Yes,No,DSL,No,No,Yes,Yes,No,No,Month-to-month,No,Credit card (automatic),71.48,883.13,No,Region2_Suburban_Cohort
REG2-01729,Female,0,Yes,Yes,6,Yes,No,Fiber optic,No,No,Yes,No,Yes,No,Month-to-month,Yes,Bank transfer (automatic),93.93,587.67,Yes,Region2_Suburban_Cohort
REG2-01730,Male,0,Yes,No,39,Yes,No,No,No internet service,No internet service,No internet service,No internet service,No internet service,No internet service,Two year,Yes,Electronic check,26.85,1025.4,No,Region2_Suburban_Cohort
REG2-01731,Female,0,No,No,42,Yes,Yes,Fiber optic,No,No,Yes,No,Yes,Yes,Two year,Yes,Electronic check,119.61,4981.75,Yes,Region2_Suburban_Cohort
REG2-01732,Female,0,Yes,Yes,71,Yes,No,Fiber optic,Yes,Yes,No,No,No,Yes,Month-to-month,No,Mailed check,103.92,7461.17,No,Region2_Suburban_Cohort
REG2-01733,Male,0,Yes,Yes,13,Yes,No,DSL,No,Yes,Yes,No,Yes,No,One year,Yes,Bank transfer (automatic),81.21,1099.68,No,Region2_Suburban_Cohort
REG2-01734,Male,0,Yes,No,19,Yes,No,Fiber optic,No,Yes,Yes,No,Yes,No,Two year,Yes,Mailed check,103.39,2048.35,Yes,Region2_Suburban_Cohort
REG2-01735,Female,0,No,No,12,Yes,Yes,Fiber optic,No,Yes,No,Yes,Yes,No,Month-to-month,No,Credit card (automatic),117.34,1417.02,Yes,Region2_Suburban_Cohort
REG2-01736,Male,0,Yes,No,8,Yes,Yes,Fiber optic,No,No,Yes,Yes,Yes,No,Month-to-month,Yes,Bank transfer (automatic),112.46,883.19,No,Region2_Suburban_Cohort
REG2-01737,Male,0,Yes,No,38,Yes,Yes,DSL,No,No,No,Yes,Yes,Yes,Two year,Yes,Mailed check,100.06,3718.32,No,Region2_Suburban_Cohort
REG2-01738,Male,0,Yes,Yes,11,Yes,No,No,No internet service,No internet service,No internet service,No internet service,No internet service,No internet service,Month-to-month,No,Credit card (automatic),29.75,322.81,Yes,Region2_Suburban_Cohort
REG2-01739,Male,0,No,No,15,No,No phone service,Fiber optic,No,No,Yes,Yes,No,No,Two year,Yes,Electronic check,83.4,1211.03,No,Region2_Suburban_Cohort
REG2-01740,Female,1,No,No,14,Yes,No,Fiber optic,No,Yes,No,No,Yes,No,One year,No,Electronic check,97.69,1390.89,Yes,Region2_Suburban_Cohort
REG2-01741,Female,0,Yes,Yes,34,Yes,No,Fiber optic,Yes,Yes,No,No,No,Yes,Month-to-month,Yes,Electronic check,103.15,3516.85,Yes,Region2_Suburban_Cohort
REG2-01742,Female,0,Yes,No,69,Yes,No,DSL,No,Yes,Yes,No,No,Yes,Month-to-month,No,Electronic check,82.99,5882.9,Yes,Region2_Suburban_Cohort
REG2-01743,Male,1,Yes,No,30,Yes,Yes,DSL,No,Yes,No,No,No,No,Month-to-month,Yes,Credit card (automatic),74.44,2142.56,Yes,Region2_Suburban_Cohort
REG2-01744,Male,0,Yes,Yes,17,No,No phone service,DSL,Yes,No,No,Yes,No,Yes,Month-to-month,No,Bank transfer (automatic),70.35,1183.98,No,Region2_Suburban_Cohort
REG2-01745,Male,0,Yes,Yes,42,No,No phone service,Fiber optic,No,No,No,Yes,No,No,Two year,Yes,Bank transfer (automatic),73.98,3026.33,No,Region2_Suburban_Cohort
REG2-01746,Male,0,Yes,Yes,28,Yes,No,DSL,No,No,Yes,No,Yes,No,One year,Yes,Bank transfer (automatic),75.15,2111.6,No,Region2_Suburban_Cohort
REG2-01747,Male,1,Yes,Yes,1,Yes,Yes,DSL,Yes,No,Yes,No,Yes,No,Month-to-month,No,Bank transfer (automatic),93.11,92.81,No,Region2_Suburban_Cohort
REG2-01748,Female,0,Yes,Yes,2,No,No phone service,Fiber optic,Yes,No,Yes,No,No,No,Month-to-month,No,Bank transfer (automatic),76.08,151.39,Yes,Region2_Suburban_Cohort
REG2-01749,Male,0,Yes,No,1,Yes,No,Fiber optic,No,Yes,Yes,No,No,No,Month-to-month,No,Credit card (automatic),92.38,90.68,Yes,Region2_Suburban_Cohort
REG2-01750,Female,0,No,No,17,Yes,No,Fiber optic,Yes,No,No,Yes,Yes,No,Two year,Yes,Mailed check,102.11,1775.25,No,Region2_Suburban_Cohort
REG2-01751,Male,1,Yes,No,48,Yes,No,No,No internet service,No internet service,No internet service,No internet service,No internet service,No internet service,Two year,Yes,Credit card (automatic),31.71,1519.27,No,Region2_Suburban_Cohort
REG2-01752,Male,0,Yes,No,10,Yes,No,No,No internet service,No internet service,No internet service,No internet service,No internet service,No internet service,One year,Yes,Credit card (automatic),26.59,257.98,No,Region2_Suburban_Cohort
REG2-01753,Male,0,Yes,No,13,Yes,No,DSL,Yes,No,No,No,No,No,Month-to-month,Yes,Electronic check,63.18,825.24,Yes,Region2_Suburban_Cohort
REG2-01754,Female,1,No,No,67,Yes,No,No,No internet service,No internet service,No internet service,No internet service,No internet service,No internet service,Two year,Yes,Mailed check,29.92,2024.02,No,Region2_Suburban_Cohort
REG2-01755,Female,0,No,No,50,Yes,Yes,DSL,Yes,Yes,No,No,No,No,Two year,No,Credit card (automatic),82.48,3926.62,No,Region2_Suburban_Cohort
REG2-01756,Female,0,Yes,Yes,30,Yes,No,No,No internet service,No internet service,No internet service,No internet service,No internet service,No internet service,Two year,Yes,Credit card (automatic),33.95,988.33,No,Region2_Suburban_Cohort
REG2-01757,Male,0,Yes,No,8,Yes,No,Fiber optic,Yes,Yes,Yes,No,No,Yes,Month-to-month,Yes,Electronic check,111.4,868.24,Yes,Region2_Suburban_Cohort
REG2-01758,Male,0,Yes,No,3,Yes,No,Fiber optic,No,No,No,No,Yes,No,Month-to-month,Yes,Electronic check,82.67,241.76,Yes,Region2_Suburban_Cohort
REG2-01759,Female,1,Yes,No,1,Yes,No,DSL,No,No,No,No,No,No,Month-to-month,No,Mailed check,54.0,52.59,Yes,Region2_Suburban_Cohort
REG2-01760,Male,0,Yes,No,3,Yes,No,DSL,Yes,Yes,Yes,Yes,Yes,No,Month-to-month,Yes,Electronic check,94.97,278.4,Yes,Region2_Suburban_Cohort
REG2-01761,Female,1,No,No,9,No,No phone service,Fiber optic,Yes,No,No,No,No,Yes,Month-to-month,Yes,Electronic check,88.54,777.95,No,Region2_Suburban_Cohort
REG2-01762,Male,0,No,No,22,Yes,No,Fiber optic,No,Yes,No,No,Yes,Yes,One year,No,Electronic check,107.62,2458.57,No,Region2_Suburban_Cohort
REG2-01763,Male,0,No,No,1,Yes,Yes,Fiber optic,No,No,No,Yes,Yes,Yes,One year,Yes,Electronic check,118.6,116.46,Yes,Region2_Suburban_Cohort
REG2-01764,Male,1,Yes,No,4,Yes,No,Fiber optic,No,No,Yes,Yes,No,Yes,Month-to-month,Yes,Mailed check,99.47,391.9,Yes,Region2_Suburban_Cohort
REG2-01765,Male,0,No,No,5,Yes,No,Fiber optic,No,No,Yes,Yes,No,Yes,Month-to-month,Yes,Credit card (automatic),103.43,505.06,Yes,Region2_Suburban_Cohort
REG2-01766,Female,0,No,No,27,Yes,No,DSL,No,Yes,Yes,No,No,Yes,Two year,Yes,Electronic check,85.62,2419.83,No,Region2_Suburban_Cohort
REG2-01767,Male,0,Yes,Yes,26,Yes,Yes,No,No internet service,No internet service,No internet service,No internet service,No internet service,No internet service,Month-to-month,Yes,Bank transfer (automatic),43.48,1134.49,No,Region2_Suburban_Cohort
REG2-01768,Male,1,Yes,No,22,Yes,No,DSL,Yes,No,No,Yes,No,Yes,Two year,Yes,Mailed check,84.38,1876.88,No,Region2_Suburban_Cohort
REG2-01769,Male,0,Yes,Yes,8,Yes,Yes,DSL,No,No,No,Yes,Yes,Yes,Month-to-month,Yes,Credit card (automatic),102.59,840.05,Yes,Region2_Suburban_Cohort
REG2-01770,Male,0,Yes,No,12,Yes,No,No,No internet service,No internet service,No internet service,No internet service,No internet service,No internet service,Month-to-month,Yes,Mailed check,33.82,399.09,Yes,Region2_Suburban_Cohort
REG2-01771,Female,0,Yes,Yes,2,No,No phone service,Fiber optic,No,Yes,Yes,Yes,No,No,Month-to-month,Yes,Electronic check,89.27,186.91,Yes,Region2_Suburban_Cohort
REG2-01772,Female,0,No,No,7,Yes,Yes,Fiber optic,Yes,No,Yes,No,Yes,Yes,Two year,Yes,Credit card (automatic),128.47,868.02,No,Region2_Suburban_Cohort
REG2-01773,Female,0,Yes,No,63,Yes,No,Fiber optic,No,No,No,No,Yes,Yes,Two year,Yes,Credit card (automatic),103.28,6479.19,No,Region2_Suburban_Cohort
REG2-01774,Female,0,No,No,72,Yes,Yes,No,No internet service,No internet service,No internet service,No internet service,No internet service,No internet service,Two year,Yes,Bank transfer (automatic),39.49,2742.47,No,Region2_Suburban_Cohort
REG2-01775,Male,0,Yes,Yes,29,Yes,Yes,Fiber optic,No,No,No,No,Yes,No,Month-to-month,Yes,Electronic check,100.19,2989.88,Yes,Region2_Suburban_Cohort
REG2-01776,Female,0,No,No,69,No,No phone service,DSL,No,No,Yes,Yes,Yes,Yes,Two year,No,Electronic check,82.44,5464.99,No,Region2_Suburban_Cohort
REG2-01777,Male,0,Yes,No,28,Yes,No,Fiber optic,No,No,No,No,Yes,No,Two year,Yes,Electronic check,86.07,2422.95,No,Region2_Suburban_Cohort
REG2-01778,Male,1,No,No,1,Yes,Yes,No,No internet service,No internet service,No internet service,No internet service,No internet service,No internet service,Month-to-month,No,Electronic check,45.35,43.56,Yes,Region2_Suburban_Cohort
REG2-01779,Female,0,Yes,Yes,72,Yes,Yes,Fiber optic,No,No,Yes,Yes,Yes,No,Two year,No,Electronic check,112.89,8089.6,No,Region2_Suburban_Cohort
REG2-01780,Male,1,Yes,No,2,Yes,Yes,DSL,No,No,No,Yes,Yes,No,Two year,No,Electronic check,89.73,175.52,No,Region2_Suburban_Cohort
REG2-01781,Female,0,No,No,32,No,No phone service,Fiber optic,Yes,Yes,No,No,No,Yes,Month-to-month,No,Electronic check,91.48,3045.42,Yes,Region2_Suburban_Cohort
REG2-01782,Male,0,Yes,Yes,8,Yes,No,Fiber optic,No,Yes,No,Yes,Yes,Yes,Month-to-month,No,Bank transfer (automatic),117.75,899.9,Yes,Region2_Suburban_Cohort
REG2-01783,Female,1,No,No,13,Yes,No,DSL,No,Yes,Yes,No,Yes,Yes,Two year,No,Bank transfer (automatic),98.66,1301.81,No,Region2_Suburban_Cohort
REG2-01784,Female,0,No,No,29,Yes,Yes,No,No internet service,No internet service,No internet service,No internet service,No internet service,No internet service,One year,No,Electronic check,39.73,1174.67,No,Region2_Suburban_Cohort
REG2-01785,Female,0,Yes,No,16,Yes,No,DSL,Yes,No,Yes,Yes,Yes,No,Two year,Yes,Credit card (automatic),92.59,1539.07,No,Region2_Suburban_Cohort
REG2-01786,Female,1,Yes,No,8,Yes,Yes,No,No internet service,No internet service,No internet service,No internet service,No internet service,No internet service,Month-to-month,Yes,Bank transfer (automatic),44.77,371.69,Yes,Region2_Suburban_Cohort
REG2-01787,Female,0,No,No,11,Yes,No,DSL,Yes,No,No,No,Yes,No,Month-to-month,Yes,Electronic check,73.92,851.91,Yes,Region2_Suburban_Cohort
REG2-01788,Male,0,Yes,Yes,11,Yes,No,DSL,No,No,No,Yes,No,Yes,Month-to-month,No,Electronic check,76.42,819.93,No,Region2_Suburban_Cohort
REG2-01789,Female,0,No,No,72,Yes,No,Fiber optic,No,No,Yes,Yes,Yes,Yes,Two year,Yes,Electronic check,112.01,7883.12,No,Region2_Suburban_Cohort
REG2-01790,Male,0,No,No,44,Yes,No,Fiber optic,No,No,No,Yes,Yes,Yes,Month-to-month,No,Bank transfer (automatic),112.48,4898.29,Yes,Region2_Suburban_Cohort
REG2-01791,Female,0,Yes,Yes,17,No,No phone service,Fiber optic,Yes,No,No,No,No,Yes,Month-to-month,Yes,Electronic check,83.14,1418.69,Yes,Region2_Suburban_Cohort
REG2-01792,Female,0,Yes,No,6,Yes,Yes,No,No internet service,No internet service,No internet service,No internet service,No internet service,No internet service,Month-to-month,Yes,Electronic check,41.28,244.39,Yes,Region2_Suburban_Cohort
REG2-01793,Female,0,No,No,46,Yes,Yes,No,No internet service,No internet service,No internet service,No internet service,No internet service,No internet service,Two year,Yes,Mailed check,41.67,1962.88,No,Region2_Suburban_Cohort
REG2-01794,Male,0,Yes,Yes,4,No,No phone service,DSL,Yes,Yes,No,No,Yes,No,One year,Yes,Bank transfer (automatic),73.2,278.41,Yes,Region2_Suburban_Cohort
REG2-01795,Male,0,Yes,No,6,Yes,No,Fiber optic,No,Yes,No,No,Yes,No,Month-to-month,No,Electronic check,96.12,548.9,Yes,Region2_Suburban_Cohort
REG2-01796,Female,0,Yes,No,12,Yes,Yes,Fiber optic,Yes,No,No,No,Yes,Yes,One year,Yes,Mailed check,120.08,1472.09,No,Region2_Suburban_Cohort
REG2-01797,Male,0,Yes,No,59,Yes,Yes,No,No internet service,No internet service,No internet service,No internet service,No internet service,No internet service,One year,No,Electronic check,39.23,2403.25,Yes,Region2_Suburban_Cohort
REG2-01798,Male,0,Yes,Yes,3,Yes,Yes,Fiber optic,Yes,Yes,No,Yes,Yes,No,Month-to-month,Yes,Mailed check,119.88,369.59,Yes,Region2_Suburban_Cohort
REG2-01799,Male,0,Yes,Yes,3,Yes,Yes,No,No internet service,No internet service,No internet service,No internet service,No internet service,No internet service,Month-to-month,Yes,Mailed check,46.25,133.44,Yes,Region2_Suburban_Cohort
REG2-01800,Female,0,No,No,19,Yes,No,Fiber optic,No,Yes,No,No,Yes,Yes,One year,Yes,Mailed check,109.89,2178.73,No,Region2_Suburban_Cohort
REG2-01801,Female,0,Yes,No,9,Yes,Yes,Fiber optic,No,No,Yes,Yes,No,No,One year,No,Mailed check,99.74,899.63,No,Region2_Suburban_Cohort
REG2-01802,Male,0,Yes,Yes,23,No,No phone service,DSL,No,No,No,No,No,No,One year,No,Electronic check,45.99,1083.4,Yes,Region2_Suburban_Cohort
REG2-01803,Male,1,No,No,16,Yes,Yes,Fiber optic,Yes,No,Yes,Yes,No,Yes,Two year,Yes,Electronic check,125.03,1940.67,No,Region2_Suburban_Cohort
REG2-01804,Male,0,No,No,15,Yes,No,Fiber optic,Yes,No,No,No,No,Yes,One year,Yes,Electronic check,100.16,1509.73,Yes,Region2_Suburban_Cohort
REG2-01805,Female,0,No,No,3,Yes,Yes,No,No internet service,No internet service,No internet service,No internet service,No internet service,No internet service,Month-to-month,No,Electronic check,40.81,120.35,Yes,Region2_Suburban_Cohort
REG2-01806,Female,0,Yes,No,4,Yes,No,DSL,Yes,Yes,No,No,No,Yes,Month-to-month,Yes,Electronic check,85.55,358.45,Yes,Region2_Suburban_Cohort
REG2-01807,Male,0,No,No,48,Yes,Yes,DSL,Yes,No,Yes,No,Yes,Yes,Two year,Yes,Electronic check,108.82,5209.88,No,Region2_Suburban_Cohort
REG2-01808,Male,1,Yes,Yes,60,Yes,No,DSL,Yes,No,Yes,Yes,No,No,Two year,Yes,Mailed check,77.28,4755.31,No,Region2_Suburban_Cohort
REG2-01809,Male,1,Yes,No,7,Yes,Yes,Fiber optic,No,Yes,No,Yes,Yes,No,Month-to-month,Yes,Electronic check,114.14,807.23,Yes,Region2_Suburban_Cohort
REG2-01810,Female,0,Yes,No,3,Yes,Yes,Fiber optic,Yes,No,No,Yes,Yes,Yes,Month-to-month,No,Credit card (automatic),125.12,360.13,Yes,Region2_Suburban_Cohort
REG2-01811,Female,0,Yes,No,1,Yes,Yes,DSL,No,No,No,No,Yes,No,Month-to-month,Yes,Credit card (automatic),79.9,80.24,Yes,Region2_Suburban_Cohort
REG2-01812,Male,1,No,No,26,Yes,No,Fiber optic,Yes,No,Yes,No,Yes,Yes,Month-to-month,No,Electronic check,111.14,2901.26,Yes,Region2_Suburban_Cohort
REG2-01813,Male,1,Yes,Yes,35,Yes,No,Fiber optic,No,No,No,No,Yes,No,Two year,No,Mailed check,86.46,3091.38,Yes,Region2_Suburban_Cohort
REG2-01814,Male,0,No,No,13,Yes,No,DSL,No,Yes,No,No,No,Yes,Two year,No,Credit card (automatic),74.11,946.27,No,Region2_Suburban_Cohort
REG2-01815,Female,0,No,No,31,No,No phone service,Fiber optic,No,Yes,No,No,No,No,One year,Yes,Mailed check,67.89,2180.49,Yes,Region2_Suburban_Cohort
REG2-01816,Male,0,No,No,34,Yes,Yes,DSL,Yes,No,Yes,Yes,Yes,Yes,Month-to-month,Yes,Credit card (automatic),115.77,3984.44,No,Region2_Suburban_Cohort
REG2-01817,Female,1,Yes,Yes,72,No,No phone service,Fiber optic,No,No,No,Yes,No,No,Two year,No,Credit card (automatic),74.69,5129.95,No,Region2_Suburban_Cohort
REG2-01818,Female,0,No,No,1,No,No phone service,Fiber optic,No,No,No,No,Yes,Yes,Month-to-month,No,Credit card (automatic),85.38,87.15,Yes,Region2_Suburban_Cohort
REG2-01819,Male,0,Yes,No,5,No,No phone service,Fiber optic,No,No,No,No,No,No,Month-to-month,Yes,Electronic check,65.01,338.28,Yes,Region2_Suburban_Cohort
REG2-01820,Male,0,Yes,Yes,1,Yes,Yes,No,No internet service,No internet service,No internet service,No internet service,No internet service,No internet service,Month-to-month,Yes,Electronic check,38.56,39.27,Yes,Region2_Suburban_Cohort
REG2-01821,Male,0,No,No,56,No,No phone service,Fiber optic,No,No,Yes,No,No,Yes,Month-to-month,Yes,Electronic check,85.31,4720.03,Yes,Region2_Suburban_Cohort
REG2-01822,Female,0,Yes,Yes,44,Yes,Yes,DSL,Yes,Yes,Yes,No,Yes,No,Two year,No,Bank transfer (automatic),105.92,4702.73,No,Region2_Suburban_Cohort
REG2-01823,Female,1,Yes,No,23,Yes,Yes,DSL,No,No,No,No,Yes,Yes,Month-to-month,No,Mailed check,89.73,1995.97,Yes,Region2_Suburban_Cohort
REG2-01824,Female,0,No,No,2,Yes,Yes,Fiber optic,No,No,Yes,Yes,No,No,Month-to-month,No,Electronic check,102.27,206.61,Yes,Region2_Suburban_Cohort
REG2-01825,Female,0,Yes,No,8,No,No phone service,DSL,No,Yes,No,No,No,No,One year,No,Electronic check,58.28,466.29,No,Region2_Suburban_Cohort
REG2-01826,Male,0,No,No,9,Yes,No,No,No internet service,No internet service,No internet service,No internet service,No internet service,No internet service,One year,Yes,Bank transfer (automatic),28.14,241.26,No,Region2_Suburban_Cohort
REG2-01827,Female,0,Yes,Yes,23,Yes,No,DSL,No,No,No,Yes,No,No,Month-to-month,Yes,Mailed check,60.66,1370.33,No,Region2_Suburban_Cohort
REG2-01828,Female,0,Yes,No,8,Yes,No,Fiber optic,No,No,No,No,Yes,Yes,Month-to-month,Yes,Bank transfer (automatic),98.99,767.47,Yes,Region2_Suburban_Cohort
REG2-01829,Male,0,Yes,Yes,2,Yes,No,DSL,No,Yes,No,Yes,No,No,Month-to-month,Yes,Bank transfer (automatic),77.04,152.4,Yes,Region2_Suburban_Cohort
REG2-01830,Female,0,Yes,No,36,Yes,No,DSL,Yes,No,No,Yes,Yes,No,Month-to-month,Yes,Mailed check,83.63,2932.95,Yes,Region2_Suburban_Cohort
REG2-01831,Female,0,Yes,No,9,Yes,Yes,Fiber optic,Yes,No,Yes,Yes,Yes,Yes,Month-to-month,Yes,Electronic check,133.36,1240.36,No,Region2_Suburban_Cohort
REG2-01832,Female,0,No,No,16,Yes,No,Fiber optic,Yes,No,Yes,Yes,Yes,No,Month-to-month,No,Credit card (automatic),112.49,1835.42,Yes,Region2_Suburban_Cohort
REG2-01833,Female,0,Yes,No,3,Yes,No,Fiber optic,No,No,Yes,No,No,No,One year,No,Electronic check,84.86,260.69,Yes,Region2_Suburban_Cohort
REG2-01834,Female,1,No,No,45,Yes,Yes,Fiber optic,No,No,Yes,Yes,Yes,Yes,Two year,No,Credit card (automatic),128.52,5702.93,No,Region2_Suburban_Cohort
REG2-01835,Female,1,Yes,Yes,23,No,No phone service,Fiber optic,Yes,No,No,No,No,No,One year,No,Credit card (automatic),74.96,1638.47,Yes,Region2_Suburban_Cohort
REG2-01836,Male,0,Yes,Yes,64,Yes,Yes,Fiber optic,No,Yes,No,No,Yes,Yes,Two year,Yes,Bank transfer (automatic),121.34,7547.66,Yes,Region2_Suburban_Cohort
REG2-01837,Male,0,No,No,19,Yes,No,Fiber optic,Yes,No,Yes,Yes,No,No,One year,Yes,Bank transfer (automatic),98.68,1922.79,No,Region2_Suburban_Cohort
REG2-01838,Female,1,No,No,72,Yes,No,No,No internet service,No internet service,No internet service,No internet service,No internet service,No internet service,One year,Yes,Mailed check,29.68,2158.94,No,Region2_Suburban_Cohort
REG2-01839,Male,0,Yes,Yes,62,Yes,Yes,DSL,No,No,No,No,No,Yes,One year,Yes,Credit card (automatic),81.1,5047.6,No,Region2_Suburban_Cohort
REG2-01840,Male,0,No,No,24,Yes,No,No,No internet service,No internet service,No internet service,No internet service,No internet service,No internet service,One year,Yes,Electronic check,23.89,560.78,No,Region2_Suburban_Cohort
REG2-01841,Male,1,No,No,72,Yes,Yes,DSL,No,No,No,No,No,Yes,Two year,Yes,Mailed check,72.52,4999.92,No,Region2_Suburban_Cohort
REG2-01842,Male,0,Yes,Yes,10,Yes,No,Fiber optic,Yes,Yes,Yes,No,Yes,Yes,Month-to-month,Yes,Electronic check,121.51,1249.71,Yes,Region2_Suburban_Cohort
REG2-01843,Female,0,No,No,12,Yes,Yes,DSL,No,No,No,No,No,No,Month-to-month,No,Credit card (automatic),66.14,757.06,Yes,Region2_Suburban_Cohort
REG2-01844,Female,1,Yes,No,1,Yes,Yes,DSL,No,No,Yes,No,No,No,Two year,Yes,Credit card (automatic),76.74,73.36,No,Region2_Suburban_Cohort
REG2-01845,Male,0,No,No,24,Yes,No,Fiber optic,No,No,No,Yes,Yes,Yes,Month-to-month,Yes,Bank transfer (automatic),105.8,2487.13,Yes,Region2_Suburban_Cohort
REG2-01846,Male,0,No,No,35,Yes,No,Fiber optic,Yes,Yes,No,No,No,No,Month-to-month,Yes,Mailed check,93.93,3311.53,Yes,Region2_Suburban_Cohort
REG2-01847,Male,0,No,No,41,Yes,No,Fiber optic,No,Yes,No,No,Yes,Yes,One year,No,Electronic check,107.36,4618.43,Yes,Region2_Suburban_Cohort
REG2-01848,Female,0,Yes,Yes,4,Yes,Yes,Fiber optic,Yes,No,No,No,Yes,Yes,Month-to-month,Yes,Mailed check,117.05,449.03,Yes,Region2_Suburban_Cohort
REG2-01849,Female,0,Yes,Yes,16,No,No phone service,Fiber optic,Yes,Yes,Yes,Yes,No,Yes,Month-to-month,Yes,Credit card (automatic),112.16,1789.75,Yes,Region2_Suburban_Cohort
REG2-01850,Male,0,No,No,5,Yes,No,Fiber optic,No,No,No,No,Yes,No,Month-to-month,Yes,Bank transfer (automatic),87.69,442.91,Yes,Region2_Suburban_Cohort
REG2-01851,Female,1,Yes,No,30,Yes,Yes,Fiber optic,No,Yes,Yes,No,No,Yes,One year,Yes,Mailed check,111.75,3460.82,Yes,Region2_Suburban_Cohort
REG2-01852,Female,0,Yes,Yes,4,Yes,Yes,DSL,Yes,No,Yes,No,Yes,No,Month-to-month,Yes,Credit card (automatic),96.91,394.99,Yes,Region2_Suburban_Cohort
REG2-01853,Female,0,No,No,65,Yes,No,Fiber optic,Yes,Yes,No,Yes,Yes,No,Two year,No,Electronic check,112.91,7565.01,No,Region2_Suburban_Cohort
REG2-01854,Female,0,Yes,No,7,Yes,Yes,DSL,Yes,Yes,Yes,No,No,No,Month-to-month,Yes,Credit card (automatic),87.81,616.05,Yes,Region2_Suburban_Cohort
REG2-01855,Male,0,Yes,Yes,9,Yes,Yes,DSL,No,No,Yes,No,No,No,Month-to-month,Yes,Mailed check,75.27,672.96,Yes,Region2_Suburban_Cohort
REG2-01856,Female,0,Yes,No,53,Yes,Yes,DSL,No,Yes,No,No,Yes,Yes,Two year,Yes,Electronic check,100.51,5390.28,No,Region2_Suburban_Cohort
REG2-01857,Male,1,Yes,No,17,Yes,Yes,Fiber optic,No,No,No,No,No,Yes,One year,No,Bank transfer (automatic),94.84,1676.91,Yes,Region2_Suburban_Cohort
REG2-01858,Female,1,No,No,1,Yes,No,DSL,No,No,No,No,No,Yes,Month-to-month,Yes,Credit card (automatic),69.64,69.99,Yes,Region2_Suburban_Cohort
REG2-01859,Female,0,No,No,19,Yes,No,Fiber optic,No,No,No,No,Yes,No,Month-to-month,No,Mailed check,85.28,1637.43,No,Region2_Suburban_Cohort
REG2-01860,Female,0,Yes,No,2,Yes,No,Fiber optic,No,No,No,No,Yes,Yes,Month-to-month,No,Mailed check,96.84,190.54,Yes,Region2_Suburban_Cohort
REG2-01861,Female,0,No,No,72,Yes,No,DSL,Yes,Yes,No,No,Yes,Yes,Two year,Yes,Credit card (automatic),94.29,6854.14,No,Region2_Suburban_Cohort
REG2-01862,Male,0,No,No,24,Yes,No,Fiber optic,No,No,Yes,No,Yes,Yes,Month-to-month,No,Credit card (automatic),108.75,2643.35,Yes,Region2_Suburban_Cohort
REG2-01863,Female,0,No,No,8,Yes,No,Fiber optic,No,No,No,No,Yes,No,Month-to-month,Yes,Credit card (automatic),89.49,734.06,Yes,Region2_Suburban_Cohort
REG2-01864,Female,0,Yes,No,23,Yes,Yes,Fiber optic,No,No,No,Yes,No,No,One year,Yes,Mailed check,99.16,2297.14,Yes,Region2_Suburban_Cohort
REG2-01865,Female,1,No,No,2,Yes,No,Fiber optic,Yes,Yes,Yes,No,Yes,Yes,Month-to-month,Yes,Bank transfer (automatic),120.77,234.23,Yes,Region2_Suburban_Cohort
REG2-01866,Male,0,Yes,No,45,No,No phone service,Fiber optic,No,Yes,Yes,No,Yes,Yes,Two year,No,Credit card (automatic),105.92,4805.45,No,Region2_Suburban_Cohort
REG2-01867,Male,0,No,No,72,Yes,Yes,No,No internet service,No internet service,No internet service,No internet service,No internet service,No internet service,One year,Yes,Mailed check,43.7,3082.8,No,Region2_Suburban_Cohort
REG2-01868,Male,0,No,No,58,Yes,No,Fiber optic,Yes,Yes,No,No,No,Yes,One year,Yes,Mailed check,104.21,5794.75,No,Region2_Suburban_Cohort
REG2-01869,Female,0,Yes,No,11,Yes,Yes,DSL,Yes,No,Yes,No,No,No,Month-to-month,No,Bank transfer (automatic),80.55,914.89,No,Region2_Suburban_Cohort
REG2-01870,Female,0,No,No,11,Yes,No,DSL,No,No,Yes,No,No,Yes,Month-to-month,Yes,Mailed check,75.64,795.94,Yes,Region2_Suburban_Cohort
REG2-01871,Male,0,Yes,Yes,1,Yes,No,DSL,No,No,No,Yes,No,Yes,Month-to-month,No,Electronic check,75.8,76.8,Yes,Region2_Suburban_Cohort
REG2-01872,Male,0,No,No,29,Yes,No,No,No internet service,No internet service,No internet service,No internet service,No internet service,No internet service,Month-to-month,Yes,Electronic check,28.43,864.74,No,Region2_Suburban_Cohort
REG2-01873,Female,0,Yes,Yes,21,Yes,No,No,No internet service,No internet service,No internet service,No internet service,No internet service,No internet service,Month-to-month,No,Bank transfer (automatic),31.21,628.38,No,Region2_Suburban_Cohort
REG2-01874,Female,0,No,No,17,Yes,Yes,DSL,No,Yes,No,No,No,Yes,One year,No,Mailed check,87.52,1446.2,Yes,Region2_Suburban_Cohort
REG2-01875,Female,0,Yes,No,66,Yes,No,No,No internet service,No internet service,No internet service,No internet service,No internet service,No internet service,Month-to-month,No,Credit card (automatic),26.62,1802.74,Yes,Region2_Suburban_Cohort
REG2-01876,Female,0,Yes,Yes,5,Yes,Yes,Fiber optic,No,No,No,No,No,No,One year,No,Electronic check,88.58,425.05,Yes,Region2_Suburban_Cohort
REG2-01877,Male,0,Yes,No,1,Yes,Yes,DSL,No,Yes,No,No,Yes,Yes,Month-to-month,No,Electronic check,99.29,102.59,Yes,Region2_Suburban_Cohort
REG2-01878,Male,0,Yes,No,2,Yes,Yes,No,No internet service,No internet service,No internet service,No internet service,No internet service,No internet service,One year,Yes,Credit card (automatic),37.27,70.82,No,Region2_Suburban_Cohort
REG2-01879,Female,0,Yes,No,7,Yes,Yes,DSL,No,No,Yes,No,Yes,No,Month-to-month,No,Mailed check,86.25,627.29,Yes,Region2_Suburban_Cohort
REG2-01880,Female,0,No,No,1,Yes,No,No,No internet service,No internet service,No internet service,No internet service,No internet service,No internet service,Month-to-month,Yes,Mailed check,30.31,29.0,No,Region2_Suburban_Cohort
REG2-01881,Female,0,Yes,No,19,Yes,No,Fiber optic,No,Yes,Yes,No,No,No,Month-to-month,Yes,Credit card (automatic),89.2,1766.32,Yes,Region2_Suburban_Cohort
REG2-01882,Female,0,Yes,No,10,Yes,No,Fiber optic,No,No,No,No,No,No,One year,No,Bank transfer (automatic),75.78,785.43,Yes,Region2_Suburban_Cohort
REG2-01883,Female,0,Yes,No,5,Yes,Yes,No,No internet service,No internet service,No internet service,No internet service,No internet service,No internet service,Month-to-month,Yes,Bank transfer (automatic),41.28,207.22,Yes,Region2_Suburban_Cohort
REG2-01884,Male,0,No,No,38,Yes,Yes,Fiber optic,No,Yes,No,No,No,No,Month-to-month,Yes,Credit card (automatic),97.56,3810.32,Yes,Region2_Suburban_Cohort
REG2-01885,Male,0,No,No,6,Yes,Yes,DSL,No,Yes,No,Yes,Yes,No,One year,Yes,Electronic check,95.68,549.67,Yes,Region2_Suburban_Cohort
REG2-01886,Male,0,No,No,32,Yes,Yes,Fiber optic,Yes,Yes,No,Yes,Yes,No,One year,Yes,Mailed check,127.76,3939.16,Yes,Region2_Suburban_Cohort
REG2-01887,Male,1,No,No,12,Yes,Yes,DSL,No,Yes,Yes,No,Yes,No,Month-to-month,Yes,Credit card (automatic),91.4,1082.46,Yes,Region2_Suburban_Cohort
REG2-01888,Female,0,Yes,No,20,Yes,Yes,No,No internet service,No internet service,No internet service,No internet service,No internet service,No internet service,One year,Yes,Mailed check,42.8,859.21,No,Region2_Suburban_Cohort
REG2-01889,Female,1,Yes,Yes,72,Yes,No,Fiber optic,No,No,No,No,No,No,Two year,Yes,Credit card (automatic),75.04,5601.82,No,Region2_Suburban_Cohort
REG2-01890,Male,0,Yes,No,1,Yes,No,Fiber optic,No,No,No,No,Yes,Yes,Month-to-month,Yes,Electronic check,100.05,100.48,Yes,Region2_Suburban_Cohort
REG2-01891,Male,0,No,No,19,Yes,No,Fiber optic,Yes,Yes,No,No,No,No,Month-to-month,Yes,Electronic check,94.27,1820.72,Yes,Region2_Suburban_Cohort
REG2-01892,Female,1,No,No,53,Yes,Yes,No,No internet service,No internet service,No internet service,No internet service,No internet service,No internet service,One year,No,Mailed check,38.42,2072.89,No,Region2_Suburban_Cohort
REG2-01893,Male,0,Yes,No,24,Yes,No,DSL,Yes,No,No,No,Yes,No,One year,No,Bank transfer (automatic),76.52,1905.82,No,Region2_Suburban_Cohort
REG2-01894,Female,0,Yes,No,9,No,No phone service,Fiber optic,No,No,Yes,No,Yes,No,Month-to-month,No,Electronic check,85.84,793.94,Yes,Region2_Suburban_Cohort
REG2-01895,Female,0,Yes,Yes,14,Yes,No,Fiber optic,No,No,No,Yes,No,No,Month-to-month,Yes,Electronic check,80.73,1184.13,No,Region2_Suburban_Cohort
REG2-01896,Female,0,Yes,No,31,Yes,Yes,DSL,Yes,No,Yes,Yes,No,No,One year,Yes,Credit card (automatic),93.97,2773.25,No,Region2_Suburban_Cohort
REG2-01897,Male,0,No,No,62,Yes,Yes,DSL,No,Yes,No,No,No,No,One year,No,Credit card (automatic),75.15,4523.17,No,Region2_Suburban_Cohort
REG2-01898,Male,0,Yes,No,1,Yes,Yes,Fiber optic,No,Yes,No,No,Yes,No,Month-to-month,Yes,Electronic check,105.14,109.67,Yes,Region2_Suburban_Cohort
REG2-01899,Female,1,No,No,2,Yes,Yes,Fiber optic,No,No,Yes,Yes,Yes,No,Two year,No,Mailed check,116.07,238.92,Yes,Region2_Suburban_Cohort
REG2-01900,Female,0,Yes,No,11,Yes,Yes,DSL,Yes,Yes,No,Yes,No,No,Month-to-month,Yes,Mailed check,93.39,1003.39,Yes,Region2_Suburban_Cohort
REG2-01901,Male,1,No,No,7,Yes,Yes,DSL,No,No,No,No,No,Yes,Two year,No,Credit card (automatic),79.79,585.02,No,Region2_Suburban_Cohort
REG2-01902,Female,1,No,No,8,Yes,Yes,No,No internet service,No internet service,No internet service,No internet service,No internet service,No internet service,Month-to-month,Yes,Bank transfer (automatic),40.93,339.55,Yes,Region2_Suburban_Cohort
REG2-01903,Male,0,No,No,7,Yes,Yes,DSL,No,No,No,No,No,No,Month-to-month,Yes,Credit card (automatic),65.01,435.26,No,Region2_Suburban_Cohort
REG2-01904,Female,0,No,No,6,Yes,No,DSL,Yes,Yes,No,Yes,Yes,No,Month-to-month,No,Credit card (automatic),88.97,550.44,Yes,Region2_Suburban_Cohort
REG2-01905,Male,1,No,No,3,Yes,Yes,DSL,Yes,No,Yes,No,No,Yes,Month-to-month,No,Bank transfer (automatic),96.99,299.25,Yes,Region2_Suburban_Cohort
REG2-01906,Female,1,No,No,72,Yes,No,No,No internet service,No internet service,No internet service,No internet service,No internet service,No internet service,One year,Yes,Electronic check,32.36,2264.95,No,Region2_Suburban_Cohort
REG2-01907,Male,0,No,No,4,Yes,Yes,Fiber optic,No,No,No,No,No,Yes,Month-to-month,Yes,Mailed check,98.37,400.14,Yes,Region2_Suburban_Cohort
REG2-01908,Male,0,No,No,6,Yes,Yes,Fiber optic,No,Yes,No,Yes,No,Yes,One year,No,Credit card (automatic),120.84,759.13,Yes,Region2_Suburban_Cohort
REG2-01909,Male,0,No,No,7,Yes,No,Fiber optic,Yes,No,No,No,No,Yes,Month-to-month,Yes,Bank transfer (automatic),94.4,672.42,Yes,Region2_Suburban_Cohort
REG2-01910,Male,0,No,No,72,Yes,No,No,No internet service,No internet service,No internet service,No internet service,No internet service,No internet service,Two year,Yes,Credit card (automatic),29.81,2213.66,No,Region2_Suburban_Cohort
REG2-01911,Female,0,No,No,39,Yes,Yes,DSL,No,No,Yes,No,No,Yes,Two year,Yes,Credit card (automatic),86.01,3220.01,No,Region2_Suburban_Cohort
REG2-01912,Female,0,No,No,43,Yes,No,Fiber optic,Yes,No,No,No,No,Yes,Month-to-month,No,Mailed check,94.71,4165.16,No,Region2_Suburban_Cohort
REG2-01913,Male,0,Yes,No,3,Yes,No,DSL,No,Yes,Yes,Yes,No,Yes,One year,Yes,Mailed check,90.9,264.65,No,Region2_Suburban_Cohort
REG2-01914,Male,0,Yes,Yes,50,Yes,Yes,Fiber optic,No,No,No,No,Yes,No,One year,No,Bank transfer (automatic),100.45,4807.46,No,Region2_Suburban_Cohort
REG2-01915,Female,0,Yes,Yes,14,Yes,Yes,Fiber optic,No,No,No,No,Yes,No,Month-to-month,Yes,Electronic check,98.51,1386.32,Yes,Region2_Suburban_Cohort
REG2-01916,Female,0,Yes,Yes,8,Yes,No,Fiber optic,No,No,Yes,No,No,Yes,One year,Yes,Mailed check,96.52,791.51,Yes,Region2_Suburban_Cohort
REG2-01917,Female,0,No,No,24,Yes,Yes,DSL,No,Yes,No,No,Yes,Yes,Month-to-month,Yes,Electronic check,95.01,2290.9,Yes,Region2_Suburban_Cohort
REG2-01918,Male,0,Yes,No,48,Yes,Yes,DSL,No,Yes,No,Yes,Yes,No,Two year,Yes,Credit card (automatic),93.44,4678.7,No,Region2_Suburban_Cohort
REG2-01919,Male,0,No,No,42,Yes,Yes,DSL,No,No,No,No,No,Yes,Two year,Yes,Credit card (automatic),78.2,3348.66,No,Region2_Suburban_Cohort
REG2-01920,Female,0,No,No,61,No,No phone service,No,No internet service,No internet service,No internet service,No internet service,No internet service,No internet service,One year,Yes,Electronic check,19.36,1135.8,Yes,Region2_Suburban_Cohort
REG2-01921,Male,0,Yes,Yes,72,Yes,No,Fiber optic,Yes,Yes,No,No,Yes,No,Two year,Yes,Bank transfer (automatic),98.42,7394.15,No,Region2_Suburban_Cohort
REG2-01922,Female,1,No,No,7,Yes,No,DSL,Yes,No,Yes,No,No,No,Month-to-month,Yes,Bank transfer (automatic),73.24,494.88,Yes,Region2_Suburban_Cohort
REG2-01923,Male,0,No,No,15,Yes,No,Fiber optic,No,No,No,No,Yes,No,Month-to-month,Yes,Bank transfer (automatic),83.33,1282.23,Yes,Region2_Suburban_Cohort
REG2-01924,Female,0,Yes,No,1,Yes,No,Fiber optic,No,No,Yes,No,Yes,Yes,One year,Yes,Bank transfer (automatic),105.42,101.71,Yes,Region2_Suburban_Cohort
REG2-01925,Male,0,No,No,59,Yes,No,Fiber optic,No,Yes,No,No,Yes,No,Two year,Yes,Electronic check,94.93,5880.12,Yes,Region2_Suburban_Cohort
REG2-01926,Female,1,No,No,4,Yes,No,Fiber optic,No,No,No,No,No,No,Month-to-month,Yes,Electronic check,80.11,315.06,Yes,Region2_Suburban_Cohort
REG2-01927,Male,0,Yes,No,55,Yes,No,Fiber optic,No,No,No,No,No,No,Month-to-month,No,Electronic check,74.87,4116.17,No,Region2_Suburban_Cohort
REG2-01928,Female,0,Yes,Yes,11,Yes,No,Fiber optic,No,No,No,Yes,No,Yes,Month-to-month,Yes,Credit card (automatic),96.12,1053.81,Yes,Region2_Suburban_Cohort
REG2-01929,Male,0,No,No,12,Yes,Yes,DSL,No,No,No,No,No,Yes,Two year,Yes,Mailed check,75.29,867.51,No,Region2_Suburban_Cohort
REG2-01930,Female,0,Yes,No,1,No,No phone service,Fiber optic,No,Yes,Yes,No,No,No,Month-to-month,Yes,Credit card (automatic),78.91,78.86,Yes,Region2_Suburban_Cohort
REG2-01931,Female,0,Yes,Yes,11,Yes,No,DSL,No,Yes,No,Yes,Yes,No,Month-to-month,Yes,Mailed check,81.26,862.53,Yes,Region2_Suburban_Cohort
REG2-01932,Female,0,Yes,No,61,Yes,No,Fiber optic,No,Yes,Yes,No,No,No,Two year,Yes,Mailed check,89.67,5635.05,No,Region2_Suburban_Cohort
REG2-01933,Female,0,No,No,1,Yes,No,Fiber optic,No,No,Yes,Yes,No,No,Month-to-month,Yes,Credit card (automatic),93.54,97.83,Yes,Region2_Suburban_Cohort
REG2-01934,Female,0,No,No,14,Yes,No,Fiber optic,No,Yes,Yes,Yes,No,Yes,Month-to-month,Yes,Credit card (automatic),109.63,1582.1,Yes,Region2_Suburban_Cohort
REG2-01935,Female,0,No,No,1,Yes,No,Fiber optic,No,Yes,No,Yes,Yes,Yes,Month-to-month,No,Electronic check,116.52,115.72,Yes,Region2_Suburban_Cohort
REG2-01936,Male,0,Yes,No,12,Yes,No,Fiber optic,No,Yes,No,Yes,Yes,No,Two year,No,Electronic check,101.07,1152.49,No,Region2_Suburban_Cohort
REG2-01937,Female,1,No,No,5,Yes,No,DSL,No,Yes,No,No,Yes,No,Month-to-month,No,Electronic check,74.3,354.29,Yes,Region2_Suburban_Cohort
REG2-01938,Male,0,Yes,Yes,8,Yes,Yes,DSL,Yes,Yes,No,Yes,Yes,No,Month-to-month,Yes,Credit card (automatic),97.0,775.61,No,Region2_Suburban_Cohort
REG2-01939,Male,1,Yes,Yes,58,Yes,Yes,Fiber optic,No,No,No,No,No,Yes,Two year,No,Credit card (automatic),98.82,5834.43,No,Region2_Suburban_Cohort
REG2-01940,Male,0,Yes,No,16,Yes,No,Fiber optic,No,Yes,Yes,No,No,Yes,One year,Yes,Electronic check,102.97,1700.16,Yes,Region2_Suburban_Cohort
REG2-01941,Male,0,Yes,No,8,Yes,Yes,DSL,Yes,No,No,No,No,No,Month-to-month,No,Electronic check,74.51,602.01,Yes,Region2_Suburban_Cohort
REG2-01942,Female,0,No,No,24,Yes,Yes,Fiber optic,No,No,No,No,No,No,One year,Yes,Mailed check,91.91,2311.35,Yes,Region2_Suburban_Cohort
REG2-01943,Female,1,No,No,4,Yes,Yes,Fiber optic,Yes,No,No,No,Yes,Yes,Month-to-month,Yes,Mailed check,118.84,475.06,Yes,Region2_Suburban_Cohort
REG2-01944,Female,0,Yes,Yes,8,Yes,No,DSL,No,No,No,Yes,No,Yes,Month-to-month,Yes,Mailed check,68.19,550.98,Yes,Region2_Suburban_Cohort
REG2-01945,Female,0,No,No,22,Yes,Yes,DSL,No,No,No,No,Yes,No,Month-to-month,No,Credit card (automatic),75.95,1625.8,No,Region2_Suburban_Cohort
REG2-01946,Male,0,No,No,7,No,No phone service,DSL,No,Yes,No,No,Yes,No,Month-to-month,No,Bank transfer (automatic),64.89,446.95,Yes,Region2_Suburban_Cohort
REG2-01947,Male,0,No,No,31,Yes,No,DSL,Yes,No,No,Yes,No,No,One year,Yes,Electronic check,70.8,2234.99,Yes,Region2_Suburban_Cohort
REG2-01948,Male,0,Yes,No,18,Yes,No,Fiber optic,No,Yes,No,No,Yes,Yes,One year,No,Electronic check,104.97,1908.66,No,Region2_Suburban_Cohort
REG2-01949,Male,0,No,No,41,Yes,No,Fiber optic,No,No,No,No,Yes,No,One year,No,Mailed check,84.45,3417.32,No,Region2_Suburban_Cohort
REG2-01950,Male,0,Yes,No,72,Yes,Yes,Fiber optic,No,No,Yes,No,No,No,Month-to-month,Yes,Electronic check,98.46,6814.05,Yes,Region2_Suburban_Cohort
REG2-01951,Male,0,No,No,3,Yes,No,DSL,No,Yes,No,No,No,Yes,Two year,Yes,Credit card (automatic),77.47,228.75,Yes,Region2_Suburban_Cohort
REG2-01952,Female,0,Yes,Yes,11,Yes,No,No,No internet service,No internet service,No internet service,No internet service,No internet service,No internet service,Month-to-month,No,Mailed check,32.81,344.46,Yes,Region2_Suburban_Cohort
REG2-01953,Female,0,No,No,10,Yes,Yes,Fiber optic,No,Yes,No,Yes,No,No,Month-to-month,Yes,Mailed check,101.43,1022.49,Yes,Region2_Suburban_Cohort
REG2-01954,Female,0,Yes,Yes,4,Yes,Yes,Fiber optic,Yes,Yes,No,No,No,Yes,Month-to-month,No,Mailed check,116.75,458.73,Yes,Region2_Suburban_Cohort
REG2-01955,Female,0,Yes,Yes,46,Yes,Yes,Fiber optic,No,Yes,No,No,No,Yes,Two year,Yes,Electronic check,100.58,4571.09,No,Region2_Suburban_Cohort
REG2-01956,Female,0,No,No,39,Yes,Yes,Fiber optic,No,Yes,No,No,Yes,Yes,Month-to-month,No,Electronic check,117.96,4634.98,Yes,Region2_Suburban_Cohort
REG2-01957,Male,0,No,No,18,Yes,Yes,Fiber optic,Yes,Yes,No,No,No,Yes,Month-to-month,No,Bank transfer (automatic),113.62,2061.78,Yes,Region2_Suburban_Cohort
REG2-01958,Female,1,No,No,21,Yes,Yes,DSL,No,Yes,Yes,No,No,No,One year,Yes,Credit card (automatic),82.37,1745.05,No,Region2_Suburban_Cohort
REG2-01959,Female,1,No,No,1,Yes,No,No,No internet service,No internet service,No internet service,No internet service,No internet service,No internet service,Month-to-month,Yes,Electronic check,30.29,30.26,Yes,Region2_Suburban_Cohort
REG2-01960,Male,0,Yes,Yes,22,Yes,No,Fiber optic,No,No,No,Yes,Yes,No,One year,Yes,Bank transfer (automatic),94.57,2078.07,Yes,Region2_Suburban_Cohort
REG2-01961,Male,0,Yes,No,43,Yes,No,Fiber optic,No,No,Yes,No,No,No,Month-to-month,Yes,Bank transfer (automatic),80.18,3558.49,Yes,Region2_Suburban_Cohort
REG2-01962,Female,0,Yes,No,23,Yes,No,Fiber optic,Yes,No,No,No,No,No,Month-to-month,Yes,Bank transfer (automatic),81.14,1860.16,No,Region2_Suburban_Cohort
REG2-01963,Male,0,Yes,No,8,Yes,No,Fiber optic,Yes,No,No,Yes,Yes,Yes,Month-to-month,No,Bank transfer (automatic),116.3,933.75,No,Region2_Suburban_Cohort
REG2-01964,Female,0,No,No,30,Yes,No,Fiber optic,No,No,Yes,No,No,No,Month-to-month,No,Credit card (automatic),83.89,2639.57,No,Region2_Suburban_Cohort
REG2-01965,Female,0,No,No,12,Yes,Yes,DSL,No,No,Yes,No,No,Yes,Month-to-month,No,Electronic check,90.98,1056.94,Yes,Region2_Suburban_Cohort
REG2-01966,Male,0,No,No,22,Yes,Yes,Fiber optic,No,Yes,No,No,No,No,Month-to-month,Yes,Mailed check,95.78,2154.87,Yes,Region2_Suburban_Cohort
REG2-01967,Male,1,No,No,18,Yes,No,No,No internet service,No internet service,No internet service,No internet service,No internet service,No internet service,Month-to-month,No,Credit card (automatic),33.72,605.33,Yes,Region2_Suburban_Cohort
REG2-01968,Male,1,No,No,13,Yes,No,DSL,No,No,No,No,No,No,Month-to-month,Yes,Credit card (automatic),51.38,690.02,Yes,Region2_Suburban_Cohort
REG2-01969,Male,0,Yes,No,35,Yes,Yes,DSL,Yes,No,Yes,No,Yes,No,Month-to-month,Yes,Electronic check,96.48,3344.39,Yes,Region2_Suburban_Cohort
REG2-01970,Male,0,Yes,No,60,Yes,Yes,Fiber optic,Yes,Yes,No,No,Yes,Yes,Month-to-month,Yes,Bank transfer (automatic),128.89,7581.04,No,Region2_Suburban_Cohort
REG2-01971,Female,0,No,No,1,No,No phone service,DSL,No,Yes,No,No,Yes,No,One year,No,Electronic check,66.21,64.28,Yes,Region2_Suburban_Cohort
REG2-01972,Male,0,Yes,Yes,72,Yes,No,DSL,No,No,Yes,No,No,No,Month-to-month,Yes,Credit card (automatic),60.0,4480.81,No,Region2_Suburban_Cohort
REG2-01973,Female,0,Yes,Yes,20,Yes,Yes,Fiber optic,No,Yes,Yes,Yes,No,No,Two year,No,Bank transfer (automatic),111.79,2284.61,No,Region2_Suburban_Cohort
REG2-01974,Male,0,Yes,No,33,Yes,Yes,Fiber optic,No,No,No,Yes,No,No,One year,Yes,Electronic check,94.1,2973.91,No,Region2_Suburban_Cohort
REG2-01975,Female,0,No,No,54,Yes,No,No,No internet service,No internet service,No internet service,No internet service,No internet service,No internet service,Month-to-month,Yes,Bank transfer (automatic),31.45,1734.56,No,Region2_Suburban_Cohort
REG2-01976,Male,0,Yes,Yes,17,Yes,No,Fiber optic,No,Yes,No,No,Yes,Yes,Month-to-month,Yes,Mailed check,106.78,1730.85,Yes,Region2_Suburban_Cohort
REG2-01977,Male,0,No,No,50,Yes,No,Fiber optic,No,Yes,Yes,No,Yes,No,Month-to-month,Yes,Electronic check,101.58,4917.3,Yes,Region2_Suburban_Cohort
REG2-01978,Female,0,No,No,5,Yes,No,Fiber optic,No,Yes,Yes,No,Yes,No,Month-to-month,Yes,Credit card (automatic),108.7,548.54,Yes,Region2_Suburban_Cohort
REG2-01979,Female,0,Yes,Yes,4,Yes,No,Fiber optic,No,No,Yes,No,No,Yes,Month-to-month,Yes,Electronic check,93.14,371.2,Yes,Region2_Suburban_Cohort
REG2-01980,Male,0,No,No,29,Yes,No,Fiber optic,Yes,No,Yes,No,No,Yes,One year,Yes,Mailed check,103.7,3109.69,No,Region2_Suburban_Cohort
REG2-01981,Female,0,No,No,57,Yes,Yes,Fiber optic,No,No,No,Yes,No,No,One year,Yes,Bank transfer (automatic),96.38,5552.93,No,Region2_Suburban_Cohort
REG2-01982,Male,0,No,No,62,Yes,Yes,DSL,Yes,Yes,Yes,No,Yes,Yes,Month-to-month,No,Credit card (automatic),114.27,7414.16,No,Region2_Suburban_Cohort
REG2-01983,Male,0,No,No,28,No,No phone service,Fiber optic,No,No,No,No,No,No,One year,Yes,Electronic check,67.85,1967.28,Yes,Region2_Suburban_Cohort
REG2-01984,Male,0,Yes,No,20,Yes,No,DSL,No,Yes,Yes,No,Yes,Yes,Month-to-month,Yes,Bank transfer (automatic),97.16,1912.15,Yes,Region2_Suburban_Cohort
REG2-01985,Male,1,No,No,11,Yes,Yes,DSL,Yes,No,Yes,No,Yes,No,Two year,No,Electronic check,90.78,1031.95,No,Region2_Suburban_Cohort
REG2-01986,Female,0,Yes,Yes,72,No,No phone service,Fiber optic,No,Yes,No,No,No,No,One year,Yes,Credit card (automatic),74.55,5566.17,Yes,Region2_Suburban_Cohort
REG2-01987,Male,0,No,No,10,Yes,Yes,DSL,No,No,Yes,No,Yes,Yes,Month-to-month,No,Electronic check,103.43,1082.88,Yes,Region2_Suburban_Cohort
REG2-01988,Male,0,No,No,38,Yes,Yes,DSL,No,Yes,No,No,No,Yes,Two year,No,Bank transfer (automatic),85.09,3075.81,No,Region2_Suburban_Cohort
REG2-01989,Female,1,No,No,21,Yes,Yes,DSL,Yes,No,No,Yes,No,No,One year,Yes,Bank transfer (automatic),79.56,1733.37,No,Region2_Suburban_Cohort
REG2-01990,Female,0,Yes,No,26,No,No phone service,DSL,Yes,No,Yes,No,Yes,Yes,One year,No,Electronic check,84.24,2096.04,No,Region2_Suburban_Cohort
REG2-01991,Male,0,Yes,Yes,14,No,No phone service,DSL,No,Yes,No,Yes,No,No,Month-to-month,No,Electronic check,60.92,855.28,Yes,Region2_Suburban_Cohort
REG2-01992,Female,0,Yes,Yes,72,Yes,Yes,Fiber optic,No,Yes,Yes,No,Yes,No,Two year,No,Electronic check,115.08,8215.05,No,Region2_Suburban_Cohort
REG2-01993,Male,0,Yes,Yes,23,Yes,No,DSL,No,No,Yes,No,No,No,Two year,Yes,Credit card (automatic),65.62,1572.63,Yes,Region2_Suburban_Cohort
REG2-01994,Female,0,Yes,Yes,72,Yes,Yes,Fiber optic,No,Yes,No,No,Yes,Yes,One year,No,Mailed check,117.26,8362.64,No,Region2_Suburban_Cohort
REG2-01995,Female,0,Yes,No,1,Yes,Yes,DSL,Yes,No,No,Yes,No,No,Month-to-month,Yes,Credit card (automatic),84.33,85.14,No,Region2_Suburban_Cohort
REG2-01996,Female,0,Yes,No,23,Yes,No,Fiber optic,No,No,No,No,Yes,No,One year,Yes,Electronic check,88.93,2084.64,Yes,Region2_Suburban_Cohort
REG2-01997,Male,1,No,No,35,Yes,No,DSL,No,Yes,Yes,Yes,Yes,No,Two year,Yes,Electronic check,91.26,3040.47,No,Region2_Suburban_Cohort
REG2-01998,Male,0,Yes,No,38,Yes,Yes,DSL,No,No,Yes,No,Yes,Yes,Two year,Yes,Credit card (automatic),97.44,3736.39,No,Region2_Suburban_Cohort
REG2-01999,Male,0,No,No,65,Yes,No,DSL,Yes,Yes,Yes,Yes,No,Yes,Two year,No,Bank transfer (automatic),96.11,6258.39,No,Region2_Suburban_Cohort
REG2-02000,Male,0,No,No,1,Yes,No,DSL,Yes,No,No,Yes,Yes,No,Month-to-month,No,Credit card (automatic),79.16,79.9,Yes,Region2_Suburban_Cohort
REG2-02001,Male,0,No,No,1,Yes,No,No,No internet service,No internet service,No internet service,No internet service,No internet service,No internet service,One year,No,Credit card (automatic),26.33,25.21,No,Region2_Suburban_Cohort
REG2-02002,Female,0,No,No,17,Yes,Yes,DSL,No,Yes,Yes,No,No,No,Month-to-month,Yes,Credit card (automatic),78.98,1282.99,Yes,Region2_Suburban_Cohort
REG2-02003,Male,0,Yes,No,1,Yes,No,Fiber optic,Yes,Yes,No,No,Yes,No,Month-to-month,No,Electronic check,106.81,103.37,Yes,Region2_Suburban_Cohort
REG2-02004,Male,0,No,No,72,Yes,No,No,No internet service,No internet service,No internet service,No internet service,No internet service,No internet service,One year,Yes,Electronic check,29.55,2206.21,No,Region2_Suburban_Cohort
REG2-02005,Female,0,Yes,No,7,Yes,No,DSL,Yes,No,Yes,No,No,No,Month-to-month,Yes,Electronic check,76.11,525.12,Yes,Region2_Suburban_Cohort
REG2-02006,Male,0,Yes,No,17,Yes,Yes,DSL,No,No,No,Yes,No,Yes,Month-to-month,No,Credit card (automatic),87.92,1484.78,Yes,Region2_Suburban_Cohort
REG2-02007,Female,0,No,No,1,Yes,No,No,No internet service,No internet service,No internet service,No internet service,No internet service,No internet service,One year,Yes,Mailed check,26.16,25.87,No,Region2_Suburban_Cohort
REG2-02008,Male,0,Yes,Yes,20,No,No phone service,Fiber optic,No,No,Yes,No,No,Yes,Two year,Yes,Bank transfer (automatic),84.5,1726.23,No,Region2_Suburban_Cohort
REG2-02009,Male,0,No,No,13,Yes,No,Fiber optic,Yes,No,No,Yes,No,No,One year,No,Credit card (automatic),92.56,1174.34,No,Region2_Suburban_Cohort
REG2-02010,Male,0,Yes,Yes,1,Yes,Yes,DSL,No,No,No,No,Yes,Yes,Month-to-month,No,Bank transfer (automatic),91.78,87.82,Yes,Region2_Suburban_Cohort
REG2-02011,Male,1,Yes,No,11,Yes,Yes,DSL,No,Yes,No,No,Yes,Yes,Month-to-month,No,Electronic check,97.91,1063.89,Yes,Region2_Suburban_Cohort
REG2-02012,Female,1,Yes,Yes,13,No,No phone service,Fiber optic,No,Yes,No,No,No,Yes,One year,Yes,Mailed check,87.22,1159.69,Yes,Region2_Suburban_Cohort
REG2-02013,Male,0,Yes,No,72,Yes,No,DSL,Yes,Yes,Yes,No,No,Yes,Two year,Yes,Electronic check,88.37,6626.67,No,Region2_Suburban_Cohort
REG2-02014,Female,0,Yes,No,6,Yes,Yes,Fiber optic,Yes,No,No,No,Yes,No,Month-to-month,Yes,Mailed check,107.43,615.63,Yes,Region2_Suburban_Cohort
REG2-02015,Male,0,Yes,Yes,22,Yes,No,DSL,No,Yes,No,No,No,No,One year,No,Electronic check,64.97,1473.72,Yes,Region2_Suburban_Cohort
REG2-02016,Male,0,Yes,No,72,Yes,Yes,DSL,No,Yes,Yes,No,No,No,One year,Yes,Electronic check,82.06,5652.01,No,Region2_Suburban_Cohort
REG2-02017,Female,0,No,No,43,Yes,Yes,Fiber optic,No,No,No,No,No,Yes,Two year,Yes,Credit card (automatic),100.23,4236.91,No,Region2_Suburban_Cohort
REG2-02018,Male,0,Yes,Yes,72,Yes,No,DSL,No,No,Yes,Yes,No,Yes,One year,Yes,Credit card (automatic),82.67,5667.9,No,Region2_Suburban_Cohort
REG2-02019,Female,0,No,No,72,Yes,Yes,DSL,Yes,No,Yes,No,Yes,Yes,Two year,No,Credit card (automatic),107.49,8057.78,Yes,Region2_Suburban_Cohort
REG2-02020,Female,1,Yes,Yes,18,Yes,No,Fiber optic,No,No,Yes,No,No,No,Month-to-month,Yes,Electronic check,84.03,1543.82,Yes,Region2_Suburban_Cohort
REG2-02021,Female,0,No,No,33,Yes,No,Fiber optic,No,Yes,No,No,Yes,Yes,Month-to-month,Yes,Credit card (automatic),106.25,3460.37,Yes,Region2_Suburban_Cohort
REG2-02022,Female,0,Yes,No,3,Yes,No,Fiber optic,No,No,Yes,No,No,Yes,One year,No,Bank transfer (automatic),98.46,291.76,Yes,Region2_Suburban_Cohort
REG2-02023,Male,0,Yes,Yes,16,Yes,No,DSL,No,No,Yes,No,No,Yes,Month-to-month,Yes,Credit card (automatic),75.64,1227.16,Yes,Region2_Suburban_Cohort
REG2-02024,Male,0,Yes,Yes,46,Yes,No,Fiber optic,Yes,Yes,No,Yes,No,Yes,Two year,Yes,Credit card (automatic),112.38,4957.35,No,Region2_Suburban_Cohort
REG2-02025,Male,0,Yes,No,19,Yes,Yes,Fiber optic,Yes,No,No,No,Yes,Yes,Month-to-month,No,Credit card (automatic),121.83,2232.61,Yes,Region2_Suburban_Cohort
REG2-02026,Female,0,No,No,33,Yes,No,Fiber optic,No,No,No,Yes,Yes,No,One year,No,Electronic check,96.47,3294.05,Yes,Region2_Suburban_Cohort
REG2-02027,Female,0,Yes,Yes,38,Yes,Yes,DSL,No,No,No,Yes,No,No,One year,Yes,Bank transfer (automatic),72.62,2677.41,No,Region2_Suburban_Cohort
REG2-02028,Male,0,No,No,8,No,No phone service,DSL,Yes,No,No,Yes,No,No,Two year,No,Bank transfer (automatic),62.8,513.79,No,Region2_Suburban_Cohort
REG2-02029,Female,0,Yes,Yes,58,Yes,Yes,DSL,No,No,No,No,No,Yes,Two year,No,Electronic check,79.63,4491.9,No,Region2_Suburban_Cohort
REG2-02030,Male,0,Yes,Yes,17,Yes,No,Fiber optic,Yes,No,Yes,Yes,Yes,No,Month-to-month,Yes,Mailed check,109.24,1780.6,Yes,Region2_Suburban_Cohort
REG2-02031,Female,0,No,No,6,Yes,No,DSL,Yes,No,No,No,Yes,No,Month-to-month,No,Electronic check,77.85,485.79,No,Region2_Suburban_Cohort
REG2-02032,Male,0,Yes,Yes,56,Yes,Yes,DSL,Yes,Yes,No,Yes,No,No,Two year,No,Credit card (automatic),88.43,5150.99,No,Region2_Suburban_Cohort
REG2-02033,Female,0,No,No,15,Yes,Yes,Fiber optic,Yes,No,Yes,No,No,Yes,Two year,No,Credit card (automatic),113.62,1722.25,No,Region2_Suburban_Cohort
REG2-02034,Female,0,Yes,Yes,38,Yes,No,Fiber optic,No,Yes,No,No,Yes,No,Two year,Yes,Bank transfer (automatic),93.95,3556.55,No,Region2_Suburban_Cohort
REG2-02035,Male,0,No,No,22,Yes,Yes,No,No internet service,No internet service,No internet service,No internet service,No internet service,No internet service,Two year,No,Mailed check,38.81,858.32,No,Region2_Suburban_Cohort
REG2-02036,Male,0,Yes,No,13,Yes,No,DSL,No,No,Yes,No,No,No,Month-to-month,Yes,Electronic check,62.95,810.83,Yes,Region2_Suburban_Cohort
REG2-02037,Male,1,No,No,46,Yes,No,DSL,No,No,No,No,No,No,Two year,No,Credit card (automatic),53.34,2516.74,No,Region2_Suburban_Cohort
REG2-02038,Male,0,No,No,24,Yes,Yes,Fiber optic,Yes,No,No,No,No,No,One year,Yes,Electronic check,95.57,2352.07,No,Region2_Suburban_Cohort
REG2-02039,Male,0,Yes,Yes,13,Yes,Yes,DSL,No,Yes,Yes,Yes,No,No,Month-to-month,Yes,Mailed check,95.32,1278.69,Yes,Region2_Suburban_Cohort
REG2-02040,Female,0,Yes,Yes,3,No,No phone service,DSL,Yes,Yes,Yes,Yes,No,Yes,Month-to-month,No,Credit card (automatic),88.9,267.31,Yes,Region2_Suburban_Cohort
REG2-02041,Female,0,Yes,Yes,63,Yes,No,No,No internet service,No internet service,No internet service,No internet service,No internet service,No internet service,Two year,Yes,Bank transfer (automatic),31.2,2024.83,No,Region2_Suburban_Cohort
REG2-02042,Female,1,No,No,1,Yes,Yes,No,No internet service,No internet service,No internet service,No internet service,No internet service,No internet service,One year,Yes,Bank transfer (automatic),41.95,40.51,Yes,Region2_Suburban_Cohort
REG2-02043,Male,1,Yes,Yes,55,Yes,Yes,No,No internet service,No internet service,No internet service,No internet service,No internet service,No internet service,One year,No,Electronic check,41.21,2160.05,No,Region2_Suburban_Cohort
REG2-02044,Female,0,Yes,Yes,12,No,No phone service,No,No internet service,No internet service,No internet service,No internet service,No internet service,No internet service,Month-to-month,No,Electronic check,21.83,265.84,Yes,Region2_Suburban_Cohort
REG2-02045,Female,0,Yes,Yes,28,Yes,Yes,Fiber optic,No,No,Yes,No,No,Yes,One year,Yes,Bank transfer (automatic),104.65,2814.6,Yes,Region2_Suburban_Cohort
REG2-02046,Male,0,Yes,No,71,Yes,Yes,No,No internet service,No internet service,No internet service,No internet service,No internet service,No internet service,Month-to-month,Yes,Electronic check,44.49,3174.8,Yes,Region2_Suburban_Cohort
REG2-02047,Female,0,No,No,4,Yes,Yes,Fiber optic,No,No,Yes,Yes,No,No,One year,Yes,Electronic check,101.07,413.22,No,Region2_Suburban_Cohort
REG2-02048,Female,0,No,No,23,Yes,No,No,No internet service,No internet service,No internet service,No internet service,No internet service,No internet service,Month-to-month,Yes,Mailed check,33.37,760.38,No,Region2_Suburban_Cohort
REG2-02049,Male,0,Yes,No,40,Yes,No,Fiber optic,No,Yes,Yes,No,No,No,Two year,Yes,Mailed check,90.08,3438.85,No,Region2_Suburban_Cohort
REG2-02050,Male,0,No,No,39,Yes,No,DSL,Yes,No,No,No,Yes,No,One year,Yes,Mailed check,72.94,2954.79,No,Region2_Suburban_Cohort
REG2-02051,Male,0,No,No,20,Yes,No,Fiber optic,No,Yes,No,No,Yes,No,One year,Yes,Mailed check,95.25,1817.99,No,Region2_Suburban_Cohort
REG2-02052,Male,1,Yes,Yes,27,Yes,Yes,DSL,Yes,No,No,No,No,No,Month-to-month,No,Mailed check,71.07,1996.56,Yes,Region2_Suburban_Cohort
REG2-02053,Female,0,Yes,No,39,Yes,Yes,Fiber optic,No,No,Yes,Yes,No,Yes,One year,No,Electronic check,112.32,4184.51,Yes,Region2_Suburban_Cohort
REG2-02054,Female,1,No,No,51,No,No phone service,Fiber optic,No,No,Yes,No,No,No,One year,Yes,Electronic check,74.19,3872.67,Yes,Region2_Suburban_Cohort
REG2-02055,Female,0,No,No,40,Yes,No,DSL,Yes,No,No,No,No,Yes,Two year,Yes,Credit card (automatic),77.94,3250.05,No,Region2_Suburban_Cohort
REG2-02056,Male,0,No,No,12,Yes,No,DSL,No,Yes,Yes,Yes,Yes,No,One year,No,Mailed check,89.53,1118.08,No,Region2_Suburban_Cohort
REG2-02057,Male,0,Yes,No,72,Yes,No,Fiber optic,Yes,No,No,No,No,No,Month-to-month,No,Mailed check,86.19,6449.8,Yes,Region2_Suburban_Cohort
REG2-02058,Female,0,Yes,No,15,Yes,No,Fiber optic,Yes,No,Yes,No,Yes,No,Month-to-month,Yes,Mailed check,101.97,1588.14,Yes,Region2_Suburban_Cohort
REG2-02059,Female,0,Yes,No,1,Yes,No,Fiber optic,Yes,Yes,No,No,Yes,No,Month-to-month,Yes,Electronic check,103.46,103.57,Yes,Region2_Suburban_Cohort
REG2-02060,Male,0,No,No,12,Yes,Yes,DSL,Yes,No,No,Yes,No,Yes,One year,No,Electronic check,95.48,1152.37,Yes,Region2_Suburban_Cohort
REG2-02061,Female,1,No,No,3,Yes,No,No,No internet service,No internet service,No internet service,No internet service,No internet service,No internet service,Month-to-month,No,Mailed check,33.83,102.71,Yes,Region2_Suburban_Cohort
REG2-02062,Female,0,No,No,3,Yes,No,DSL,No,No,No,No,Yes,No,Month-to-month,No,Mailed check,69.21,215.85,Yes,Region2_Suburban_Cohort
REG2-02063,Male,0,Yes,No,9,Yes,No,Fiber optic,No,No,Yes,No,No,No,Month-to-month,No,Mailed check,82.49,767.52,Yes,Region2_Suburban_Cohort
REG2-02064,Male,1,Yes,Yes,1,Yes,No,Fiber optic,No,No,No,No,No,Yes,Month-to-month,Yes,Electronic check,93.09,95.72,Yes,Region2_Suburban_Cohort
REG2-02065,Female,0,Yes,No,32,Yes,No,No,No internet service,No internet service,No internet service,No internet service,No internet service,No internet service,Month-to-month,Yes,Electronic check,29.86,972.31,Yes,Region2_Suburban_Cohort
REG2-02066,Male,0,Yes,No,2,Yes,No,Fiber optic,Yes,No,Yes,No,No,Yes,Month-to-month,No,Mailed check,103.04,208.52,Yes,Region2_Suburban_Cohort
REG2-02067,Male,0,Yes,Yes,6,Yes,No,DSL,No,No,No,No,Yes,No,One year,Yes,Mailed check,67.83,424.17,No,Region2_Suburban_Cohort
REG2-02068,Male,1,Yes,No,2,Yes,No,Fiber optic,No,No,Yes,Yes,No,Yes,Month-to-month,Yes,Credit card (automatic),101.95,197.63,Yes,Region2_Suburban_Cohort
REG2-02069,Male,1,Yes,Yes,1,Yes,No,DSL,No,Yes,Yes,Yes,Yes,No,Month-to-month,Yes,Electronic check,94.46,91.56,Yes,Region2_Suburban_Cohort
REG2-02070,Female,1,No,No,8,Yes,No,No,No internet service,No internet service,No internet service,No internet service,No internet service,No internet service,Month-to-month,No,Credit card (automatic),29.76,249.57,Yes,Region2_Suburban_Cohort
REG2-02071,Female,0,No,No,23,No,No phone service,Fiber optic,No,Yes,Yes,Yes,Yes,No,Two year,No,Credit card (automatic),102.62,2372.81,No,Region2_Suburban_Cohort
REG2-02072,Male,1,Yes,Yes,72,Yes,Yes,DSL,No,No,No,No,No,Yes,Two year,Yes,Mailed check,72.14,5185.44,No,Region2_Suburban_Cohort
REG2-02073,Female,0,Yes,Yes,58,Yes,No,DSL,No,No,Yes,No,No,No,Two year,No,Bank transfer (automatic),63.33,3801.92,No,Region2_Suburban_Cohort
REG2-02074,Female,0,Yes,No,58,Yes,No,Fiber optic,Yes,No,No,Yes,No,No,Two year,Yes,Credit card (automatic),90.16,5412.18,No,Region2_Suburban_Cohort
REG2-02075,Female,0,No,No,5,Yes,No,Fiber optic,Yes,No,Yes,No,No,No,Month-to-month,Yes,Electronic check,91.18,441.16,Yes,Region2_Suburban_Cohort
REG2-02076,Male,0,No,No,8,Yes,Yes,DSL,No,No,No,Yes,No,Yes,Month-to-month,Yes,Electronic check,84.11,650.92,Yes,Region2_Suburban_Cohort
REG2-02077,Male,1,No,No,2,Yes,No,Fiber optic,No,No,No,No,Yes,Yes,Month-to-month,No,Electronic check,98.54,202.9,Yes,Region2_Suburban_Cohort
REG2-02078,Female,1,No,No,42,Yes,Yes,DSL,No,Yes,Yes,No,No,Yes,Two year,Yes,Bank transfer (automatic),95.46,4123.84,No,Region2_Suburban_Cohort
REG2-02079,Female,0,Yes,Yes,2,Yes,No,Fiber optic,Yes,No,No,Yes,No,Yes,Month-to-month,Yes,Electronic check,102.11,198.61,Yes,Region2_Suburban_Cohort
REG2-02080,Male,0,Yes,No,22,Yes,Yes,Fiber optic,No,Yes,No,No,No,No,Month-to-month,Yes,Credit card (automatic),96.49,2195.28,Yes,Region2_Suburban_Cohort
REG2-02081,Male,0,Yes,No,7,Yes,No,Fiber optic,No,No,Yes,Yes,No,No,One year,Yes,Mailed check,91.16,636.85,Yes,Region2_Suburban_Cohort
REG2-02082,Male,1,Yes,No,7,Yes,Yes,Fiber optic,No,No,No,No,No,Yes,Month-to-month,No,Credit card (automatic),100.59,702.02,Yes,Region2_Suburban_Cohort
REG2-02083,Female,0,No,No,72,Yes,Yes,DSL,Yes,No,Yes,Yes,Yes,Yes,One year,Yes,Electronic check,117.44,8866.37,No,Region2_Suburban_Cohort
REG2-02084,Female,0,Yes,Yes,39,Yes,No,Fiber optic,No,Yes,No,No,No,No,Two year,Yes,Bank transfer (automatic),85.64,3346.38,No,Region2_Suburban_Cohort
REG2-02085,Male,0,Yes,Yes,50,Yes,Yes,DSL,No,No,Yes,No,Yes,Yes,Two year,Yes,Bank transfer (automatic),98.04,4724.08,No,Region2_Suburban_Cohort
REG2-02086,Male,0,Yes,Yes,23,Yes,No,No,No internet service,No internet service,No internet service,No internet service,No internet service,No internet service,One year,Yes,Mailed check,29.01,652.56,Yes,Region2_Suburban_Cohort
REG2-02087,Female,0,No,No,57,Yes,No,DSL,No,No,No,No,No,No,One year,Yes,Credit card (automatic),59.01,3307.63,No,Region2_Suburban_Cohort
REG2-02088,Female,1,Yes,No,29,Yes,No,Fiber optic,Yes,No,No,Yes,No,Yes,Two year,Yes,Mailed check,100.71,3054.49,No,Region2_Suburban_Cohort
REG2-02089,Male,0,No,No,72,Yes,Yes,No,No internet service,No internet service,No internet service,No internet service,No internet service,No internet service,Two year,Yes,Electronic check,40.95,2878.83,No,Region2_Suburban_Cohort
REG2-02090,Female,0,Yes,No,9,Yes,No,Fiber optic,No,No,Yes,Yes,No,No,Month-to-month,Yes,Credit card (automatic),90.6,809.73,Yes,Region2_Suburban_Cohort
REG2-02091,Female,0,Yes,No,25,Yes,Yes,DSL,No,No,Yes,Yes,No,No,Month-to-month,Yes,Mailed check,80.86,2071.96,Yes,Region2_Suburban_Cohort
REG2-02092,Male,0,Yes,Yes,32,Yes,No,Fiber optic,No,No,Yes,No,Yes,Yes,Month-to-month,Yes,Electronic check,107.28,3355.41,Yes,Region2_Suburban_Cohort
REG2-02093,Female,1,No,No,13,Yes,No,Fiber optic,Yes,Yes,Yes,No,No,Yes,Two year,No,Mailed check,114.04,1512.41,No,Region2_Suburban_Cohort
REG2-02094,Male,0,Yes,Yes,59,Yes,Yes,No,No internet service,No internet service,No internet service,No internet service,No internet service,No internet service,Two year,Yes,Bank transfer (automatic),37.22,2131.75,No,Region2_Suburban_Cohort
REG2-02095,Female,0,No,No,72,Yes,Yes,Fiber optic,No,No,Yes,No,Yes,Yes,One year,No,Mailed check,117.71,8256.9,No,Region2_Suburban_Cohort
REG2-02096,Female,0,Yes,No,19,No,No phone service,DSL,No,Yes,No,Yes,No,No,One year,No,Bank transfer (automatic),61.3,1221.34,Yes,Region2_Suburban_Cohort
REG2-02097,Female,0,Yes,Yes,13,Yes,Yes,Fiber optic,Yes,No,No,No,No,Yes,One year,Yes,Bank transfer (automatic),110.91,1422.93,Yes,Region2_Suburban_Cohort
REG2-02098,Female,0,No,No,17,Yes,No,DSL,No,Yes,Yes,Yes,No,No,One year,No,Electronic check,75.27,1308.98,No,Region2_Suburban_Cohort
REG2-02099,Male,0,Yes,No,53,Yes,Yes,DSL,Yes,Yes,Yes,Yes,Yes,Yes,One year,No,Electronic check,125.17,6859.61,No,Region2_Suburban_Cohort
REG2-02100,Female,0,No,No,29,Yes,No,Fiber optic,Yes,No,No,No,No,Yes,Month-to-month,No,Bank transfer (automatic),94.59,2701.1,Yes,Region2_Suburban_Cohort
REG2-02101,Female,0,No,No,1,Yes,No,DSL,No,Yes,No,No,No,No,Month-to-month,No,Bank transfer (automatic),63.41,62.5,Yes,Region2_Suburban_Cohort
REG2-02102,Male,0,Yes,No,21,Yes,No,DSL,No,Yes,No,No,Yes,No,One year,Yes,Electronic check,78.07,1684.24,No,Region2_Suburban_Cohort
REG2-02103,Female,0,No,No,1,Yes,No,DSL,No,Yes,No,No,Yes,Yes,Month-to-month,Yes,Electronic check,86.67,87.6,Yes,Region2_Suburban_Cohort
REG2-02104,Female,0,Yes,No,42,No,No phone service,DSL,No,No,No,No,Yes,Yes,Month-to-month,Yes,Credit card (automatic),68.92,2854.62,Yes,Region2_Suburban_Cohort
REG2-02105,Male,0,Yes,No,11,Yes,Yes,DSL,Yes,No,No,No,Yes,Yes,Month-to-month,Yes,Credit card (automatic),99.34,1120.01,Yes,Region2_Suburban_Cohort
REG2-02106,Female,1,Yes,No,17,Yes,No,Fiber optic,No,No,No,No,No,No,One year,Yes,Bank transfer (automatic),75.5,1330.18,Yes,Region2_Suburban_Cohort
REG2-02107,Female,1,No,No,44,Yes,No,DSL,No,No,Yes,No,Yes,Yes,Two year,No,Electronic check,84.28,3610.06,No,Region2_Suburban_Cohort
REG2-02108,Male,0,Yes,No,1,Yes,No,DSL,Yes,Yes,No,No,No,Yes,One year,Yes,Bank transfer (automatic),83.4,79.43,No,Region2_Suburban_Cohort
REG2-02109,Female,0,No,No,4,Yes,Yes,Fiber optic,Yes,No,Yes,No,Yes,No,Month-to-month,Yes,Electronic check,116.09,453.87,Yes,Region2_Suburban_Cohort
REG2-02110,Male,0,No,No,14,Yes,Yes,No,No internet service,No internet service,No internet service,No internet service,No internet service,No internet service,One year,Yes,Bank transfer (automatic),37.97,540.86,No,Region2_Suburban_Cohort
REG2-02111,Male,0,No,No,7,Yes,Yes,Fiber optic,No,No,Yes,No,No,Yes,Month-to-month,Yes,Bank transfer (automatic),109.16,795.85,Yes,Region2_Suburban_Cohort
REG2-02112,Male,1,No,No,11,Yes,Yes,Fiber optic,Yes,No,No,Yes,No,No,Month-to-month,Yes,Mailed check,105.29,1200.24,Yes,Region2_Suburban_Cohort
REG2-02113,Female,0,Yes,Yes,72,Yes,Yes,Fiber optic,No,No,No,No,No,Yes,One year,No,Electronic check,99.63,6974.06,Yes,Region2_Suburban_Cohort
REG2-02114,Female,0,Yes,No,48,Yes,No,Fiber optic,No,No,No,Yes,Yes,No,Month-to-month,No,Bank transfer (automatic),91.64,4566.31,Yes,Region2_Suburban_Cohort
REG2-02115,Male,1,Yes,No,60,Yes,No,Fiber optic,No,Yes,Yes,No,No,No,Two year,Yes,Credit card (automatic),89.38,5529.44,No,Region2_Suburban_Cohort
REG2-02116,Male,1,No,No,72,Yes,No,No,No internet service,No internet service,No internet service,No internet service,No internet service,No internet service,Month-to-month,Yes,Bank transfer (automatic),24.19,1782.51,Yes,Region2_Suburban_Cohort
REG2-02117,Female,0,No,No,11,Yes,No,Fiber optic,No,Yes,No,No,No,Yes,Month-to-month,No,Bank transfer (automatic),94.11,1054.7,Yes,Region2_Suburban_Cohort
REG2-02118,Male,0,No,No,9,Yes,Yes,DSL,Yes,No,No,No,No,Yes,Month-to-month,No,Electronic check,84.72,785.9,Yes,Region2_Suburban_Cohort
REG2-02119,Female,0,No,No,7,Yes,No,Fiber optic,No,No,No,No,Yes,No,Month-to-month,No,Bank transfer (automatic),86.83,629.8,Yes,Region2_Suburban_Cohort
REG2-02120,Female,0,No,No,49,Yes,No,DSL,No,No,No,No,No,Yes,Two year,Yes,Bank transfer (automatic),69.5,3514.17,No,Region2_Suburban_Cohort
REG2-02121,Male,1,Yes,No,31,Yes,No,No,No internet service,No internet service,No internet service,No internet service,No internet service,No internet service,Month-to-month,Yes,Electronic check,28.74,857.25,Yes,Region2_Suburban_Cohort
REG2-02122,Female,1,No,No,7,Yes,No,Fiber optic,Yes,No,Yes,No,No,No,Month-to-month,Yes,Bank transfer (automatic),92.03,658.52,Yes,Region2_Suburban_Cohort
REG2-02123,Male,0,No,No,13,Yes,Yes,No,No internet service,No internet service,No internet service,No internet service,No internet service,No internet service,Month-to-month,Yes,Bank transfer (automatic),41.78,561.68,No,Region2_Suburban_Cohort
REG2-02124,Female,0,Yes,Yes,19,Yes,No,No,No internet service,No internet service,No internet service,No internet service,No internet service,No internet service,Month-to-month,No,Bank transfer (automatic),27.74,510.49,No,Region2_Suburban_Cohort
REG2-02125,Female,1,No,No,21,Yes,Yes,DSL,Yes,Yes,Yes,No,Yes,No,One year,No,Electronic check,106.52,2172.9,No,Region2_Suburban_Cohort
REG2-02126,Female,0,Yes,Yes,61,Yes,Yes,Fiber optic,No,Yes,Yes,No,Yes,No,Two year,No,Electronic check,117.07,7345.49,No,Region2_Suburban_Cohort
REG2-02127,Male,0,No,No,13,Yes,Yes,DSL,No,Yes,Yes,No,Yes,Yes,Month-to-month,Yes,Credit card (automatic),104.23,1333.84,Yes,Region2_Suburban_Cohort
REG2-02128,Female,0,No,No,66,Yes,No,No,No internet service,No internet service,No internet service,No internet service,No internet service,No internet service,Two year,No,Mailed check,31.12,2033.32,No,Region2_Suburban_Cohort
REG2-02129,Male,0,No,No,16,Yes,Yes,Fiber optic,Yes,No,No,Yes,No,Yes,One year,No,Electronic check,114.48,1809.18,Yes,Region2_Suburban_Cohort
REG2-02130,Male,0,Yes,No,38,Yes,No,Fiber optic,No,Yes,Yes,No,Yes,Yes,One year,Yes,Credit card (automatic),116.28,4291.75,Yes,Region2_Suburban_Cohort
REG2-02131,Male,0,No,No,72,Yes,Yes,Fiber optic,No,No,No,No,No,Yes,One year,No,Electronic check,95.65,7188.99,Yes,Region2_Suburban_Cohort
REG2-02132,Female,0,No,No,66,Yes,No,Fiber optic,Yes,Yes,Yes,No,Yes,No,Two year,Yes,Mailed check,110.13,7490.9,No,Region2_Suburban_Cohort
REG2-02133,Female,0,Yes,No,1,Yes,No,No,No internet service,No internet service,No internet service,No internet service,No internet service,No internet service,Month-to-month,No,Electronic check,30.88,30.11,Yes,Region2_Suburban_Cohort
REG2-02134,Female,0,No,No,6,Yes,Yes,Fiber optic,Yes,Yes,No,No,Yes,No,Month-to-month,Yes,Credit card (automatic),112.28,647.14,Yes,Region2_Suburban_Cohort
REG2-02135,Female,0,No,No,18,Yes,Yes,Fiber optic,No,No,No,No,Yes,Yes,Month-to-month,No,Mailed check,111.65,1984.1,Yes,Region2_Suburban_Cohort
REG2-02136,Male,0,No,No,15,Yes,No,DSL,No,Yes,Yes,Yes,Yes,No,Month-to-month,Yes,Bank transfer (automatic),90.16,1340.95,Yes,Region2_Suburban_Cohort
REG2-02137,Female,1,Yes,No,28,Yes,Yes,Fiber optic,Yes,Yes,No,No,No,Yes,Month-to-month,No,Bank transfer (automatic),115.11,3064.21,Yes,Region2_Suburban_Cohort
REG2-02138,Male,0,Yes,Yes,72,Yes,No,Fiber optic,No,No,Yes,No,No,Yes,One year,No,Electronic check,97.55,7295.52,No,Region2_Suburban_Cohort
REG2-02139,Female,0,No,No,3,Yes,No,DSL,Yes,Yes,Yes,Yes,Yes,Yes,Two year,No,Mailed check,117.77,365.72,Yes,Region2_Suburban_Cohort
REG2-02140,Female,0,Yes,Yes,16,Yes,Yes,Fiber optic,No,Yes,No,No,Yes,No,One year,No,Mailed check,107.19,1775.09,No,Region2_Suburban_Cohort
REG2-02141,Female,0,Yes,No,5,Yes,Yes,Fiber optic,No,No,Yes,No,No,Yes,Month-to-month,Yes,Credit card (automatic),106.53,548.94,Yes,Region2_Suburban_Cohort
REG2-02142,Female,0,No,No,62,Yes,Yes,Fiber optic,No,No,Yes,No,Yes,Yes,One year,No,Credit card (automatic),123.83,7856.44,No,Region2_Suburban_Cohort
REG2-02143,Male,0,Yes,No,72,Yes,Yes,DSL,Yes,No,No,No,No,Yes,Month-to-month,No,Credit card (automatic),89.83,6554.76,Yes,Region2_Suburban_Cohort
REG2-02144,Male,0,No,No,18,Yes,Yes,DSL,Yes,No,No,No,Yes,No,Month-to-month,Yes,Electronic check,91.44,1721.68,Yes,Region2_Suburban_Cohort
REG2-02145,Female,0,Yes,Yes,3,No,No phone service,No,No internet service,No internet service,No internet service,No internet service,No internet service,No internet service,Month-to-month,Yes,Electronic check,20.6,63.11,Yes,Region2_Suburban_Cohort
REG2-02146,Male,0,Yes,Yes,43,Yes,Yes,Fiber optic,Yes,Yes,No,No,Yes,No,One year,Yes,Mailed check,117.04,5098.27,No,Region2_Suburban_Cohort
REG2-02147,Male,0,Yes,Yes,33,Yes,Yes,DSL,No,Yes,No,Yes,No,No,Month-to-month,Yes,Bank transfer (automatic),83.12,2822.18,Yes,Region2_Suburban_Cohort
REG2-02148,Male,0,Yes,No,12,Yes,Yes,No,No internet service,No internet service,No internet service,No internet service,No internet service,No internet service,Month-to-month,Yes,Bank transfer (automatic),42.14,492.85,No,Region2_Suburban_Cohort
REG2-02149,Female,0,No,No,61,Yes,No,Fiber optic,Yes,No,Yes,No,No,Yes,Two year,Yes,Credit card (automatic),103.28,6594.39,No,Region2_Suburban_Cohort
REG2-02150,Male,0,No,No,72,Yes,No,No,No internet service,No internet service,No internet service,No internet service,No internet service,No internet service,Two year,No,Credit card (automatic),31.04,2127.42,No,Region2_Suburban_Cohort
REG2-02151,Male,0,Yes,Yes,22,Yes,No,No,No internet service,No internet service,No internet service,No internet service,No internet service,No internet service,Month-to-month,Yes,Electronic check,30.19,674.04,No,Region2_Suburban_Cohort
REG2-02152,Female,0,Yes,Yes,23,Yes,Yes,Fiber optic,Yes,No,No,No,No,No,One year,No,Credit card (automatic),98.47,2169.03,Yes,Region2_Suburban_Cohort
REG2-02153,Female,0,Yes,No,9,Yes,Yes,Fiber optic,No,Yes,No,No,No,No,Month-to-month,No,Bank transfer (automatic),96.44,898.63,No,Region2_Suburban_Cohort
REG2-02154,Male,0,Yes,Yes,24,Yes,No,Fiber optic,No,No,No,No,No,No,Month-to-month,No,Mailed check,75.5,1896.74,Yes,Region2_Suburban_Cohort
REG2-02155,Male,0,Yes,Yes,16,Yes,No,Fiber optic,Yes,No,No,No,No,Yes,Month-to-month,Yes,Bank transfer (automatic),95.4,1512.45,Yes,Region2_Suburban_Cohort
REG2-02156,Male,0,No,No,10,Yes,Yes,No,No internet service,No internet service,No internet service,No internet service,No internet service,No internet service,Month-to-month,Yes,Credit card (automatic),40.94,424.02,Yes,Region2_Suburban_Cohort
REG2-02157,Male,1,No,No,1,Yes,Yes,No,No internet service,No internet service,No internet service,No internet service,No internet service,No internet service,Month-to-month,Yes,Mailed check,39.29,38.64,Yes,Region2_Suburban_Cohort
REG2-02158,Male,1,No,No,8,Yes,No,Fiber optic,No,Yes,No,No,Yes,No,One year,No,Electronic check,97.5,753.43,Yes,Region2_Suburban_Cohort
REG2-02159,Female,0,Yes,No,6,Yes,No,DSL,No,No,No,Yes,Yes,No,Month-to-month,Yes,Mailed check,77.49,454.56,Yes,Region2_Suburban_Cohort
REG2-02160,Female,0,No,No,21,No,No phone service,DSL,Yes,No,No,No,No,No,One year,Yes,Credit card (automatic),50.23,1033.93,No,Region2_Suburban_Cohort
REG2-02161,Female,0,No,No,25,Yes,Yes,Fiber optic,No,No,Yes,Yes,No,No,Month-to-month,Yes,Credit card (automatic),100.29,2540.01,Yes,Region2_Suburban_Cohort
REG2-02162,Male,0,No,No,26,Yes,No,DSL,Yes,No,No,No,Yes,Yes,One year,Yes,Electronic check,88.75,2375.84,Yes,Region2_Suburban_Cohort
REG2-02163,Female,0,Yes,No,13,Yes,No,No,No internet service,No internet service,No internet service,No internet service,No internet service,No internet service,Two year,No,Bank transfer (automatic),29.2,368.41,No,Region2_Suburban_Cohort
REG2-02164,Male,0,No,No,15,Yes,No,Fiber optic,No,Yes,No,No,Yes,No,Month-to-month,Yes,Electronic check,92.53,1330.8,Yes,Region2_Suburban_Cohort
REG2-02165,Female,0,No,No,50,Yes,No,Fiber optic,No,Yes,Yes,No,Yes,No,Month-to-month,No,Mailed check,98.99,4811.73,Yes,Region2_Suburban_Cohort
REG2-02166,Female,0,No,No,18,Yes,Yes,Fiber optic,No,No,Yes,Yes,Yes,No,Month-to-month,Yes,Mailed check,113.84,2007.43,Yes,Region2_Suburban_Cohort
REG2-02167,Male,1,Yes,No,72,Yes,No,Fiber optic,No,No,No,No,Yes,Yes,Two year,No,Mailed check,99.33,6994.29,No,Region2_Suburban_Cohort
REG2-02168,Female,0,Yes,Yes,16,Yes,No,Fiber optic,No,No,No,Yes,Yes,No,One year,Yes,Electronic check,94.29,1466.39,Yes,Region2_Suburban_Cohort
REG2-02169,Male,0,Yes,Yes,29,Yes,No,Fiber optic,No,Yes,Yes,No,No,Yes,Month-to-month,No,Bank transfer (automatic),99.68,2880.89,Yes,Region2_Suburban_Cohort
REG2-02170,Female,1,Yes,Yes,1,Yes,No,DSL,No,No,No,No,No,Yes,One year,Yes,Credit card (automatic),65.53,67.86,Yes,Region2_Suburban_Cohort
REG2-02171,Male,0,No,No,29,Yes,No,DSL,No,No,No,No,Yes,Yes,One year,No,Mailed check,80.39,2238.14,No,Region2_Suburban_Cohort
REG2-02172,Male,0,Yes,No,53,Yes,Yes,Fiber optic,No,Yes,No,No,No,No,Month-to-month,Yes,Electronic check,98.96,5434.76,Yes,Region2_Suburban_Cohort
REG2-02173,Female,0,Yes,Yes,72,Yes,Yes,Fiber optic,No,No,No,No,Yes,No,Two year,Yes,Electronic check,99.12,7134.51,Yes,Region2_Suburban_Cohort
REG2-02174,Male,1,Yes,Yes,72,Yes,No,DSL,No,No,No,No,No,No,One year,Yes,Electronic check,57.58,4212.29,No,Region2_Suburban_Cohort
REG2-02175,Female,0,Yes,No,9,Yes,Yes,No,No internet service,No internet service,No internet service,No internet service,No internet service,No internet service,Month-to-month,Yes,Electronic check,43.8,406.63,No,Region2_Suburban_Cohort
REG2-02176,Male,0,Yes,Yes,23,Yes,Yes,Fiber optic,Yes,Yes,Yes,No,No,No,Month-to-month,Yes,Credit card (automatic),109.55,2470.35,Yes,Region2_Suburban_Cohort
REG2-02177,Female,0,No,No,16,Yes,Yes,Fiber optic,No,No,No,Yes,No,No,Two year,No,Mailed check,97.34,1628.18,Yes,Region2_Suburban_Cohort
REG2-02178,Female,0,No,No,23,Yes,No,DSL,Yes,Yes,No,No,No,No,One year,Yes,Electronic check,73.81,1626.96,No,Region2_Suburban_Cohort
REG2-02179,Female,0,Yes,Yes,4,No,No phone service,Fiber optic,No,Yes,No,Yes,No,Yes,Month-to-month,Yes,Electronic check,91.79,368.18,Yes,Region2_Suburban_Cohort
REG2-02180,Male,0,Yes,No,54,Yes,Yes,Fiber optic,No,No,No,No,Yes,Yes,One year,Yes,Credit card (automatic),111.04,5849.14,No,Region2_Suburban_Cohort
REG2-02181,Male,0,Yes,No,67,Yes,No,Fiber optic,Yes,No,No,No,No,Yes,Two year,Yes,Mailed check,93.59,6212.81,No,Region2_Suburban_Cohort
REG2-02182,Male,1,Yes,Yes,16,Yes,Yes,Fiber optic,No,No,No,No,No,No,One year,Yes,Mailed check,83.86,1334.9,Yes,Region2_Suburban_Cohort
REG2-02183,Male,0,No,No,9,No,No phone service,Fiber optic,No,No,No,No,No,Yes,One year,Yes,Mailed check,79.56,745.72,No,Region2_Suburban_Cohort
REG2-02184,Female,0,No,No,4,Yes,Yes,Fiber optic,No,No,No,No,No,Yes,Month-to-month,Yes,Electronic check,103.01,409.63,Yes,Region2_Suburban_Cohort
REG2-02185,Female,0,No,No,32,Yes,Yes,DSL,No,No,No,Yes,No,No,Two year,Yes,Credit card (automatic),74.85,2442.61,No,Region2_Suburban_Cohort
REG2-02186,Female,0,No,No,10,Yes,Yes,No,No internet service,No internet service,No internet service,No internet service,No internet service,No internet service,Month-to-month,Yes,Electronic check,40.66,424.97,Yes,Region2_Suburban_Cohort
REG2-02187,Female,1,Yes,Yes,67,Yes,No,No,No internet service,No internet service,No internet service,No internet service,No internet service,No internet service,Two year,Yes,Bank transfer (automatic),32.67,2187.69,No,Region2_Suburban_Cohort
REG2-02188,Female,0,No,No,31,Yes,No,Fiber optic,No,No,Yes,No,No,No,Month-to-month,No,Electronic check,85.94,2639.71,Yes,Region2_Suburban_Cohort
REG2-02189,Female,0,No,No,29,Yes,No,Fiber optic,No,Yes,No,No,No,Yes,Month-to-month,No,Mailed check,92.83,2819.4,Yes,Region2_Suburban_Cohort
REG2-02190,Male,0,No,No,22,Yes,Yes,DSL,No,No,No,No,Yes,No,Month-to-month,No,Credit card (automatic),79.35,1802.9,Yes,Region2_Suburban_Cohort
REG2-02191,Female,0,Yes,No,1,Yes,No,DSL,No,Yes,No,No,Yes,Yes,Month-to-month,Yes,Bank transfer (automatic),91.95,95.99,Yes,Region2_Suburban_Cohort
REG2-02192,Female,0,No,No,72,Yes,Yes,Fiber optic,Yes,Yes,Yes,No,Yes,Yes,One year,Yes,Electronic check,139.55,9944.34,Yes,Region2_Suburban_Cohort
REG2-02193,Female,0,No,No,27,Yes,Yes,Fiber optic,Yes,No,No,No,No,No,Two year,Yes,Mailed check,92.69,2551.76,Yes,Region2_Suburban_Cohort
REG2-02194,Male,0,No,No,72,Yes,No,Fiber optic,Yes,Yes,Yes,Yes,Yes,No,Two year,Yes,Electronic check,115.52,8109.18,No,Region2_Suburban_Cohort
REG2-02195,Male,0,Yes,No,21,Yes,No,Fiber optic,Yes,No,No,No,Yes,No,Month-to-month,Yes,Credit card (automatic),95.88,2087.14,Yes,Region2_Suburban_Cohort
REG2-02196,Male,0,No,No,34,Yes,Yes,Fiber optic,No,No,No,No,Yes,Yes,Two year,Yes,Bank transfer (automatic),112.78,4000.59,No,Region2_Suburban_Cohort
REG2-02197,Female,0,No,No,1,Yes,Yes,No,No internet service,No internet service,No internet service,No internet service,No internet service,No internet service,Month-to-month,Yes,Mailed check,43.8,42.78,Yes,Region2_Suburban_Cohort
REG2-02198,Female,1,No,No,27,Yes,No,Fiber optic,Yes,No,Yes,Yes,No,Yes,Two year,No,Electronic check,112.36,2913.87,No,Region2_Suburban_Cohort
REG2-02199,Male,0,No,No,40,Yes,Yes,No,No internet service,No internet service,No internet service,No internet service,No internet service,No internet service,Two year,No,Electronic check,42.71,1657.27,No,Region2_Suburban_Cohort
REG2-02200,Female,0,No,No,42,Yes,No,No,No internet service,No internet service,No internet service,No internet service,No internet service,No internet service,Two year,Yes,Credit card (automatic),28.94,1231.63,No,Region2_Suburban_Cohort
REG2-02201,Male,0,Yes,Yes,41,Yes,No,Fiber optic,No,No,Yes,Yes,No,No,One year,Yes,Mailed check,89.42,3582.7,No,Region2_Suburban_Cohort
REG2-02202,Male,0,No,No,7,Yes,No,DSL,No,Yes,No,No,No,Yes,Two year,Yes,Electronic check,77.01,546.54,No,Region2_Suburban_Cohort
REG2-02203,Male,0,Yes,No,72,Yes,Yes,DSL,Yes,No,No,Yes,No,No,One year,Yes,Credit card (automatic),81.24,5761.65,No,Region2_Suburban_Cohort
REG2-02204,Female,1,No,No,72,No,No phone service,Fiber optic,No,No,No,No,No,No,Two year,Yes,Electronic check,60.83,4562.32,No,Region2_Suburban_Cohort
REG2-02205,Female,0,Yes,No,2,Yes,No,Fiber optic,No,No,No,Yes,Yes,No,One year,Yes,Electronic check,95.36,189.82,Yes,Region2_Suburban_Cohort
REG2-02206,Male,1,Yes,Yes,72,Yes,Yes,DSL,No,No,No,Yes,No,No,Month-to-month,Yes,Mailed check,75.71,5449.82,No,Region2_Suburban_Cohort
REG2-02207,Female,0,No,No,9,Yes,Yes,DSL,No,Yes,Yes,No,Yes,Yes,Month-to-month,No,Electronic check,111.81,991.0,Yes,Region2_Suburban_Cohort
REG2-02208,Male,0,No,No,32,Yes,No,DSL,No,No,No,No,Yes,Yes,Month-to-month,No,Bank transfer (automatic),79.08,2422.51,Yes,Region2_Suburban_Cohort
REG2-02209,Female,1,No,No,11,Yes,Yes,DSL,Yes,No,No,Yes,No,No,Month-to-month,No,Bank transfer (automatic),79.68,875.92,Yes,Region2_Suburban_Cohort
REG2-02210,Female,0,No,No,72,Yes,Yes,Fiber optic,No,No,Yes,Yes,No,No,Month-to-month,No,Electronic check,106.05,7845.09,No,Region2_Suburban_Cohort
REG2-02211,Female,1,No,No,2,Yes,No,DSL,No,Yes,No,No,Yes,Yes,One year,Yes,Electronic check,86.88,181.63,Yes,Region2_Suburban_Cohort
REG2-02212,Male,0,Yes,No,19,Yes,No,Fiber optic,No,Yes,Yes,Yes,No,No,Month-to-month,No,Electronic check,98.6,1794.08,Yes,Region2_Suburban_Cohort
REG2-02213,Female,1,Yes,No,15,Yes,Yes,DSL,Yes,No,No,No,No,No,Two year,Yes,Electronic check,72.09,1113.51,Yes,Region2_Suburban_Cohort
REG2-02214,Female,0,Yes,Yes,11,Yes,Yes,No,No internet service,No internet service,No internet service,No internet service,No internet service,No internet service,Month-to-month,Yes,Electronic check,43.27,464.88,Yes,Region2_Suburban_Cohort
REG2-02215,Male,0,Yes,Yes,29,Yes,Yes,DSL,No,No,No,Yes,Yes,No,One year,Yes,Electronic check,87.39,2616.12,No,Region2_Suburban_Cohort
REG2-02216,Female,0,No,No,3,Yes,Yes,DSL,No,No,Yes,Yes,No,Yes,One year,Yes,Mailed check,95.2,281.09,Yes,Region2_Suburban_Cohort
REG2-02217,Male,0,No,No,35,Yes,No,DSL,Yes,No,No,No,Yes,Yes,One year,Yes,Credit card (automatic),89.34,3006.34,No,Region2_Suburban_Cohort
REG2-02218,Female,0,No,No,72,Yes,No,DSL,No,No,No,No,No,Yes,One year,Yes,Electronic check,69.65,5070.98,No,Region2_Suburban_Cohort
REG2-02219,Male,0,Yes,Yes,45,Yes,No,DSL,Yes,Yes,No,Yes,Yes,No,Month-to-month,Yes,Bank transfer (automatic),91.8,4293.72,Yes,Region2_Suburban_Cohort
REG2-02220,Female,0,Yes,No,55,Yes,Yes,Fiber optic,Yes,Yes,No,No,No,No,Two year,Yes,Electronic check,104.35,5556.51,No,Region2_Suburban_Cohort
REG2-02221,Female,0,No,No,12,Yes,Yes,No,No internet service,No internet service,No internet service,No internet service,No internet service,No internet service,One year,No,Bank transfer (automatic),42.87,489.84,No,Region2_Suburban_Cohort
REG2-02222,Male,0,No,No,11,Yes,Yes,Fiber optic,Yes,No,No,No,No,Yes,Month-to-month,Yes,Credit card (automatic),111.18,1269.92,No,Region2_Suburban_Cohort
REG2-02223,Male,0,Yes,No,20,Yes,Yes,Fiber optic,Yes,No,Yes,Yes,Yes,Yes,One year,Yes,Bank transfer (automatic),132.73,2707.12,No,Region2_Suburban_Cohort
REG2-02224,Male,0,No,No,1,Yes,Yes,Fiber optic,No,No,No,No,No,Yes,Month-to-month,No,Electronic check,96.29,99.26,Yes,Region2_Suburban_Cohort
REG2-02225,Male,0,No,No,72,Yes,Yes,Fiber optic,Yes,Yes,No,No,No,No,Two year,Yes,Electronic check,100.03,6885.15,No,Region2_Suburban_Cohort
REG2-02226,Male,0,Yes,No,4,Yes,Yes,DSL,No,Yes,No,No,No,Yes,Month-to-month,No,Credit card (automatic),88.29,366.95,Yes,Region2_Suburban_Cohort
REG2-02227,Female,0,No,No,65,Yes,No,Fiber optic,No,No,Yes,No,Yes,Yes,Two year,No,Mailed check,106.72,6880.72,No,Region2_Suburban_Cohort
REG2-02228,Male,0,Yes,No,2,Yes,No,DSL,No,Yes,No,No,Yes,No,Month-to-month,No,Electronic check,72.23,150.2,Yes,Region2_Suburban_Cohort
REG2-02229,Male,1,No,No,48,Yes,No,Fiber optic,Yes,No,No,No,No,No,Two year,Yes,Credit card (automatic),82.52,3788.63,No,Region2_Suburban_Cohort
REG2-02230,Female,1,Yes,Yes,4,Yes,Yes,Fiber optic,No,No,No,No,Yes,No,Month-to-month,Yes,Bank transfer (automatic),104.39,433.63,Yes,Region2_Suburban_Cohort
REG2-02231,Male,0,Yes,Yes,1,Yes,No,Fiber optic,No,No,Yes,No,No,Yes,Month-to-month,No,Credit card (automatic),96.07,97.74,Yes,Region2_Suburban_Cohort
REG2-02232,Female,0,No,No,35,Yes,No,DSL,No,No,No,Yes,No,Yes,Month-to-month,Yes,Electronic check,78.69,2769.1,Yes,Region2_Suburban_Cohort
REG2-02233,Female,0,Yes,Yes,9,Yes,Yes,DSL,No,Yes,No,Yes,No,No,Month-to-month,Yes,Electronic check,79.74,686.21,Yes,Region2_Suburban_Cohort
REG2-02234,Female,0,No,No,35,Yes,No,Fiber optic,No,Yes,Yes,No,Yes,Yes,Two year,Yes,Mailed check,115.73,4126.87,No,Region2_Suburban_Cohort
REG2-02235,Female,0,Yes,No,22,Yes,No,Fiber optic,No,No,Yes,No,No,Yes,Month-to-month,No,Bank transfer (automatic),96.28,2138.87,Yes,Region2_Suburban_Cohort
REG2-02236,Female,0,Yes,Yes,3,Yes,No,No,No internet service,No internet service,No internet service,No internet service,No internet service,No internet service,Month-to-month,Yes,Electronic check,31.73,97.34,Yes,Region2_Suburban_Cohort
REG2-02237,Male,0,Yes,No,72,Yes,Yes,Fiber optic,No,Yes,Yes,Yes,Yes,No,Two year,No,Mailed check,122.37,9001.58,No,Region2_Suburban_Cohort
REG2-02238,Male,0,Yes,No,16,Yes,Yes,DSL,Yes,No,No,No,No,No,One year,Yes,Bank transfer (automatic),77.47,1232.55,No,Region2_Suburban_Cohort
REG2-02239,Male,0,No,No,37,Yes,No,Fiber optic,Yes,No,No,No,No,No,One year,No,Mailed check,84.23,3024.47,No,Region2_Suburban_Cohort
REG2-02240,Female,1,Yes,No,19,Yes,Yes,Fiber optic,Yes,No,Yes,No,No,No,Month-to-month,Yes,Bank transfer (automatic),103.22,2043.35,Yes,Region2_Suburban_Cohort
REG2-02241,Male,0,No,No,25,Yes,No,Fiber optic,Yes,No,No,No,Yes,No,One year,Yes,Mailed check,93.93,2448.19,No,Region2_Suburban_Cohort
REG2-02242,Female,1,No,No,10,Yes,No,Fiber optic,No,No,No,No,Yes,No,Month-to-month,Yes,Mailed check,83.29,808.91,Yes,Region2_Suburban_Cohort
REG2-02243,Female,1,No,No,6,Yes,Yes,No,No internet service,No internet service,No internet service,No internet service,No internet service,No internet service,One year,Yes,Electronic check,37.21,226.18,Yes,Region2_Suburban_Cohort
REG2-02244,Female,0,Yes,No,21,Yes,No,DSL,No,Yes,Yes,No,Yes,Yes,Month-to-month,Yes,Bank transfer (automatic),93.32,1901.49,Yes,Region2_Suburban_Cohort
REG2-02245,Female,0,No,No,16,Yes,No,DSL,Yes,Yes,No,No,Yes,Yes,One year,Yes,Electronic check,94.61,1568.44,Yes,Region2_Suburban_Cohort
REG2-02246,Male,0,Yes,Yes,13,Yes,Yes,DSL,No,No,No,Yes,No,No,One year,No,Credit card (automatic),73.31,914.74,No,Region2_Suburban_Cohort
REG2-02247,Female,1,Yes,No,31,Yes,Yes,DSL,No,Yes,Yes,No,Yes,Yes,One year,No,Mailed check,107.86,3507.57,Yes,Region2_Suburban_Cohort
REG2-02248,Female,1,Yes,Yes,32,No,No phone service,DSL,No,No,No,No,No,No,Month-to-month,No,Bank transfer (automatic),47.06,1522.61,Yes,Region2_Suburban_Cohort
REG2-02249,Male,0,Yes,Yes,1,Yes,No,No,No internet service,No internet service,No internet service,No internet service,No internet service,No internet service,Month-to-month,No,Credit card (automatic),26.87,25.59,Yes,Region2_Suburban_Cohort
REG2-02250,Male,0,Yes,Yes,11,No,No phone service,Fiber optic,No,No,No,Yes,No,Yes,Month-to-month,Yes,Electronic check,86.37,986.35,No,Region2_Suburban_Cohort
REG2-02251,Female,0,No,No,14,Yes,No,Fiber optic,No,No,No,No,No,Yes,Two year,Yes,Mailed check,86.93,1239.47,No,Region2_Suburban_Cohort
REG2-02252,Female,0,Yes,Yes,2,Yes,Yes,DSL,No,No,Yes,Yes,No,No,Month-to-month,No,Mailed check,78.69,160.49,Yes,Region2_Suburban_Cohort
REG2-02253,Female,0,Yes,Yes,7,Yes,Yes,No,No internet service,No internet service,No internet service,No internet service,No internet service,No internet service,Month-to-month,No,Credit card (automatic),44.27,302.92,Yes,Region2_Suburban_Cohort
REG2-02254,Female,1,No,No,1,No,No phone service,No,No internet service,No internet service,No internet service,No internet service,No internet service,No internet service,Two year,No,Credit card (automatic),18.0,17.71,No,Region2_Suburban_Cohort
REG2-02255,Female,0,Yes,No,72,Yes,No,DSL,Yes,Yes,No,Yes,Yes,No,One year,No,Bank transfer (automatic),97.43,7305.67,No,Region2_Suburban_Cohort
REG2-02256,Female,0,Yes,Yes,37,Yes,No,Fiber optic,Yes,No,No,No,No,No,Two year,No,Electronic check,85.92,3221.94,No,Region2_Suburban_Cohort
REG2-02257,Male,0,Yes,No,2,Yes,Yes,Fiber optic,No,No,Yes,Yes,No,Yes,Month-to-month,No,Electronic check,114.64,218.2,Yes,Region2_Suburban_Cohort
REG2-02258,Male,0,No,No,1,Yes,No,No,No internet service,No internet service,No internet service,No internet service,No internet service,No internet service,One year,No,Electronic check,30.0,29.48,Yes,Region2_Suburban_Cohort
REG2-02259,Male,0,Yes,Yes,35,Yes,Yes,Fiber optic,Yes,No,No,Yes,Yes,Yes,Two year,Yes,Bank transfer (automatic),123.52,4365.8,No,Region2_Suburban_Cohort
REG2-02260,Female,0,Yes,Yes,16,Yes,Yes,Fiber optic,No,No,Yes,No,No,No,One year,Yes,Mailed check,99.39,1534.26,Yes,Region2_Suburban_Cohort
REG2-02261,Female,1,Yes,No,43,No,No phone service,No,No internet service,No internet service,No internet service,No internet service,No internet service,No internet service,Month-to-month,No,Electronic check,18.0,742.91,Yes,Region2_Suburban_Cohort
REG2-02262,Female,1,No,No,71,Yes,No,Fiber optic,No,No,Yes,Yes,Yes,Yes,One year,No,Bank transfer (automatic),115.1,7812.02,No,Region2_Suburban_Cohort
REG2-02263,Male,0,No,No,25,Yes,Yes,DSL,No,No,No,Yes,No,Yes,Two year,Yes,Credit card (automatic),85.39,2162.63,No,Region2_Suburban_Cohort
REG2-02264,Female,1,No,No,5,Yes,No,DSL,No,Yes,No,Yes,No,No,One year,Yes,Electronic check,72.15,354.28,Yes,Region2_Suburban_Cohort
REG2-02265,Female,0,Yes,No,42,Yes,Yes,Fiber optic,No,No,Yes,Yes,Yes,No,One year,No,Credit card (automatic),114.95,4766.91,No,Region2_Suburban_Cohort
REG2-02266,Female,0,Yes,No,72,Yes,No,Fiber optic,Yes,No,Yes,Yes,Yes,No,Month-to-month,Yes,Electronic check,109.43,7532.32,Yes,Region2_Suburban_Cohort
REG2-02267,Female,0,Yes,No,24,Yes,Yes,Fiber optic,No,No,Yes,Yes,No,Yes,One year,Yes,Electronic check,116.16,2854.2,Yes,Region2_Suburban_Cohort
REG2-02268,Male,0,Yes,Yes,32,Yes,Yes,DSL,Yes,Yes,No,No,Yes,No,One year,Yes,Credit card (automatic),98.76,3244.62,No,Region2_Suburban_Cohort
REG2-02269,Female,1,Yes,Yes,11,Yes,No,DSL,No,No,Yes,No,No,Yes,Month-to-month,No,Mailed check,75.12,853.54,Yes,Region2_Suburban_Cohort
REG2-02270,Male,0,Yes,No,13,Yes,No,Fiber optic,No,No,No,Yes,Yes,No,One year,Yes,Credit card (automatic),89.52,1181.41,No,Region2_Suburban_Cohort
REG2-02271,Male,0,No,No,37,No,No phone service,No,No internet service,No internet service,No internet service,No internet service,No internet service,No internet service,One year,Yes,Mailed check,20.94,795.95,Yes,Region2_Suburban_Cohort
REG2-02272,Male,0,No,No,72,Yes,No,Fiber optic,No,No,No,No,No,Yes,Two year,No,Credit card (automatic),83.31,6044.64,No,Region2_Suburban_Cohort
REG2-02273,Female,0,Yes,Yes,27,No,No phone service,Fiber optic,No,No,Yes,Yes,Yes,No,Month-to-month,Yes,Electronic check,89.58,2416.64,Yes,Region2_Suburban_Cohort
REG2-02274,Female,0,No,No,43,Yes,No,Fiber optic,Yes,No,No,No,No,No,Two year,Yes,Bank transfer (automatic),79.32,3328.84,No,Region2_Suburban_Cohort
REG2-02275,Female,0,Yes,Yes,5,Yes,No,Fiber optic,Yes,No,No,Yes,Yes,No,Month-to-month,No,Credit card (automatic),104.77,500.45,Yes,Region2_Suburban_Cohort
REG2-02276,Female,0,Yes,Yes,6,Yes,No,No,No internet service,No internet service,No internet service,No internet service,No internet service,No internet service,Month-to-month,No,Mailed check,26.37,154.93,No,Region2_Suburban_Cohort
REG2-02277,Male,0,No,No,21,Yes,No,Fiber optic,Yes,No,No,Yes,No,No,One year,Yes,Electronic check,93.47,1998.91,No,Region2_Suburban_Cohort
REG2-02278,Female,1,Yes,No,5,Yes,No,Fiber optic,Yes,No,No,Yes,Yes,No,Month-to-month,No,Electronic check,105.03,547.57,Yes,Region2_Suburban_Cohort
REG2-02279,Male,0,Yes,No,28,Yes,No,No,No internet service,No internet service,No internet service,No internet service,No internet service,No internet service,Two year,No,Credit card (automatic),27.84,760.52,No,Region2_Suburban_Cohort
REG2-02280,Male,0,Yes,No,9,Yes,No,DSL,No,No,Yes,No,Yes,No,Month-to-month,No,Mailed check,76.2,697.45,No,Region2_Suburban_Cohort
REG2-02281,Male,0,No,No,43,Yes,Yes,Fiber optic,No,No,Yes,No,Yes,Yes,Two year,Yes,Mailed check,121.95,5232.44,Yes,Region2_Suburban_Cohort
REG2-02282,Male,0,No,No,46,Yes,No,No,No internet service,No internet service,No internet service,No internet service,No internet service,No internet service,Month-to-month,Yes,Credit card (automatic),28.54,1329.59,Yes,Region2_Suburban_Cohort
REG2-02283,Male,0,Yes,Yes,17,Yes,Yes,DSL,No,No,No,No,Yes,No,Month-to-month,No,Credit card (automatic),82.08,1325.82,No,Region2_Suburban_Cohort
REG2-02284,Male,0,No,No,5,Yes,Yes,Fiber optic,No,Yes,No,No,No,No,Month-to-month,Yes,Mailed check,95.42,459.1,Yes,Region2_Suburban_Cohort
REG2-02285,Male,1,No,No,29,Yes,Yes,DSL,Yes,Yes,No,No,Yes,Yes,Month-to-month,Yes,Credit card (automatic),105.28,2966.72,Yes,Region2_Suburban_Cohort
REG2-02286,Female,0,No,No,72,Yes,No,No,No internet service,No internet service,No internet service,No internet service,No internet service,No internet service,Two year,Yes,Mailed check,32.06,2399.14,No,Region2_Suburban_Cohort
REG2-02287,Male,0,No,No,27,Yes,No,DSL,No,Yes,No,Yes,Yes,Yes,Month-to-month,Yes,Bank transfer (automatic),93.18,2400.26,No,Region2_Suburban_Cohort
REG2-02288,Male,1,Yes,No,1,Yes,No,DSL,No,No,No,No,No,No,Month-to-month,Yes,Electronic check,58.46,58.87,Yes,Region2_Suburban_Cohort
REG2-02289,Male,0,Yes,Yes,1,Yes,Yes,No,No internet service,No internet service,No internet service,No internet service,No internet service,No internet service,Month-to-month,Yes,Electronic check,39.12,40.8,Yes,Region2_Suburban_Cohort
REG2-02290,Female,0,Yes,Yes,10,Yes,Yes,DSL,No,No,Yes,No,No,No,Two year,No,Credit card (automatic),78.27,794.6,No,Region2_Suburban_Cohort
REG2-02291,Male,0,No,No,6,Yes,No,Fiber optic,No,Yes,No,No,No,No,One year,Yes,Electronic check,83.55,500.52,No,Region2_Suburban_Cohort
REG2-02292,Male,1,No,No,46,Yes,Yes,Fiber optic,Yes,Yes,No,Yes,No,No,Month-to-month,Yes,Electronic check,112.78,5128.73,No,Region2_Suburban_Cohort
REG2-02293,Female,1,No,No,52,Yes,Yes,DSL,No,Yes,No,Yes,Yes,No,One year,No,Bank transfer (automatic),94.02,4949.76,Yes,Region2_Suburban_Cohort
REG2-02294,Male,0,No,No,8,Yes,Yes,Fiber optic,No,No,No,No,No,No,Month-to-month,Yes,Bank transfer (automatic),87.98,702.46,Yes,Region2_Suburban_Cohort
REG2-02295,Male,0,No,No,11,Yes,No,No,No internet service,No internet service,No internet service,No internet service,No internet service,No internet service,Month-to-month,No,Electronic check,23.68,265.83,Yes,Region2_Suburban_Cohort
REG2-02296,Male,0,No,No,7,Yes,Yes,Fiber optic,No,No,No,No,Yes,Yes,One year,Yes,Bank transfer (automatic),111.55,790.05,Yes,Region2_Suburban_Cohort
REG2-02297,Male,1,No,No,66,Yes,Yes,Fiber optic,No,Yes,Yes,No,No,No,Two year,Yes,Bank transfer (automatic),99.72,6625.89,No,Region2_Suburban_Cohort
REG2-02298,Male,1,No,No,19,Yes,No,DSL,No,No,No,No,Yes,No,Two year,Yes,Credit card (automatic),68.87,1368.31,No,Region2_Suburban_Cohort
REG2-02299,Male,0,Yes,Yes,29,Yes,Yes,DSL,No,No,No,No,No,Yes,Two year,No,Mailed check,77.66,2327.74,No,Region2_Suburban_Cohort
REG2-02300,Female,0,Yes,No,15,No,No phone service,Fiber optic,Yes,Yes,No,No,No,No,One year,Yes,Mailed check,79.64,1207.6,Yes,Region2_Suburban_Cohort
REG2-02301,Female,0,Yes,Yes,27,Yes,No,Fiber optic,No,Yes,No,No,No,Yes,One year,No,Mailed check,92.09,2496.04,Yes,Region2_Suburban_Cohort
REG2-02302,Female,0,No,No,13,Yes,Yes,DSL,No,Yes,No,No,Yes,Yes,Two year,Yes,Electronic check,99.46,1321.94,No,Region2_Suburban_Cohort
REG2-02303,Male,0,Yes,Yes,11,Yes,Yes,No,No internet service,No internet service,No internet service,No internet service,No internet service,No internet service,Month-to-month,Yes,Electronic check,39.88,452.01,Yes,Region2_Suburban_Cohort
REG2-02304,Female,0,No,No,28,Yes,No,DSL,No,No,No,No,No,Yes,Month-to-month,Yes,Electronic check,66.87,1834.02,Yes,Region2_Suburban_Cohort
REG2-02305,Male,0,Yes,No,25,Yes,No,Fiber optic,No,No,Yes,No,Yes,Yes,One year,No,Credit card (automatic),106.18,2698.82,Yes,Region2_Suburban_Cohort
REG2-02306,Male,0,Yes,Yes,9,Yes,No,Fiber optic,No,Yes,No,No,Yes,Yes,Month-to-month,Yes,Credit card (automatic),104.44,905.67,Yes,Region2_Suburban_Cohort
REG2-02307,Female,1,No,No,4,Yes,No,DSL,No,Yes,Yes,Yes,Yes,Yes,Two year,Yes,Mailed check,102.03,405.28,Yes,Region2_Suburban_Cohort
REG2-02308,Male,0,Yes,No,12,Yes,Yes,No,No internet service,No internet service,No internet service,No internet service,No internet service,No internet service,One year,No,Electronic check,40.52,507.56,Yes,Region2_Suburban_Cohort
REG2-02309,Male,0,Yes,No,15,Yes,Yes,Fiber optic,Yes,No,Yes,No,Yes,Yes,Month-to-month,Yes,Electronic check,129.43,1907.73,No,Region2_Suburban_Cohort
REG2-02310,Male,0,Yes,Yes,27,Yes,Yes,DSL,No,Yes,Yes,No,Yes,Yes,Month-to-month,Yes,Electronic check,109.84,2863.14,Yes,Region2_Suburban_Cohort
REG2-02311,Female,1,Yes,No,68,No,No phone service,Fiber optic,Yes,Yes,Yes,No,No,No,Two year,Yes,Credit card (automatic),85.7,5621.39,No,Region2_Suburban_Cohort
REG2-02312,Male,1,No,No,1,Yes,No,DSL,No,No,No,No,No,Yes,Two year,No,Mailed check,67.48,66.76,Yes,Region2_Suburban_Cohort
REG2-02313,Female,0,Yes,Yes,7,Yes,No,DSL,No,No,Yes,No,No,Yes,Month-to-month,Yes,Credit card (automatic),74.3,505.81,No,Region2_Suburban_Cohort
REG2-02314,Female,0,No,No,6,Yes,No,Fiber optic,No,No,No,Yes,Yes,Yes,Month-to-month,No,Mailed check,104.8,624.2,Yes,Region2_Suburban_Cohort
REG2-02315,Male,0,Yes,Yes,19,Yes,Yes,DSL,Yes,No,No,No,Yes,Yes,Month-to-month,Yes,Bank transfer (automatic),99.36,1929.16,Yes,Region2_Suburban_Cohort
REG2-02316,Male,0,No,No,15,Yes,No,Fiber optic,No,No,No,No,No,Yes,One year,Yes,Bank transfer (automatic),88.17,1373.89,No,Region2_Suburban_Cohort
REG2-02317,Male,0,Yes,No,36,No,No phone service,Fiber optic,No,Yes,No,No,No,Yes,Two year,No,Electronic check,78.35,2710.64,No,Region2_Suburban_Cohort
REG2-02318,Male,1,No,No,7,Yes,No,DSL,No,Yes,Yes,No,No,No,One year,Yes,Mailed check,73.51,528.38,No,Region2_Suburban_Cohort
REG2-02319,Male,0,No,No,25,Yes,No,Fiber optic,No,Yes,Yes,Yes,No,Yes,Two year,Yes,Credit card (automatic),112.78,2707.7,No,Region2_Suburban_Cohort
REG2-02320,Female,1,Yes,Yes,60,Yes,No,DSL,No,No,No,No,Yes,No,Two year,Yes,Mailed check,66.93,3967.38,Yes,Region2_Suburban_Cohort
REG2-02321,Female,0,No,No,67,Yes,No,Fiber optic,No,No,Yes,Yes,No,Yes,Two year,Yes,Mailed check,100.81,7089.65,No,Region2_Suburban_Cohort
REG2-02322,Female,0,No,No,72,No,No phone service,DSL,No,Yes,No,No,No,No,One year,No,Mailed check,54.22,3735.46,No,Region2_Suburban_Cohort
REG2-02323,Male,0,Yes,No,41,Yes,Yes,Fiber optic,No,No,No,Yes,Yes,Yes,Month-to-month,Yes,Mailed check,117.36,4582.18,No,Region2_Suburban_Cohort
REG2-02324,Female,0,Yes,No,66,Yes,Yes,DSL,Yes,No,No,No,Yes,Yes,Two year,Yes,Mailed check,102.17,6631.05,No,Region2_Suburban_Cohort
REG2-02325,Female,0,No,No,7,Yes,Yes,DSL,No,No,No,No,No,No,Month-to-month,No,Electronic check,69.24,506.54,Yes,Region2_Suburban_Cohort
REG2-02326,Female,0,No,No,6,Yes,Yes,No,No internet service,No internet service,No internet service,No internet service,No internet service,No internet service,Month-to-month,Yes,Credit card (automatic),42.05,240.19,Yes,Region2_Suburban_Cohort
REG2-02327,Male,0,Yes,Yes,1,Yes,Yes,No,No internet service,No internet service,No internet service,No internet service,No internet service,No internet service,Month-to-month,Yes,Electronic check,39.99,38.88,Yes,Region2_Suburban_Cohort
REG2-02328,Female,0,Yes,Yes,34,No,No phone service,Fiber optic,No,No,Yes,No,No,Yes,Month-to-month,Yes,Mailed check,86.24,2962.41,Yes,Region2_Suburban_Cohort
REG2-02329,Male,0,No,No,72,Yes,Yes,Fiber optic,Yes,No,No,No,Yes,Yes,Month-to-month,No,Electronic check,120.98,8478.64,No,Region2_Suburban_Cohort
REG2-02330,Male,1,No,No,5,Yes,Yes,DSL,No,No,No,No,Yes,Yes,Month-to-month,Yes,Electronic check,90.16,430.69,Yes,Region2_Suburban_Cohort
REG2-02331,Male,0,No,No,28,Yes,No,DSL,Yes,No,Yes,No,No,No,One year,Yes,Bank transfer (automatic),72.03,1926.58,No,Region2_Suburban_Cohort
REG2-02332,Female,0,Yes,Yes,38,Yes,No,Fiber optic,Yes,Yes,No,No,No,Yes,Month-to-month,No,Credit card (automatic),101.8,3891.29,Yes,Region2_Suburban_Cohort
REG2-02333,Female,0,No,No,72,No,No phone service,Fiber optic,No,No,No,No,Yes,No,One year,No,Bank transfer (automatic),72.64,5262.45,Yes,Region2_Suburban_Cohort
REG2-02334,Male,0,Yes,Yes,29,Yes,No,DSL,No,No,Yes,No,Yes,Yes,One year,No,Electronic check,82.84,2451.96,Yes,Region2_Suburban_Cohort
REG2-02335,Male,0,Yes,No,72,Yes,Yes,No,No internet service,No internet service,No internet service,No internet service,No internet service,No internet service,Month-to-month,Yes,Mailed check,42.39,2939.68,No,Region2_Suburban_Cohort
REG2-02336,Male,1,No,No,11,Yes,Yes,No,No internet service,No internet service,No internet service,No internet service,No internet service,No internet service,Month-to-month,No,Electronic check,45.81,503.9,Yes,Region2_Suburban_Cohort
REG2-02337,Male,0,No,No,12,Yes,Yes,Fiber optic,No,No,Yes,No,Yes,No,Month-to-month,Yes,Mailed check,104.58,1267.63,Yes,Region2_Suburban_Cohort
REG2-02338,Male,0,Yes,Yes,21,Yes,No,Fiber optic,No,No,No,No,Yes,No,Month-to-month,No,Electronic check,84.99,1735.24,Yes,Region2_Suburban_Cohort
REG2-02339,Male,0,Yes,Yes,13,Yes,No,Fiber optic,No,Yes,No,Yes,Yes,Yes,One year,Yes,Credit card (automatic),115.75,1511.87,Yes,Region2_Suburban_Cohort
REG2-02340,Female,0,No,No,1,No,No phone service,DSL,Yes,No,No,No,No,No,Two year,Yes,Electronic check,53.09,54.2,No,Region2_Suburban_Cohort
REG2-02341,Male,0,No,No,36,Yes,Yes,DSL,No,No,Yes,No,No,No,Month-to-month,Yes,Electronic check,75.71,2859.34,Yes,Region2_Suburban_Cohort
REG2-02342,Male,0,No,No,39,Yes,No,DSL,No,No,No,No,No,Yes,Two year,Yes,Credit card (automatic),68.29,2688.99,No,Region2_Suburban_Cohort
REG2-02343,Male,0,No,No,38,Yes,Yes,DSL,No,No,Yes,Yes,No,Yes,One year,Yes,Credit card (automatic),94.95,3738.42,No,Region2_Suburban_Cohort
REG2-02344,Female,1,Yes,Yes,11,Yes,No,Fiber optic,No,No,No,No,No,No,Month-to-month,No,Electronic check,75.34,856.39,Yes,Region2_Suburban_Cohort
REG2-02345,Female,0,No,No,20,Yes,Yes,Fiber optic,Yes,No,No,Yes,No,No,Two year,No,Electronic check,100.18,2091.81,No,Region2_Suburban_Cohort
REG2-02346,Female,0,No,No,12,Yes,Yes,No,No internet service,No internet service,No internet service,No internet service,No internet service,No internet service,One year,No,Bank transfer (automatic),40.95,502.36,No,Region2_Suburban_Cohort
REG2-02347,Male,0,No,No,1,Yes,No,Fiber optic,Yes,No,Yes,Yes,No,No,Month-to-month,Yes,Mailed check,102.16,99.23,Yes,Region2_Suburban_Cohort
REG2-02348,Female,0,No,No,23,Yes,No,Fiber optic,Yes,No,Yes,Yes,Yes,Yes,Month-to-month,Yes,Credit card (automatic),124.18,2798.47,Yes,Region2_Suburban_Cohort
REG2-02349,Male,0,No,No,3,Yes,No,DSL,No,No,Yes,No,No,Yes,Month-to-month,No,Mailed check,75.7,233.57,Yes,Region2_Suburban_Cohort
REG2-02350,Female,0,Yes,Yes,2,Yes,No,DSL,No,No,Yes,No,Yes,Yes,Month-to-month,Yes,Electronic check,84.82,169.99,Yes,Region2_Suburban_Cohort
REG2-02351,Female,1,Yes,Yes,39,Yes,Yes,No,No internet service,No internet service,No internet service,No internet service,No internet service,No internet service,Two year,Yes,Electronic check,39.99,1520.82,No,Region2_Suburban_Cohort
REG2-02352,Female,1,No,No,1,Yes,Yes,Fiber optic,No,No,No,No,No,No,Month-to-month,Yes,Bank transfer (automatic),84.31,85.63,No,Region2_Suburban_Cohort
REG2-02353,Female,1,Yes,No,72,Yes,No,DSL,No,No,No,No,Yes,No,One year,No,Bank transfer (automatic),62.41,4676.2,No,Region2_Suburban_Cohort
REG2-02354,Female,0,Yes,Yes,20,Yes,No,DSL,Yes,No,Yes,No,Yes,No,One year,Yes,Credit card (automatic),82.33,1623.17,No,Region2_Suburban_Cohort
REG2-02355,Male,0,No,No,72,Yes,No,No,No internet service,No internet service,No internet service,No internet service,No internet service,No internet service,Two year,Yes,Credit card (automatic),29.03,2110.28,No,Region2_Suburban_Cohort
REG2-02356,Female,0,No,No,1,Yes,Yes,DSL,Yes,No,No,Yes,No,Yes,Month-to-month,No,Electronic check,95.46,96.24,Yes,Region2_Suburban_Cohort
REG2-02357,Male,0,Yes,No,24,Yes,No,DSL,No,No,Yes,No,Yes,Yes,Month-to-month,Yes,Bank transfer (automatic),89.59,2069.95,Yes,Region2_Suburban_Cohort
REG2-02358,Female,0,No,No,12,No,No phone service,Fiber optic,Yes,Yes,No,No,No,Yes,Month-to-month,No,Credit card (automatic),91.43,1052.2,Yes,Region2_Suburban_Cohort
REG2-02359,Male,0,No,No,51,Yes,Yes,DSL,No,Yes,Yes,No,No,No,One year,Yes,Credit card (automatic),86.12,4563.16,Yes,Region2_Suburban_Cohort
REG2-02360,Male,0,No,No,12,Yes,No,Fiber optic,No,Yes,Yes,No,No,Yes,One year,Yes,Mailed check,104.29,1305.74,No,Region2_Suburban_Cohort
REG2-02361,Male,0,No,No,8,No,No phone service,Fiber optic,No,No,No,Yes,No,Yes,Month-to-month,Yes,Bank transfer (automatic),88.55,737.04,No,Region2_Suburban_Cohort
REG2-02362,Male,0,Yes,No,54,Yes,No,Fiber optic,Yes,No,No,No,Yes,No,Two year,Yes,Mailed check,92.15,4924.67,No,Region2_Suburban_Cohort
REG2-02363,Male,0,Yes,Yes,13,No,No phone service,DSL,Yes,No,Yes,Yes,Yes,Yes,Month-to-month,No,Bank transfer (automatic),95.93,1220.6,Yes,Region2_Suburban_Cohort
REG2-02364,Female,0,Yes,No,1,Yes,No,Fiber optic,No,No,Yes,No,No,No,Two year,No,Electronic check,81.31,84.91,Yes,Region2_Suburban_Cohort
REG2-02365,Male,0,Yes,No,13,Yes,No,No,No internet service,No internet service,No internet service,No internet service,No internet service,No internet service,One year,No,Bank transfer (automatic),28.01,378.07,No,Region2_Suburban_Cohort
REG2-02366,Male,0,No,No,29,Yes,Yes,DSL,No,No,Yes,No,No,Yes,One year,No,Bank transfer (automatic),86.85,2599.2,Yes,Region2_Suburban_Cohort
REG2-02367,Female,0,No,No,8,Yes,Yes,Fiber optic,No,Yes,Yes,Yes,No,No,Month-to-month,Yes,Electronic check,108.88,856.6,No,Region2_Suburban_Cohort
REG2-02368,Male,0,No,No,15,Yes,No,DSL,Yes,Yes,Yes,No,No,No,One year,Yes,Mailed check,80.07,1217.71,Yes,Region2_Suburban_Cohort
REG2-02369,Female,0,No,No,1,Yes,Yes,Fiber optic,No,No,Yes,Yes,No,No,Month-to-month,No,Mailed check,105.1,107.73,Yes,Region2_Suburban_Cohort
REG2-02370,Female,0,No,No,24,Yes,No,Fiber optic,No,Yes,Yes,No,No,No,One year,Yes,Bank transfer (automatic),92.23,2230.38,Yes,Region2_Suburban_Cohort
REG2-02371,Female,0,Yes,No,39,Yes,No,DSL,Yes,No,No,No,Yes,No,One year,Yes,Bank transfer (automatic),74.86,2949.32,No,Region2_Suburban_Cohort
REG2-02372,Female,0,Yes,Yes,14,Yes,No,No,No internet service,No internet service,No internet service,No internet service,No internet service,No internet service,Month-to-month,No,Mailed check,32.95,473.14,No,Region2_Suburban_Cohort
REG2-02373,Male,1,No,No,15,Yes,No,Fiber optic,No,No,No,Yes,Yes,No,One year,No,Bank transfer (automatic),96.07,1479.5,Yes,Region2_Suburban_Cohort
REG2-02374,Female,0,Yes,No,2,Yes,No,DSL,No,No,Yes,Yes,Yes,Yes,One year,Yes,Electronic check,94.64,184.36,Yes,Region2_Suburban_Cohort
REG2-02375,Male,0,Yes,Yes,6,Yes,No,DSL,No,No,Yes,No,No,Yes,Month-to-month,No,Electronic check,74.68,443.18,Yes,Region2_Suburban_Cohort
REG2-02376,Male,1,No,No,4,Yes,Yes,Fiber optic,No,Yes,No,Yes,Yes,No,Month-to-month,No,Electronic check,112.79,463.85,Yes,Region2_Suburban_Cohort
REG2-02377,Female,0,Yes,No,18,Yes,No,DSL,Yes,Yes,Yes,No,No,Yes,Two year,Yes,Electronic check,88.59,1556.58,No,Region2_Suburban_Cohort
REG2-02378,Male,0,No,No,21,Yes,No,DSL,No,No,Yes,No,Yes,No,One year,No,Bank transfer (automatic),73.86,1615.52,Yes,Region2_Suburban_Cohort
REG2-02379,Female,0,Yes,Yes,72,Yes,Yes,Fiber optic,No,Yes,No,No,Yes,Yes,One year,Yes,Credit card (automatic),116.37,8662.59,Yes,Region2_Suburban_Cohort
REG2-02380,Female,0,Yes,No,2,No,No phone service,No,No internet service,No internet service,No internet service,No internet service,No internet service,No internet service,Month-to-month,No,Electronic check,18.0,37.42,Yes,Region2_Suburban_Cohort
REG2-02381,Female,0,Yes,No,25,Yes,No,DSL,Yes,No,Yes,No,No,No,One year,Yes,Credit card (automatic),68.71,1682.93,Yes,Region2_Suburban_Cohort
REG2-02382,Female,0,No,No,20,Yes,No,Fiber optic,No,No,No,No,Yes,Yes,Month-to-month,No,Bank transfer (automatic),101.69,1953.49,Yes,Region2_Suburban_Cohort
REG2-02383,Male,1,Yes,No,20,Yes,No,No,No internet service,No internet service,No internet service,No internet service,No internet service,No internet service,Month-to-month,No,Electronic check,27.98,537.25,Yes,Region2_Suburban_Cohort
REG2-02384,Male,0,No,No,57,Yes,Yes,Fiber optic,Yes,No,Yes,Yes,No,No,Two year,No,Electronic check,113.06,6480.45,No,Region2_Suburban_Cohort
REG2-02385,Female,0,No,No,6,Yes,No,No,No internet service,No internet service,No internet service,No internet service,No internet service,No internet service,Month-to-month,No,Bank transfer (automatic),28.4,167.09,No,Region2_Suburban_Cohort
REG2-02386,Male,0,No,No,1,No,No phone service,Fiber optic,No,No,No,No,No,No,Month-to-month,Yes,Bank transfer (automatic),65.47,63.92,Yes,Region2_Suburban_Cohort
REG2-02387,Female,1,Yes,Yes,31,Yes,Yes,DSL,No,Yes,Yes,No,Yes,Yes,One year,No,Electronic check,104.97,3163.74,No,Region2_Suburban_Cohort
REG2-02388,Female,0,Yes,No,11,Yes,No,Fiber optic,No,Yes,No,Yes,Yes,No,Month-to-month,No,Electronic check,103.49,1145.46,Yes,Region2_Suburban_Cohort
REG2-02389,Female,0,No,No,1,Yes,Yes,DSL,Yes,No,No,No,Yes,No,Month-to-month,Yes,Credit card (automatic),92.69,93.14,Yes,Region2_Suburban_Cohort
REG2-02390,Male,0,No,No,8,Yes,No,Fiber optic,Yes,No,Yes,Yes,No,No,Month-to-month,Yes,Electronic check,97.26,772.04,No,Region2_Suburban_Cohort
REG2-02391,Male,0,No,No,10,Yes,Yes,Fiber optic,No,No,Yes,Yes,No,Yes,Month-to-month,Yes,Credit card (automatic),114.27,1101.38,Yes,Region2_Suburban_Cohort
REG2-02392,Male,0,Yes,Yes,26,Yes,Yes,Fiber optic,No,No,Yes,No,No,No,Month-to-month,No,Electronic check,92.03,2495.38,Yes,Region2_Suburban_Cohort
REG2-02393,Male,0,No,No,5,Yes,Yes,No,No internet service,No internet service,No internet service,No internet service,No internet service,No internet service,Month-to-month,No,Mailed check,44.75,222.14,No,Region2_Suburban_Cohort
REG2-02394,Female,0,Yes,Yes,14,Yes,Yes,Fiber optic,Yes,Yes,No,No,Yes,No,Two year,No,Mailed check,118.15,1591.85,Yes,Region2_Suburban_Cohort
REG2-02395,Male,0,Yes,Yes,18,Yes,No,DSL,No,No,Yes,No,Yes,No,One year,Yes,Mailed check,72.67,1247.51,Yes,Region2_Suburban_Cohort
REG2-02396,Male,1,Yes,No,17,Yes,No,DSL,Yes,No,No,Yes,Yes,Yes,Month-to-month,Yes,Electronic check,94.61,1552.49,Yes,Region2_Suburban_Cohort
REG2-02397,Male,0,Yes,No,72,Yes,Yes,No,No internet service,No internet service,No internet service,No internet service,No internet service,No internet service,Month-to-month,Yes,Electronic check,43.05,3036.72,Yes,Region2_Suburban_Cohort
REG2-02398,Female,1,Yes,No,1,Yes,Yes,Fiber optic,Yes,Yes,No,Yes,No,Yes,Month-to-month,No,Bank transfer (automatic),123.17,124.77,Yes,Region2_Suburban_Cohort
REG2-02399,Female,0,Yes,Yes,72,Yes,Yes,No,No internet service,No internet service,No internet service,No internet service,No internet service,No internet service,One year,Yes,Electronic check,39.69,2992.26,No,Region2_Suburban_Cohort
REG2-02400,Male,0,No,No,24,Yes,No,Fiber optic,No,No,No,Yes,No,Yes,Month-to-month,No,Bank transfer (automatic),92.58,2171.28,Yes,Region2_Suburban_Cohort
REG2-02401,Male,0,Yes,Yes,44,Yes,Yes,DSL,No,No,Yes,Yes,Yes,Yes,Month-to-month,Yes,Credit card (automatic),103.92,4704.99,No,Region2_Suburban_Cohort
REG2-02402,Male,0,No,No,15,Yes,Yes,DSL,Yes,No,Yes,No,No,No,Two year,Yes,Credit card (automatic),85.56,1336.2,No,Region2_Suburban_Cohort
REG2-02403,Male,0,Yes,No,16,Yes,Yes,Fiber optic,No,No,No,No,No,No,Two year,No,Electronic check,88.66,1403.18,No,Region2_Suburban_Cohort
REG2-02404,Female,0,Yes,No,59,Yes,Yes,Fiber optic,No,Yes,No,No,No,No,Two year,Yes,Bank transfer (automatic),99.17,5706.67,No,Region2_Suburban_Cohort
REG2-02405,Female,0,Yes,No,63,Yes,Yes,DSL,No,No,Yes,No,Yes,No,Month-to-month,Yes,Bank transfer (automatic),84.48,5317.49,No,Region2_Suburban_Cohort
REG2-02406,Male,0,Yes,No,7,Yes,Yes,Fiber optic,Yes,Yes,Yes,No,No,Yes,Month-to-month,No,Electronic check,123.75,900.62,Yes,Region2_Suburban_Cohort
REG2-02407,Male,0,No,No,6,Yes,No,No,No internet service,No internet service,No internet service,No internet service,No internet service,No internet service,Month-to-month,Yes,Mailed check,30.34,173.14,No,Region2_Suburban_Cohort
REG2-02408,Female,0,Yes,No,19,Yes,No,Fiber optic,No,No,No,No,Yes,Yes,Month-to-month,No,Electronic check,99.93,1896.13,Yes,Region2_Suburban_Cohort
REG2-02409,Male,0,Yes,No,64,Yes,Yes,No,No internet service,No internet service,No internet service,No internet service,No internet service,No internet service,One year,Yes,Mailed check,43.52,2857.03,No,Region2_Suburban_Cohort
REG2-02410,Female,0,Yes,No,10,Yes,No,Fiber optic,Yes,No,Yes,No,Yes,Yes,Month-to-month,No,Credit card (automatic),122.99,1242.34,Yes,Region2_Suburban_Cohort
REG2-02411,Male,1,No,No,29,Yes,Yes,No,No internet service,No internet service,No internet service,No internet service,No internet service,No internet service,Month-to-month,No,Credit card (automatic),49.9,1446.71,No,Region2_Suburban_Cohort
REG2-02412,Male,0,No,No,34,Yes,No,DSL,No,No,Yes,No,No,No,Month-to-month,Yes,Bank transfer (automatic),63.9,2184.25,Yes,Region2_Suburban_Cohort
REG2-02413,Male,0,Yes,Yes,42,Yes,Yes,DSL,Yes,Yes,No,No,No,No,Month-to-month,No,Mailed check,87.04,3699.27,No,Region2_Suburban_Cohort
REG2-02414,Male,0,Yes,No,23,Yes,No,Fiber optic,No,Yes,Yes,Yes,No,No,Two year,Yes,Credit card (automatic),96.85,2268.11,No,Region2_Suburban_Cohort
REG2-02415,Female,0,Yes,No,14,Yes,No,DSL,No,No,No,Yes,Yes,Yes,Month-to-month,Yes,Bank transfer (automatic),86.75,1197.03,Yes,Region2_Suburban_Cohort
REG2-02416,Male,1,No,No,72,Yes,Yes,Fiber optic,No,No,Yes,No,No,Yes,One year,No,Mailed check,105.01,7573.86,Yes,Region2_Suburban_Cohort
REG2-02417,Male,0,Yes,No,26,Yes,No,Fiber optic,No,Yes,No,No,Yes,No,One year,No,Credit card (automatic),95.63,2430.08,No,Region2_Suburban_Cohort
REG2-02418,Male,0,No,No,36,Yes,No,DSL,No,Yes,No,No,Yes,Yes,Month-to-month,Yes,Electronic check,88.31,3333.03,Yes,Region2_Suburban_Cohort
REG2-02419,Male,0,Yes,No,11,Yes,No,DSL,No,Yes,Yes,No,No,No,Month-to-month,No,Electronic check,76.75,817.85,Yes,Region2_Suburban_Cohort
REG2-02420,Male,0,No,No,31,Yes,Yes,Fiber optic,Yes,No,Yes,No,Yes,Yes,Month-to-month,No,Credit card (automatic),124.67,3729.76,Yes,Region2_Suburban_Cohort
REG2-02421,Male,1,No,No,8,Yes,Yes,DSL,No,Yes,Yes,No,No,Yes,Month-to-month,Yes,Credit card (automatic),98.32,768.38,Yes,Region2_Suburban_Cohort
REG2-02422,Female,0,No,No,7,Yes,No,DSL,No,No,No,No,No,No,Month-to-month,No,Electronic check,53.97,393.66,Yes,Region2_Suburban_Cohort
REG2-02423,Male,0,Yes,No,35,Yes,Yes,Fiber optic,Yes,No,No,Yes,Yes,Yes,One year,Yes,Bank transfer (automatic),125.6,4465.83,Yes,Region2_Suburban_Cohort
REG2-02424,Male,0,No,No,20,Yes,No,DSL,Yes,Yes,Yes,Yes,No,No,Month-to-month,Yes,Mailed check,86.41,1720.58,Yes,Region2_Suburban_Cohort
REG2-02425,Female,0,No,No,32,Yes,Yes,DSL,Yes,No,No,No,No,Yes,One year,No,Bank transfer (automatic),91.95,3067.57,No,Region2_Suburban_Cohort
REG2-02426,Male,0,Yes,Yes,8,No,No phone service,Fiber optic,No,No,Yes,Yes,No,Yes,Two year,No,Electronic check,88.1,733.0,No,Region2_Suburban_Cohort
REG2-02427,Female,0,No,No,25,Yes,No,DSL,No,No,No,Yes,No,Yes,One year,Yes,Credit card (automatic),76.13,1884.52,Yes,Region2_Suburban_Cohort
REG2-02428,Male,0,Yes,No,16,Yes,No,DSL,Yes,No,No,No,No,Yes,Two year,No,Credit card (automatic),77.82,1253.04,No,Region2_Suburban_Cohort
REG2-02429,Female,1,No,No,25,No,No phone service,DSL,No,No,No,No,No,No,Two year,No,Mailed check,42.58,1107.65,No,Region2_Suburban_Cohort
REG2-02430,Female,0,No,No,9,Yes,Yes,Fiber optic,No,No,No,No,Yes,Yes,Month-to-month,Yes,Credit card (automatic),112.33,992.71,Yes,Region2_Suburban_Cohort
REG2-02431,Female,0,Yes,No,35,Yes,No,DSL,No,Yes,No,No,Yes,No,Month-to-month,No,Credit card (automatic),73.19,2537.96,No,Region2_Suburban_Cohort
REG2-02432,Female,0,No,No,45,Yes,Yes,Fiber optic,Yes,No,Yes,No,No,No,Two year,Yes,Mailed check,107.91,4998.24,No,Region2_Suburban_Cohort
REG2-02433,Male,1,Yes,Yes,8,Yes,Yes,Fiber optic,Yes,No,Yes,Yes,No,Yes,Month-to-month,Yes,Credit card (automatic),119.78,977.27,No,Region2_Suburban_Cohort
REG2-02434,Female,0,Yes,No,10,Yes,Yes,Fiber optic,No,No,No,No,Yes,Yes,Month-to-month,No,Credit card (automatic),112.45,1073.75,Yes,Region2_Suburban_Cohort
REG2-02435,Male,0,Yes,No,30,Yes,Yes,No,No internet service,No internet service,No internet service,No internet service,No internet service,No internet service,One year,No,Electronic check,40.92,1180.63,No,Region2_Suburban_Cohort
REG2-02436,Male,0,No,No,33,Yes,Yes,DSL,No,No,No,No,No,No,One year,Yes,Electronic check,66.65,2275.61,Yes,Region2_Suburban_Cohort
REG2-02437,Male,0,Yes,Yes,34,Yes,No,Fiber optic,No,No,No,Yes,No,Yes,One year,No,Electronic check,94.28,3054.78,Yes,Region2_Suburban_Cohort
REG2-02438,Female,0,Yes,Yes,32,Yes,Yes,Fiber optic,No,No,No,No,Yes,Yes,Month-to-month,Yes,Mailed check,113.78,3793.85,Yes,Region2_Suburban_Cohort
REG2-02439,Male,0,No,No,13,Yes,Yes,Fiber optic,Yes,No,No,Yes,No,Yes,Month-to-month,Yes,Electronic check,115.49,1467.1,Yes,Region2_Suburban_Cohort
REG2-02440,Female,0,Yes,Yes,14,Yes,Yes,Fiber optic,No,Yes,No,No,Yes,No,Two year,No,Electronic check,103.49,1463.11,Yes,Region2_Suburban_Cohort
REG2-02441,Female,0,Yes,No,8,Yes,Yes,DSL,No,No,No,No,No,No,One year,No,Credit card (automatic),67.95,547.11,Yes,Region2_Suburban_Cohort
REG2-02442,Female,0,Yes,Yes,4,No,No phone service,DSL,No,Yes,Yes,No,No,Yes,Month-to-month,No,Bank transfer (automatic),73.7,291.74,Yes,Region2_Suburban_Cohort
REG2-02443,Female,1,Yes,No,33,Yes,No,No,No internet service,No internet service,No internet service,No internet service,No internet service,No internet service,Month-to-month,Yes,Credit card (automatic),32.63,1026.34,Yes,Region2_Suburban_Cohort
REG2-02444,Male,1,Yes,Yes,2,Yes,Yes,No,No internet service,No internet service,No internet service,No internet service,No internet service,No internet service,Month-to-month,Yes,Credit card (automatic),42.87,83.1,Yes,Region2_Suburban_Cohort
REG2-02445,Male,0,Yes,Yes,72,Yes,No,DSL,Yes,Yes,No,Yes,No,No,Month-to-month,No,Mailed check,75.23,5478.84,No,Region2_Suburban_Cohort
REG2-02446,Male,0,No,No,49,Yes,Yes,Fiber optic,No,Yes,No,No,Yes,Yes,Month-to-month,Yes,Bank transfer (automatic),121.97,5944.48,No,Region2_Suburban_Cohort
REG2-02447,Male,0,No,No,54,Yes,No,Fiber optic,No,No,Yes,Yes,No,No,One year,Yes,Electronic check,93.89,5026.37,No,Region2_Suburban_Cohort
REG2-02448,Male,0,Yes,No,66,Yes,Yes,DSL,No,Yes,Yes,No,No,No,Month-to-month,No,Mailed check,84.34,5342.5,No,Region2_Suburban_Cohort
REG2-02449,Male,1,Yes,Yes,14,Yes,Yes,DSL,No,Yes,No,Yes,No,No,Month-to-month,No,Electronic check,83.76,1154.71,Yes,Region2_Suburban_Cohort
REG2-02450,Male,0,Yes,Yes,52,Yes,No,DSL,No,No,Yes,Yes,No,No,Two year,Yes,Electronic check,71.97,3752.33,No,Region2_Suburban_Cohort
REG2-02451,Female,0,No,No,4,No,No phone service,No,No internet service,No internet service,No internet service,No internet service,No internet service,No internet service,One year,Yes,Electronic check,22.92,87.81,No,Region2_Suburban_Cohort
REG2-02452,Female,0,Yes,No,1,Yes,Yes,No,No internet service,No internet service,No internet service,No internet service,No internet service,No internet service,Month-to-month,Yes,Bank transfer (automatic),45.44,43.47,Yes,Region2_Suburban_Cohort
REG2-02453,Male,0,Yes,Yes,43,Yes,No,Fiber optic,No,No,No,Yes,Yes,Yes,One year,Yes,Credit card (automatic),108.37,4655.97,No,Region2_Suburban_Cohort
REG2-02454,Female,0,No,No,2,Yes,No,Fiber optic,No,No,Yes,No,Yes,Yes,Two year,Yes,Electronic check,108.62,218.57,No,Region2_Suburban_Cohort
REG2-02455,Male,0,Yes,No,72,No,No phone service,DSL,No,No,No,No,Yes,No,Two year,No,Mailed check,57.53,4041.77,No,Region2_Suburban_Cohort
REG2-02456,Male,0,Yes,No,31,Yes,Yes,DSL,No,No,Yes,Yes,Yes,Yes,Month-to-month,No,Bank transfer (automatic),113.05,3443.49,Yes,Region2_Suburban_Cohort
REG2-02457,Female,0,No,No,39,Yes,No,Fiber optic,No,Yes,No,No,No,Yes,One year,Yes,Mailed check,89.94,3611.79,No,Region2_Suburban_Cohort
REG2-02458,Male,0,No,No,7,Yes,No,DSL,No,Yes,Yes,Yes,No,Yes,Month-to-month,No,Credit card (automatic),89.38,648.76,No,Region2_Suburban_Cohort
REG2-02459,Male,0,Yes,No,31,Yes,No,DSL,No,Yes,No,No,No,Yes,Month-to-month,No,Electronic check,73.05,2224.97,Yes,Region2_Suburban_Cohort
REG2-02460,Female,0,No,No,1,Yes,No,DSL,No,No,Yes,No,No,No,Month-to-month,No,Electronic check,68.29,67.3,Yes,Region2_Suburban_Cohort
REG2-02461,Female,1,Yes,Yes,50,Yes,Yes,Fiber optic,No,Yes,Yes,No,Yes,No,One year,No,Mailed check,114.49,5913.6,No,Region2_Suburban_Cohort
REG2-02462,Female,0,No,No,5,Yes,No,No,No internet service,No internet service,No internet service,No internet service,No internet service,No internet service,Month-to-month,No,Mailed check,25.04,131.13,No,Region2_Suburban_Cohort
REG2-02463,Female,0,Yes,Yes,33,Yes,No,DSL,No,No,No,No,Yes,Yes,Month-to-month,Yes,Electronic check,77.01,2495.74,Yes,Region2_Suburban_Cohort
REG2-02464,Female,0,No,No,7,Yes,Yes,Fiber optic,No,No,No,No,No,No,Month-to-month,No,Electronic check,88.44,636.95,Yes,Region2_Suburban_Cohort
REG2-02465,Male,1,No,No,1,Yes,No,DSL,Yes,No,No,No,Yes,No,Month-to-month,Yes,Credit card (automatic),75.13,74.98,Yes,Region2_Suburban_Cohort
REG2-02466,Male,1,No,No,18,Yes,Yes,DSL,No,Yes,No,No,No,Yes,One year,No,Electronic check,86.79,1525.31,Yes,Region2_Suburban_Cohort
REG2-02467,Male,0,No,No,5,Yes,No,No,No internet service,No internet service,No internet service,No internet service,No internet service,No internet service,Month-to-month,No,Mailed check,30.56,155.58,Yes,Region2_Suburban_Cohort
REG2-02468,Male,1,Yes,No,36,Yes,Yes,Fiber optic,Yes,No,Yes,No,Yes,Yes,Two year,Yes,Credit card (automatic),129.9,4658.89,No,Region2_Suburban_Cohort
REG2-02469,Female,1,Yes,Yes,7,Yes,Yes,No,No internet service,No internet service,No internet service,No internet service,No internet service,No internet service,Month-to-month,Yes,Bank transfer (automatic),44.36,303.32,No,Region2_Suburban_Cohort
REG2-02470,Male,0,Yes,No,11,Yes,No,Fiber optic,Yes,Yes,No,No,No,Yes,Month-to-month,Yes,Mailed check,101.01,1067.47,Yes,Region2_Suburban_Cohort
REG2-02471,Female,0,No,No,23,Yes,Yes,DSL,No,No,No,No,Yes,Yes,Month-to-month,Yes,Mailed check,91.79,2188.64,Yes,Region2_Suburban_Cohort
REG2-02472,Female,0,No,No,9,Yes,Yes,DSL,No,No,No,No,No,No,Month-to-month,No,Mailed check,70.93,662.54,Yes,Region2_Suburban_Cohort
REG2-02473,Female,1,Yes,Yes,13,Yes,Yes,Fiber optic,No,No,Yes,Yes,No,No,Month-to-month,Yes,Bank transfer (automatic),103.59,1289.43,Yes,Region2_Suburban_Cohort
REG2-02474,Female,0,No,No,47,Yes,No,DSL,Yes,Yes,No,No,No,No,One year,Yes,Credit card (automatic),69.57,3323.22,No,Region2_Suburban_Cohort
REG2-02475,Female,1,No,No,5,Yes,No,No,No internet service,No internet service,No internet service,No internet service,No internet service,No internet service,Month-to-month,No,Bank transfer (automatic),27.18,131.31,Yes,Region2_Suburban_Cohort
REG2-02476,Male,0,No,No,2,Yes,Yes,DSL,No,No,Yes,No,Yes,No,Month-to-month,Yes,Credit card (automatic),87.64,177.84,Yes,Region2_Suburban_Cohort
REG2-02477,Female,0,No,No,11,Yes,Yes,DSL,No,Yes,Yes,Yes,No,Yes,Month-to-month,No,Electronic check,102.51,1173.57,Yes,Region2_Suburban_Cohort
REG2-02478,Male,0,Yes,Yes,15,Yes,Yes,Fiber optic,No,No,No,No,Yes,No,Month-to-month,Yes,Electronic check,98.47,1441.63,No,Region2_Suburban_Cohort
REG2-02479,Female,0,Yes,No,21,Yes,No,Fiber optic,Yes,Yes,No,No,Yes,No,Month-to-month,Yes,Bank transfer (automatic),103.58,2142.1,Yes,Region2_Suburban_Cohort
REG2-02480,Male,0,Yes,Yes,13,Yes,Yes,Fiber optic,Yes,No,No,No,No,No,One year,No,Electronic check,93.31,1248.83,Yes,Region2_Suburban_Cohort
REG2-02481,Female,0,Yes,No,43,Yes,Yes,No,No internet service,No internet service,No internet service,No internet service,No internet service,No internet service,Two year,No,Credit card (automatic),45.23,1990.67,No,Region2_Suburban_Cohort
REG2-02482,Female,1,No,No,1,Yes,Yes,DSL,No,No,No,Yes,Yes,Yes,Month-to-month,Yes,Mailed check,98.82,97.92,Yes,Region2_Suburban_Cohort
REG2-02483,Male,0,No,No,15,Yes,No,No,No internet service,No internet service,No internet service,No internet service,No internet service,No internet service,Month-to-month,Yes,Mailed check,34.97,542.83,No,Region2_Suburban_Cohort
REG2-02484,Male,0,No,No,13,Yes,No,Fiber optic,No,Yes,Yes,Yes,No,No,One year,No,Bank transfer (automatic),101.58,1376.08,Yes,Region2_Suburban_Cohort
REG2-02485,Female,0,No,No,29,Yes,No,DSL,No,Yes,No,No,No,No,Two year,Yes,Bank transfer (automatic),62.81,1812.86,Yes,Region2_Suburban_Cohort
REG2-02486,Male,0,Yes,No,72,Yes,Yes,Fiber optic,No,No,No,No,Yes,Yes,One year,Yes,Bank transfer (automatic),107.8,7404.14,No,Region2_Suburban_Cohort
REG2-02487,Female,1,Yes,Yes,19,Yes,No,DSL,No,No,No,No,Yes,Yes,One year,No,Bank transfer (automatic),80.66,1533.99,Yes,Region2_Suburban_Cohort
REG2-02488,Female,0,Yes,No,72,Yes,No,Fiber optic,Yes,No,No,No,No,No,Two year,No,Mailed check,84.18,6206.23,No,Region2_Suburban_Cohort
REG2-02489,Male,1,Yes,Yes,10,No,No phone service,Fiber optic,No,No,No,Yes,No,No,Month-to-month,No,Credit card (automatic),71.25,692.55,Yes,Region2_Suburban_Cohort
REG2-02490,Male,0,Yes,No,1,Yes,Yes,DSL,No,No,No,No,Yes,No,Month-to-month,Yes,Credit card (automatic),76.13,73.08,Yes,Region2_Suburban_Cohort
REG2-02491,Male,0,Yes,No,5,Yes,Yes,Fiber optic,Yes,No,No,No,No,Yes,Month-to-month,Yes,Electronic check,106.97,523.36,Yes,Region2_Suburban_Cohort
REG2-02492,Female,0,Yes,Yes,14,Yes,Yes,DSL,Yes,No,No,Yes,Yes,No,Month-to-month,No,Credit card (automatic),95.59,1272.9,Yes,Region2_Suburban_Cohort
REG2-02493,Male,0,Yes,Yes,10,Yes,No,DSL,Yes,Yes,No,No,No,No,Month-to-month,Yes,Credit card (automatic),71.4,729.38,Yes,Region2_Suburban_Cohort
REG2-02494,Female,0,No,No,2,Yes,No,DSL,No,No,Yes,Yes,Yes,Yes,Month-to-month,Yes,Bank transfer (automatic),95.01,183.29,Yes,Region2_Suburban_Cohort
REG2-02495,Male,0,Yes,No,15,Yes,No,No,No internet service,No internet service,No internet service,No internet service,No internet service,No internet service,Month-to-month,No,Mailed check,32.99,505.92,Yes,Region2_Suburban_Cohort
REG2-02496,Female,0,Yes,No,11,Yes,Yes,Fiber optic,No,No,No,No,No,No,Month-to-month,No,Bank transfer (automatic),85.41,914.57,Yes,Region2_Suburban_Cohort
REG2-02497,Female,0,Yes,No,3,Yes,Yes,DSL,Yes,No,No,Yes,Yes,Yes,Month-to-month,Yes,Electronic check,111.74,351.71,Yes,Region2_Suburban_Cohort
REG2-02498,Female,0,No,No,9,Yes,No,DSL,No,Yes,No,No,Yes,No,One year,Yes,Electronic check,70.83,639.5,No,Region2_Suburban_Cohort
REG2-02499,Male,0,Yes,Yes,60,Yes,Yes,DSL,No,Yes,No,No,No,No,One year,Yes,Credit card (automatic),73.18,4189.41,No,Region2_Suburban_Cohort
REG2-02500,Female,0,Yes,No,10,Yes,No,Fiber optic,Yes,No,Yes,Yes,Yes,Yes,Month-to-month,No,Bank transfer (automatic),120.02,1232.93,No,Region2_Suburban_Cohort
REG2-02501,Female,0,No,No,35,Yes,No,No,No internet service,No internet service,No internet service,No internet service,No internet service,No internet service,One year,No,Electronic check,30.55,1059.64,No,Region2_Suburban_Cohort
REG2-02502,Female,1,No,No,26,Yes,Yes,Fiber optic,No,No,No,Yes,No,Yes,One year,Yes,Mailed check,108.0,2838.14,No,Region2_Suburban_Cohort
REG2-02503,Female,0,No,No,15,Yes,Yes,Fiber optic,No,No,Yes,No,No,No,One year,Yes,Electronic check,99.38,1557.96,No,Region2_Suburban_Cohort
REG2-02504,Male,0,Yes,Yes,7,Yes,No,Fiber optic,No,No,No,No,Yes,No,Month-to-month,No,Credit card (automatic),87.53,613.77,Yes,Region2_Suburban_Cohort
REG2-02505,Male,1,Yes,No,12,Yes,Yes,Fiber optic,No,No,No,No,No,No,Two year,No,Mailed check,89.12,1101.99,Yes,Region2_Suburban_Cohort
REG2-02506,Female,0,Yes,No,25,No,No phone service,Fiber optic,Yes,No,No,No,Yes,No,Month-to-month,No,Bank transfer (automatic),82.28,2016.43,Yes,Region2_Suburban_Cohort
REG2-02507,Male,0,No,No,12,Yes,No,Fiber optic,No,Yes,Yes,Yes,Yes,No,Month-to-month,Yes,Electronic check,107.55,1318.29,Yes,Region2_Suburban_Cohort
REG2-02508,Female,0,Yes,Yes,6,Yes,Yes,Fiber optic,No,Yes,No,No,Yes,Yes,Month-to-month,No,Credit card (automatic),122.27,704.23,Yes,Region2_Suburban_Cohort
REG2-02509,Female,0,Yes,Yes,3,Yes,No,Fiber optic,No,Yes,Yes,No,No,No,Month-to-month,Yes,Credit card (automatic),93.35,291.07,Yes,Region2_Suburban_Cohort
REG2-02510,Male,0,No,No,59,Yes,No,Fiber optic,No,No,No,No,No,No,Two year,Yes,Credit card (automatic),75.6,4326.48,No,Region2_Suburban_Cohort
REG2-02511,Female,0,No,No,16,Yes,No,DSL,Yes,No,No,No,No,Yes,Two year,Yes,Mailed check,72.81,1141.89,No,Region2_Suburban_Cohort
REG2-02512,Male,1,Yes,No,27,Yes,No,Fiber optic,Yes,No,No,No,Yes,Yes,Two year,No,Credit card (automatic),113.08,3193.06,Yes,Region2_Suburban_Cohort
REG2-02513,Female,0,No,No,18,Yes,No,Fiber optic,Yes,No,Yes,No,No,No,Month-to-month,Yes,Electronic check,93.07,1617.5,Yes,Region2_Suburban_Cohort
REG2-02514,Female,0,No,No,57,Yes,Yes,Fiber optic,No,No,No,No,No,No,Two year,Yes,Electronic check,85.27,4741.02,No,Region2_Suburban_Cohort
REG2-02515,Female,0,Yes,No,22,Yes,Yes,Fiber optic,No,No,Yes,No,No,No,Month-to-month,Yes,Mailed check,95.13,2109.64,Yes,Region2_Suburban_Cohort
REG2-02516,Male,0,Yes,No,18,Yes,Yes,Fiber optic,No,No,No,Yes,No,No,Two year,Yes,Electronic check,91.35,1723.34,No,Region2_Suburban_Cohort
REG2-02517,Male,0,No,No,72,No,No phone service,Fiber optic,No,No,No,Yes,Yes,No,One year,Yes,Electronic check,85.3,6259.16,No,Region2_Suburban_Cohort
REG2-02518,Female,0,No,No,35,Yes,Yes,DSL,Yes,Yes,No,Yes,Yes,No,Month-to-month,Yes,Bank transfer (automatic),101.84,3426.88,Yes,Region2_Suburban_Cohort
REG2-02519,Female,0,Yes,No,3,Yes,Yes,DSL,No,No,No,No,No,No,One year,No,Mailed check,72.97,224.34,No,Region2_Suburban_Cohort
REG2-02520,Female,0,Yes,No,5,Yes,Yes,No,No internet service,No internet service,No internet service,No internet service,No internet service,No internet service,Month-to-month,Yes,Credit card (automatic),43.9,217.88,Yes,Region2_Suburban_Cohort
REG2-02521,Male,1,No,No,43,Yes,No,DSL,No,Yes,No,No,No,Yes,Two year,Yes,Electronic check,68.68,3098.64,No,Region2_Suburban_Cohort
REG2-02522,Male,1,No,No,50,Yes,No,DSL,No,No,Yes,No,No,Yes,Month-to-month,Yes,Credit card (automatic),79.6,4031.23,Yes,Region2_Suburban_Cohort
REG2-02523,Male,0,No,No,22,Yes,Yes,Fiber optic,No,No,No,No,No,No,Two year,No,Mailed check,88.01,1942.41,No,Region2_Suburban_Cohort
REG2-02524,Female,0,Yes,No,22,Yes,No,DSL,No,Yes,No,No,Yes,Yes,One year,Yes,Mailed check,90.85,2010.15,Yes,Region2_Suburban_Cohort
REG2-02525,Male,0,Yes,Yes,27,Yes,Yes,Fiber optic,No,No,Yes,Yes,Yes,Yes,One year,Yes,Electronic check,127.69,3496.44,No,Region2_Suburban_Cohort
REG2-02526,Male,1,No,No,16,Yes,Yes,DSL,Yes,Yes,Yes,No,Yes,Yes,One year,No,Bank transfer (automatic),115.38,1888.88,No,Region2_Suburban_Cohort
REG2-02527,Female,0,Yes,Yes,31,Yes,No,Fiber optic,Yes,Yes,Yes,No,No,Yes,One year,No,Credit card (automatic),108.91,3233.84,No,Region2_Suburban_Cohort
REG2-02528,Male,0,No,No,3,Yes,Yes,DSL,No,No,Yes,Yes,No,No,Month-to-month,No,Bank transfer (automatic),84.63,244.51,Yes,Region2_Suburban_Cohort
REG2-02529,Female,0,No,No,72,Yes,No,No,No internet service,No internet service,No internet service,No internet service,No internet service,No internet service,Month-to-month,Yes,Electronic check,32.72,2308.84,No,Region2_Suburban_Cohort
REG2-02530,Female,0,Yes,Yes,38,Yes,Yes,No,No internet service,No internet service,No internet service,No internet service,No internet service,No internet service,One year,Yes,Mailed check,37.62,1426.41,No,Region2_Suburban_Cohort
REG2-02531,Female,0,No,No,27,Yes,Yes,Fiber optic,Yes,Yes,No,No,Yes,No,One year,No,Mailed check,112.95,2992.03,No,Region2_Suburban_Cohort
REG2-02532,Male,0,Yes,Yes,10,Yes,Yes,Fiber optic,Yes,Yes,No,No,Yes,No,Month-to-month,No,Electronic check,111.92,1087.17,Yes,Region2_Suburban_Cohort
REG2-02533,Male,0,No,No,4,Yes,No,DSL,No,Yes,No,No,No,No,Month-to-month,No,Credit card (automatic),67.46,281.31,Yes,Region2_Suburban_Cohort
REG2-02534,Female,0,Yes,Yes,14,Yes,No,DSL,Yes,No,No,Yes,No,Yes,One year,Yes,Mailed check,85.8,1145.06,No,Region2_Suburban_Cohort
REG2-02535,Female,0,Yes,No,30,Yes,No,Fiber optic,Yes,No,Yes,No,No,Yes,Month-to-month,No,Mailed check,102.1,3197.37,No,Region2_Suburban_Cohort
REG2-02536,Female,0,No,No,28,Yes,No,DSL,No,No,No,No,Yes,Yes,Month-to-month,No,Electronic check,81.69,2380.47,Yes,Region2_Suburban_Cohort
REG2-02537,Male,1,No,No,13,Yes,Yes,DSL,Yes,No,Yes,No,No,Yes,Two year,Yes,Electronic check,91.58,1212.42,Yes,Region2_Suburban_Cohort
REG2-02538,Female,0,Yes,No,26,Yes,No,No,No internet service,No internet service,No internet service,No internet service,No internet service,No internet service,Month-to-month,No,Credit card (automatic),30.76,762.37,Yes,Region2_Suburban_Cohort
REG2-02539,Female,1,No,No,47,Yes,Yes,DSL,Yes,Yes,No,No,Yes,Yes,One year,No,Electronic check,109.34,4997.84,No,Region2_Suburban_Cohort
REG2-02540,Female,0,Yes,Yes,1,Yes,Yes,DSL,No,Yes,No,No,Yes,No,Month-to-month,Yes,Mailed check,85.65,89.75,Yes,Region2_Suburban_Cohort
REG2-02541,Female,0,Yes,No,16,Yes,No,DSL,No,Yes,Yes,No,No,Yes,One year,Yes,Bank transfer (automatic),82.98,1381.58,Yes,Region2_Suburban_Cohort
REG2-02542,Female,0,Yes,No,39,Yes,Yes,DSL,Yes,Yes,Yes,No,Yes,Yes,One year,Yes,Electronic check,116.26,4744.78,Yes,Region2_Suburban_Cohort
REG2-02543,Female,0,Yes,No,22,Yes,Yes,DSL,Yes,No,No,No,Yes,Yes,Two year,No,Mailed check,101.88,2352.56,No,Region2_Suburban_Cohort
REG2-02544,Male,0,Yes,Yes,29,Yes,No,DSL,Yes,No,Yes,No,No,Yes,One year,No,Bank transfer (automatic),79.19,2196.36,Yes,Region2_Suburban_Cohort
REG2-02545,Male,0,Yes,No,20,Yes,No,No,No internet service,No internet service,No internet service,No internet service,No internet service,No internet service,Month-to-month,No,Credit card (automatic),29.57,595.59,No,Region2_Suburban_Cohort
REG2-02546,Male,0,Yes,Yes,72,Yes,No,DSL,No,No,No,No,Yes,Yes,One year,No,Bank transfer (automatic),76.7,5706.92,No,Region2_Suburban_Cohort
REG2-02547,Male,0,Yes,No,1,Yes,Yes,Fiber optic,Yes,Yes,Yes,No,Yes,Yes,Month-to-month,Yes,Credit card (automatic),136.37,133.91,Yes,Region2_Suburban_Cohort
REG2-02548,Male,0,Yes,No,18,Yes,Yes,DSL,No,Yes,Yes,Yes,No,No,Month-to-month,No,Bank transfer (automatic),90.23,1613.67,Yes,Region2_Suburban_Cohort
REG2-02549,Male,1,No,No,2,Yes,No,DSL,No,Yes,No,No,No,No,One year,Yes,Electronic check,65.04,127.27,Yes,Region2_Suburban_Cohort
REG2-02550,Male,0,Yes,No,4,Yes,No,Fiber optic,No,No,Yes,No,No,Yes,Month-to-month,No,Electronic check,91.64,349.63,Yes,Region2_Suburban_Cohort
REG2-02551,Male,1,No,No,13,Yes,No,DSL,No,No,No,No,Yes,Yes,One year,Yes,Credit card (automatic),77.82,968.43,No,Region2_Suburban_Cohort
REG2-02552,Female,0,No,No,4,Yes,No,DSL,Yes,No,No,No,No,Yes,Month-to-month,Yes,Mailed check,80.01,304.72,Yes,Region2_Suburban_Cohort
REG2-02553,Female,0,No,No,72,Yes,No,DSL,No,No,No,No,No,No,Two year,Yes,Mailed check,54.49,3933.97,No,Region2_Suburban_Cohort
REG2-02554,Male,1,No,No,72,Yes,Yes,DSL,No,No,No,No,Yes,No,Month-to-month,Yes,Credit card (automatic),81.7,5952.06,No,Region2_Suburban_Cohort
REG2-02555,Female,0,No,No,11,No,No phone service,Fiber optic,Yes,Yes,Yes,No,Yes,No,Month-to-month,No,Electronic check,98.36,1061.15,Yes,Region2_Suburban_Cohort
REG2-02556,Female,0,Yes,Yes,28,Yes,No,No,No internet service,No internet service,No internet service,No internet service,No internet service,No internet service,Month-to-month,Yes,Mailed check,26.28,759.84,No,Region2_Suburban_Cohort
REG2-02557,Male,0,Yes,Yes,21,Yes,No,Fiber optic,No,Yes,No,Yes,Yes,No,One year,Yes,Bank transfer (automatic),106.51,2323.5,No,Region2_Suburban_Cohort
REG2-02558,Male,1,No,No,47,Yes,No,Fiber optic,No,Yes,Yes,Yes,No,Yes,One year,No,Bank transfer (automatic),113.01,5120.12,No,Region2_Suburban_Cohort
REG2-02559,Male,1,No,No,27,Yes,Yes,Fiber optic,No,No,No,No,No,No,Month-to-month,Yes,Mailed check,85.96,2216.93,Yes,Region2_Suburban_Cohort
REG2-02560,Female,0,No,No,1,Yes,No,DSL,No,Yes,No,Yes,No,Yes,Month-to-month,No,Mailed check,87.09,85.52,Yes,Region2_Suburban_Cohort
REG2-02561,Female,0,Yes,Yes,40,Yes,No,Fiber optic,Yes,Yes,No,Yes,Yes,Yes,One year,No,Electronic check,121.45,4961.47,Yes,Region2_Suburban_Cohort
REG2-02562,Male,0,No,No,38,Yes,No,Fiber optic,Yes,No,No,Yes,No,No,Month-to-month,Yes,Mailed check,88.86,3379.19,Yes,Region2_Suburban_Cohort
REG2-02563,Male,0,No,No,19,Yes,No,DSL,No,No,Yes,No,No,No,One year,Yes,Bank transfer (automatic),63.04,1196.33,No,Region2_Suburban_Cohort
REG2-02564,Male,0,Yes,Yes,65,Yes,Yes,Fiber optic,No,Yes,Yes,No,Yes,No,One year,No,Credit card (automatic),114.32,7172.51,Yes,Region2_Suburban_Cohort
REG2-02565,Male,0,Yes,No,66,Yes,Yes,DSL,No,Yes,Yes,Yes,Yes,Yes,Two year,No,Electronic check,112.1,7288.7,No,Region2_Suburban_Cohort
REG2-02566,Male,0,No,No,20,Yes,Yes,DSL,Yes,Yes,Yes,Yes,No,No,Month-to-month,Yes,Credit card (automatic),98.71,2064.79,No,Region2_Suburban_Cohort
REG2-02567,Male,0,No,No,26,Yes,Yes,DSL,Yes,Yes,No,Yes,No,Yes,One year,Yes,Bank transfer (automatic),103.63,2651.42,Yes,Region2_Suburban_Cohort
REG2-02568,Female,0,Yes,No,72,Yes,No,Fiber optic,Yes,No,No,No,Yes,No,Two year,No,Bank transfer (automatic),97.07,7052.94,No,Region2_Suburban_Cohort
REG2-02569,Female,0,No,No,9,Yes,Yes,DSL,No,No,No,No,No,Yes,Month-to-month,Yes,Mailed check,85.65,736.81,No,Region2_Suburban_Cohort
REG2-02570,Male,1,Yes,Yes,10,Yes,No,Fiber optic,No,No,No,No,Yes,Yes,Month-to-month,Yes,Mailed check,102.06,976.09,Yes,Region2_Suburban_Cohort
REG2-02571,Female,0,Yes,No,5,Yes,Yes,No,No internet service,No internet service,No internet service,No internet service,No internet service,No internet service,Month-to-month,No,Bank transfer (automatic),39.35,195.26,Yes,Region2_Suburban_Cohort
REG2-02572,Male,0,Yes,Yes,63,Yes,Yes,No,No internet service,No internet service,No internet service,No internet service,No internet service,No internet service,Two year,No,Credit card (automatic),48.81,3107.04,No,Region2_Suburban_Cohort
REG2-02573,Male,0,Yes,No,38,Yes,Yes,Fiber optic,Yes,No,Yes,No,No,Yes,Two year,Yes,Mailed check,115.13,4319.09,No,Region2_Suburban_Cohort
REG2-02574,Male,0,Yes,No,3,Yes,No,Fiber optic,No,No,Yes,No,No,Yes,Month-to-month,Yes,Credit card (automatic),95.83,278.26,Yes,Region2_Suburban_Cohort
REG2-02575,Female,0,Yes,No,72,Yes,Yes,Fiber optic,No,No,Yes,No,Yes,Yes,One year,No,Bank transfer (automatic),117.3,8644.88,No,Region2_Suburban_Cohort
REG2-02576,Female,0,No,No,36,Yes,Yes,Fiber optic,No,No,Yes,No,Yes,No,Two year,Yes,Credit card (automatic),106.98,3712.65,No,Region2_Suburban_Cohort
REG2-02577,Female,0,No,No,53,Yes,No,DSL,No,Yes,No,No,Yes,Yes,One year,Yes,Electronic check,86.94,4685.24,Yes,Region2_Suburban_Cohort
REG2-02578,Male,0,Yes,No,1,Yes,No,DSL,Yes,Yes,Yes,No,No,No,Month-to-month,No,Bank transfer (automatic),80.7,84.39,Yes,Region2_Suburban_Cohort
REG2-02579,Female,0,Yes,No,19,Yes,No,Fiber optic,Yes,No,No,Yes,No,Yes,One year,No,Credit card (automatic),105.27,1994.24,Yes,Region2_Suburban_Cohort
REG2-02580,Male,0,Yes,Yes,33,Yes,Yes,DSL,Yes,Yes,No,Yes,No,No,One year,Yes,Credit card (automatic),90.05,2882.63,No,Region2_Suburban_Cohort
REG2-02581,Female,1,No,No,21,Yes,Yes,No,No internet service,No internet service,No internet service,No internet service,No internet service,No internet service,Two year,No,Credit card (automatic),44.98,976.88,No,Region2_Suburban_Cohort
REG2-02582,Male,0,Yes,No,30,Yes,No,DSL,No,Yes,No,No,No,No,One year,Yes,Electronic check,61.64,1850.21,Yes,Region2_Suburban_Cohort
REG2-02583,Male,0,Yes,No,47,Yes,No,Fiber optic,Yes,Yes,No,No,Yes,Yes,Two year,Yes,Mailed check,117.79,5770.43,No,Region2_Suburban_Cohort
REG2-02584,Female,0,No,No,13,Yes,No,DSL,Yes,No,Yes,Yes,No,Yes,One year,Yes,Electronic check,89.36,1187.31,No,Region2_Suburban_Cohort
REG2-02585,Female,0,No,No,52,Yes,Yes,DSL,No,No,No,No,Yes,No,Month-to-month,Yes,Mailed check,76.17,3933.36,No,Region2_Suburban_Cohort
REG2-02586,Male,0,Yes,Yes,4,Yes,Yes,No,No internet service,No internet service,No internet service,No internet service,No internet service,No internet service,Month-to-month,Yes,Electronic check,41.26,166.98,Yes,Region2_Suburban_Cohort
REG2-02587,Female,0,Yes,No,8,Yes,Yes,Fiber optic,Yes,Yes,Yes,No,No,No,One year,No,Electronic check,110.38,853.9,No,Region2_Suburban_Cohort
REG2-02588,Male,0,Yes,No,1,Yes,No,Fiber optic,No,Yes,Yes,No,Yes,Yes,Month-to-month,Yes,Bank transfer (automatic),112.54,111.27,Yes,Region2_Suburban_Cohort
REG2-02589,Female,0,No,No,12,Yes,Yes,DSL,No,No,Yes,No,No,Yes,One year,Yes,Bank transfer (automatic),86.05,1042.29,Yes,Region2_Suburban_Cohort
REG2-02590,Female,0,Yes,Yes,13,Yes,No,DSL,No,Yes,Yes,Yes,No,No,One year,Yes,Electronic check,77.64,1018.41,Yes,Region2_Suburban_Cohort
REG2-02591,Female,0,Yes,Yes,45,Yes,Yes,DSL,No,Yes,Yes,No,No,No,One year,No,Bank transfer (automatic),83.01,3768.03,No,Region2_Suburban_Cohort
REG2-02592,Female,0,No,No,29,Yes,No,Fiber optic,Yes,No,No,Yes,No,No,Month-to-month,Yes,Electronic check,92.37,2743.97,Yes,Region2_Suburban_Cohort
REG2-02593,Female,0,Yes,Yes,16,Yes,Yes,DSL,Yes,No,No,No,Yes,Yes,Month-to-month,Yes,Electronic check,98.79,1518.31,Yes,Region2_Suburban_Cohort
REG2-02594,Male,0,Yes,No,29,Yes,No,Fiber optic,Yes,No,No,No,No,Yes,Month-to-month,Yes,Bank transfer (automatic),92.66,2572.58,Yes,Region2_Suburban_Cohort
REG2-02595,Female,0,Yes,No,1,Yes,Yes,Fiber optic,No,Yes,Yes,No,No,No,Month-to-month,Yes,Mailed check,102.09,98.5,Yes,Region2_Suburban_Cohort
REG2-02596,Male,0,Yes,Yes,5,Yes,No,DSL,No,No,No,Yes,No,Yes,Month-to-month,Yes,Bank transfer (automatic),77.48,398.73,Yes,Region2_Suburban_Cohort
REG2-02597,Male,1,Yes,Yes,27,Yes,No,Fiber optic,Yes,Yes,Yes,No,Yes,Yes,Two year,Yes,Electronic check,121.34,3133.62,Yes,Region2_Suburban_Cohort
REG2-02598,Male,0,Yes,Yes,28,No,No phone service,Fiber optic,No,No,No,No,Yes,Yes,Month-to-month,No,Bank transfer (automatic),86.6,2358.18,Yes,Region2_Suburban_Cohort
REG2-02599,Male,1,Yes,No,41,Yes,Yes,DSL,No,No,Yes,No,No,Yes,Two year,No,Electronic check,83.16,3325.95,No,Region2_Suburban_Cohort
REG2-02600,Female,0,Yes,Yes,14,Yes,No,DSL,No,No,Yes,No,No,No,Month-to-month,Yes,Electronic check,61.29,870.7,Yes,Region2_Suburban_Cohort
REG2-02601,Male,0,No,No,35,Yes,No,Fiber optic,Yes,No,Yes,Yes,Yes,No,One year,Yes,Mailed check,113.06,3918.17,Yes,Region2_Suburban_Cohort
REG2-02602,Female,0,Yes,Yes,32,Yes,No,DSL,No,No,No,No,Yes,No,Month-to-month,Yes,Credit card (automatic),65.17,2022.67,Yes,Region2_Suburban_Cohort
REG2-02603,Male,1,Yes,No,72,Yes,No,Fiber optic,No,Yes,Yes,No,Yes,Yes,Month-to-month,No,Electronic check,114.91,8231.77,Yes,Region2_Suburban_Cohort
REG2-02604,Male,0,No,No,6,Yes,No,Fiber optic,No,No,Yes,No,No,No,Month-to-month,Yes,Electronic check,81.78,499.78,Yes,Region2_Suburban_Cohort
REG2-02605,Female,0,No,No,22,Yes,Yes,Fiber optic,No,No,No,No,Yes,Yes,Two year,No,Electronic check,109.63,2480.85,No,Region2_Suburban_Cohort
REG2-02606,Male,0,No,No,25,Yes,Yes,Fiber optic,No,Yes,Yes,Yes,No,No,Month-to-month,Yes,Mailed check,114.28,2749.54,Yes,Region2_Suburban_Cohort
REG2-02607,Male,0,Yes,No,72,Yes,No,No,No internet service,No internet service,No internet service,No internet service,No internet service,No internet service,One year,Yes,Electronic check,29.63,2179.17,No,Region2_Suburban_Cohort
REG2-02608,Female,0,Yes,No,6,Yes,No,Fiber optic,Yes,No,Yes,No,No,No,Month-to-month,Yes,Electronic check,87.86,501.04,Yes,Region2_Suburban_Cohort
REG2-02609,Male,1,No,No,20,Yes,Yes,DSL,Yes,No,Yes,No,No,No,Two year,Yes,Credit card (automatic),79.18,1619.12,No,Region2_Suburban_Cohort
REG2-02610,Female,1,No,No,11,No,No phone service,DSL,No,No,Yes,Yes,No,Yes,Month-to-month,Yes,Electronic check,70.36,786.42,Yes,Region2_Suburban_Cohort
REG2-02611,Male,0,Yes,No,20,Yes,No,No,No internet service,No internet service,No internet service,No internet service,No internet service,No internet service,Month-to-month,Yes,Mailed check,27.07,539.7,Yes,Region2_Suburban_Cohort
REG2-02612,Male,1,No,No,7,Yes,Yes,Fiber optic,Yes,Yes,No,Yes,No,Yes,Month-to-month,Yes,Credit card (automatic),125.15,844.24,Yes,Region2_Suburban_Cohort
REG2-02613,Female,0,Yes,Yes,1,Yes,No,No,No internet service,No internet service,No internet service,No internet service,No internet service,No internet service,Month-to-month,No,Electronic check,29.48,30.26,Yes,Region2_Suburban_Cohort
REG2-02614,Male,0,No,No,23,Yes,No,No,No internet service,No internet service,No internet service,No internet service,No internet service,No internet service,Month-to-month,No,Bank transfer (automatic),30.16,663.97,Yes,Region2_Suburban_Cohort
REG2-02615,Male,0,No,No,11,Yes,No,Fiber optic,No,Yes,No,No,No,No,Month-to-month,Yes,Mailed check,82.37,941.91,Yes,Region2_Suburban_Cohort
REG2-02616,Male,0,No,No,5,Yes,Yes,DSL,No,No,Yes,Yes,No,Yes,Month-to-month,Yes,Credit card (automatic),94.5,485.42,Yes,Region2_Suburban_Cohort
REG2-02617,Male,1,No,No,10,Yes,Yes,Fiber optic,Yes,No,No,Yes,No,No,Month-to-month,Yes,Credit card (automatic),105.35,1078.89,Yes,Region2_Suburban_Cohort
REG2-02618,Female,0,No,No,1,Yes,Yes,DSL,No,No,No,No,No,No,Month-to-month,No,Mailed check,69.54,71.31,Yes,Region2_Suburban_Cohort
REG2-02619,Male,0,Yes,Yes,72,Yes,No,DSL,No,No,No,No,Yes,No,One year,Yes,Electronic check,71.47,4923.32,No,Region2_Suburban_Cohort
REG2-02620,Female,0,Yes,No,24,Yes,Yes,Fiber optic,Yes,No,Yes,No,No,No,Month-to-month,No,Mailed check,100.8,2537.73,Yes,Region2_Suburban_Cohort
REG2-02621,Female,0,Yes,Yes,47,No,No phone service,DSL,Yes,No,Yes,No,No,No,One year,No,Credit card (automatic),60.02,2922.1,No,Region2_Suburban_Cohort
REG2-02622,Male,0,Yes,Yes,15,No,No phone service,Fiber optic,Yes,No,Yes,Yes,No,No,Month-to-month,Yes,Electronic check,89.49,1343.41,Yes,Region2_Suburban_Cohort
REG2-02623,Female,1,No,No,65,Yes,Yes,DSL,No,Yes,No,No,No,No,Month-to-month,No,Credit card (automatic),78.93,5243.01,No,Region2_Suburban_Cohort
REG2-02624,Male,0,Yes,Yes,18,Yes,No,Fiber optic,No,No,No,No,No,Yes,One year,Yes,Credit card (automatic),85.26,1571.4,No,Region2_Suburban_Cohort
REG2-02625,Female,0,Yes,Yes,23,Yes,No,DSL,No,No,No,No,Yes,No,Month-to-month,No,Electronic check,69.36,1647.89,Yes,Region2_Suburban_Cohort
REG2-02626,Male,0,No,No,18,Yes,No,Fiber optic,No,Yes,No,No,Yes,No,One year,No,Credit card (automatic),93.48,1641.48,Yes,Region2_Suburban_Cohort
REG2-02627,Female,0,No,No,37,Yes,No,Fiber optic,No,Yes,No,No,Yes,Yes,One year,Yes,Electronic check,109.43,3997.11,Yes,Region2_Suburban_Cohort
REG2-02628,Male,0,Yes,No,23,Yes,Yes,DSL,No,Yes,No,No,No,No,One year,No,Mailed check,75.23,1782.14,No,Region2_Suburban_Cohort
REG2-02629,Male,0,Yes,Yes,8,Yes,No,Fiber optic,Yes,No,No,No,Yes,Yes,Month-to-month,No,Mailed check,104.39,857.58,Yes,Region2_Suburban_Cohort
REG2-02630,Female,0,Yes,No,4,Yes,No,DSL,Yes,Yes,No,Yes,Yes,No,Month-to-month,No,Mailed check,90.7,363.62,No,Region2_Suburban_Cohort
REG2-02631,Female,0,No,No,26,Yes,Yes,No,No internet service,No internet service,No internet service,No internet service,No internet service,No internet service,Month-to-month,No,Mailed check,43.53,1120.03,No,Region2_Suburban_Cohort
REG2-02632,Male,0,Yes,No,18,Yes,No,Fiber optic,Yes,Yes,No,No,Yes,No,Month-to-month,Yes,Mailed check,95.8,1805.18,Yes,Region2_Suburban_Cohort
REG2-02633,Male,0,No,No,2,Yes,Yes,DSL,No,No,No,Yes,No,No,Month-to-month,Yes,Bank transfer (automatic),77.27,153.23,Yes,Region2_Suburban_Cohort
REG2-02634,Female,0,Yes,No,14,Yes,Yes,Fiber optic,No,No,No,No,No,No,Month-to-month,No,Bank transfer (automatic),83.34,1197.56,No,Region2_Suburban_Cohort
REG2-02635,Female,0,Yes,No,20,Yes,No,Fiber optic,No,Yes,Yes,No,Yes,No,One year,Yes,Credit card (automatic),102.45,2031.1,No,Region2_Suburban_Cohort
REG2-02636,Female,0,No,No,49,Yes,No,Fiber optic,Yes,Yes,No,Yes,Yes,Yes,Month-to-month,Yes,Bank transfer (automatic),122.73,5899.41,Yes,Region2_Suburban_Cohort
REG2-02637,Female,1,Yes,Yes,2,Yes,No,No,No internet service,No internet service,No internet service,No internet service,No internet service,No internet service,One year,Yes,Bank transfer (automatic),23.18,47.01,Yes,Region2_Suburban_Cohort
REG2-02638,Female,0,Yes,No,11,Yes,No,Fiber optic,No,Yes,No,Yes,No,Yes,Month-to-month,Yes,Mailed check,101.46,1150.39,Yes,Region2_Suburban_Cohort
REG2-02639,Female,0,Yes,Yes,48,Yes,No,No,No internet service,No internet service,No internet service,No internet service,No internet service,No internet service,One year,Yes,Electronic check,31.04,1561.64,No,Region2_Suburban_Cohort
REG2-02640,Male,0,Yes,No,29,Yes,No,No,No internet service,No internet service,No internet service,No internet service,No internet service,No internet service,Two year,Yes,Electronic check,34.66,969.85,No,Region2_Suburban_Cohort
REG2-02641,Male,0,Yes,Yes,9,Yes,No,Fiber optic,No,No,No,No,Yes,Yes,Month-to-month,Yes,Mailed check,101.06,943.75,Yes,Region2_Suburban_Cohort
REG2-02642,Female,0,Yes,Yes,52,Yes,No,DSL,No,Yes,No,Yes,No,No,Two year,No,Bank transfer (automatic),73.26,3818.72,No,Region2_Suburban_Cohort
REG2-02643,Female,1,Yes,Yes,19,Yes,Yes,DSL,No,No,No,No,Yes,No,Month-to-month,Yes,Bank transfer (automatic),73.6,1343.55,No,Region2_Suburban_Cohort
REG2-02644,Male,0,Yes,Yes,19,Yes,Yes,Fiber optic,No,No,Yes,Yes,No,Yes,Month-to-month,No,Credit card (automatic),114.25,2234.65,Yes,Region2_Suburban_Cohort
REG2-02645,Male,0,No,No,72,Yes,Yes,Fiber optic,No,Yes,Yes,No,No,No,One year,Yes,Mailed check,107.55,7613.15,Yes,Region2_Suburban_Cohort
REG2-02646,Female,0,No,No,72,No,No phone service,Fiber optic,No,No,No,No,No,No,One year,No,Bank transfer (automatic),67.5,5038.97,Yes,Region2_Suburban_Cohort
REG2-02647,Male,0,No,No,12,Yes,No,DSL,No,No,Yes,Yes,Yes,No,One year,No,Credit card (automatic),81.72,947.08,Yes,Region2_Suburban_Cohort
REG2-02648,Male,0,No,No,4,Yes,No,DSL,Yes,No,No,No,Yes,No,Month-to-month,Yes,Mailed check,75.29,307.52,No,Region2_Suburban_Cohort
REG2-02649,Male,1,Yes,No,11,Yes,No,Fiber optic,Yes,No,No,Yes,Yes,Yes,Month-to-month,Yes,Mailed check,117.45,1266.21,Yes,Region2_Suburban_Cohort
REG2-02650,Male,0,Yes,Yes,1,Yes,Yes,Fiber optic,Yes,Yes,No,No,No,No,Month-to-month,No,Credit card (automatic),105.39,102.83,Yes,Region2_Suburban_Cohort
REG2-02651,Male,0,Yes,Yes,1,Yes,No,No,No internet service,No internet service,No internet service,No internet service,No internet service,No internet service,Month-to-month,No,Mailed check,29.68,28.35,No,Region2_Suburban_Cohort
REG2-02652,Male,0,Yes,Yes,14,Yes,Yes,Fiber optic,No,Yes,Yes,No,No,Yes,Two year,No,Credit card (automatic),114.39,1598.56,No,Region2_Suburban_Cohort
REG2-02653,Male,0,Yes,Yes,72,Yes,Yes,DSL,No,Yes,No,No,No,Yes,One year,Yes,Credit card (automatic),88.1,6274.38,No,Region2_Suburban_Cohort
REG2-02654,Female,0,Yes,Yes,57,Yes,No,Fiber optic,Yes,No,No,No,Yes,Yes,Two year,No,Bank transfer (automatic),109.44,5964.66,Yes,Region2_Suburban_Cohort
REG2-02655,Male,0,No,No,20,Yes,No,DSL,Yes,No,Yes,No,No,No,Month-to-month,Yes,Electronic check,70.02,1362.12,No,Region2_Suburban_Cohort
REG2-02656,Female,0,No,No,23,Yes,No,No,No internet service,No internet service,No internet service,No internet service,No internet service,No internet service,Month-to-month,Yes,Credit card (automatic),25.38,583.0,Yes,Region2_Suburban_Cohort
REG2-02657,Female,0,Yes,Yes,1,Yes,Yes,Fiber optic,Yes,No,Yes,No,No,No,Month-to-month,Yes,Credit card (automatic),102.8,105.97,Yes,Region2_Suburban_Cohort
REG2-02658,Male,0,No,No,6,Yes,Yes,Fiber optic,No,No,Yes,No,Yes,Yes,One year,Yes,Electronic check,115.84,724.89,Yes,Region2_Suburban_Cohort
REG2-02659,Female,1,No,No,1,Yes,No,DSL,Yes,Yes,Yes,Yes,No,No,One year,No,Mailed check,91.83,91.97,Yes,Region2_Suburban_Cohort
REG2-02660,Male,0,No,No,39,Yes,Yes,Fiber optic,Yes,Yes,No,No,No,No,One year,No,Mailed check,100.62,3886.24,No,Region2_Suburban_Cohort
REG2-02661,Female,0,Yes,No,4,No,No phone service,Fiber optic,No,No,No,Yes,Yes,Yes,Month-to-month,No,Credit card (automatic),96.71,404.43,Yes,Region2_Suburban_Cohort
REG2-02662,Male,0,Yes,No,56,Yes,Yes,DSL,No,No,No,Yes,No,Yes,Month-to-month,Yes,Electronic check,85.22,4993.21,No,Region2_Suburban_Cohort
REG2-02663,Female,0,Yes,Yes,28,Yes,Yes,Fiber optic,No,No,No,No,No,No,One year,Yes,Mailed check,85.7,2325.31,No,Region2_Suburban_Cohort
REG2-02664,Female,0,Yes,Yes,7,Yes,No,Fiber optic,Yes,Yes,No,No,Yes,Yes,Month-to-month,No,Bank transfer (automatic),117.09,822.21,Yes,Region2_Suburban_Cohort
REG2-02665,Male,0,No,No,4,Yes,No,DSL,No,No,No,No,No,No,One year,Yes,Mailed check,57.63,237.92,No,Region2_Suburban_Cohort
REG2-02666,Male,0,Yes,Yes,27,Yes,No,DSL,No,No,No,No,No,Yes,One year,No,Credit card (automatic),68.64,1913.0,No,Region2_Suburban_Cohort
REG2-02667,Female,1,Yes,Yes,64,Yes,No,Fiber optic,Yes,Yes,No,Yes,No,Yes,Two year,No,Credit card (automatic),113.42,7393.15,No,Region2_Suburban_Cohort
REG2-02668,Female,0,No,No,35,Yes,No,DSL,Yes,Yes,No,Yes,Yes,No,One year,Yes,Electronic check,89.68,3129.84,No,Region2_Suburban_Cohort
REG2-02669,Male,0,No,No,11,Yes,No,DSL,No,No,No,No,No,No,Month-to-month,Yes,Electronic check,52.26,569.32,Yes,Region2_Suburban_Cohort
REG2-02670,Female,0,Yes,No,24,No,No phone service,DSL,Yes,Yes,Yes,No,No,Yes,Month-to-month,Yes,Electronic check,79.13,1957.31,Yes,Region2_Suburban_Cohort
REG2-02671,Male,0,No,No,10,Yes,No,Fiber optic,No,No,No,No,No,Yes,Month-to-month,No,Mailed check,88.08,856.64,Yes,Region2_Suburban_Cohort
REG2-02672,Female,0,Yes,Yes,72,Yes,No,Fiber optic,No,No,No,No,Yes,Yes,Month-to-month,No,Bank transfer (automatic),102.04,7294.3,No,Region2_Suburban_Cohort
REG2-02673,Male,1,Yes,No,38,Yes,Yes,DSL,Yes,No,No,No,No,Yes,Two year,Yes,Mailed check,83.91,3209.9,No,Region2_Suburban_Cohort
REG2-02674,Female,0,Yes,Yes,26,Yes,No,DSL,Yes,No,No,No,No,Yes,One year,Yes,Electronic check,74.11,1990.79,Yes,Region2_Suburban_Cohort
REG2-02675,Male,0,No,No,15,Yes,Yes,DSL,Yes,Yes,Yes,No,No,No,One year,Yes,Electronic check,90.32,1337.71,No,Region2_Suburban_Cohort
REG2-02676,Male,0,No,No,26,Yes,Yes,Fiber optic,No,No,No,No,Yes,No,One year,No,Electronic check,97.07,2536.1,Yes,Region2_Suburban_Cohort
REG2-02677,Male,0,Yes,Yes,11,Yes,No,DSL,No,No,No,No,Yes,No,Month-to-month,Yes,Mailed check,68.49,736.75,No,Region2_Suburban_Cohort
REG2-02678,Male,0,Yes,Yes,1,Yes,Yes,DSL,No,No,Yes,No,No,No,Month-to-month,No,Bank transfer (automatic),77.5,80.11,Yes,Region2_Suburban_Cohort
REG2-02679,Female,0,Yes,No,14,Yes,No,Fiber optic,Yes,No,Yes,No,Yes,No,Two year,No,Electronic check,109.13,1571.45,No,Region2_Suburban_Cohort
REG2-02680,Male,0,Yes,Yes,72,No,No phone service,Fiber optic,No,No,Yes,Yes,No,No,Month-to-month,No,Electronic check,85.94,6385.75,Yes,Region2_Suburban_Cohort
REG2-02681,Female,0,Yes,Yes,27,Yes,No,DSL,No,No,No,No,No,Yes,One year,Yes,Credit card (automatic),68.98,1780.04,No,Region2_Suburban_Cohort
REG2-02682,Male,0,Yes,Yes,2,Yes,Yes,DSL,No,Yes,No,No,Yes,Yes,Month-to-month,Yes,Credit card (automatic),97.85,195.44,Yes,Region2_Suburban_Cohort
REG2-02683,Male,1,No,No,60,No,No phone service,Fiber optic,No,Yes,No,Yes,Yes,Yes,Two year,No,Electronic check,106.77,6172.91,No,Region2_Suburban_Cohort
REG2-02684,Male,0,No,No,8,Yes,No,DSL,Yes,No,Yes,Yes,Yes,Yes,Month-to-month,Yes,Mailed check,98.11,798.52,Yes,Region2_Suburban_Cohort
REG2-02685,Male,0,Yes,No,7,Yes,No,DSL,No,No,Yes,Yes,No,Yes,Month-to-month,Yes,Electronic check,84.65,581.37,Yes,Region2_Suburban_Cohort
REG2-02686,Male,0,Yes,Yes,9,Yes,Yes,DSL,No,No,Yes,Yes,Yes,No,Month-to-month,Yes,Electronic check,95.91,886.89,Yes,Region2_Suburban_Cohort
REG2-02687,Male,0,Yes,No,24,Yes,No,DSL,Yes,No,No,Yes,Yes,No,One year,No,Bank transfer (automatic),83.19,1909.74,No,Region2_Suburban_Cohort
REG2-02688,Male,0,Yes,No,22,Yes,No,DSL,Yes,Yes,No,Yes,No,Yes,Month-to-month,No,Mailed check,89.05,1961.7,No,Region2_Suburban_Cohort
REG2-02689,Male,0,No,No,18,Yes,Yes,Fiber optic,No,No,Yes,Yes,Yes,No,One year,No,Bank transfer (automatic),116.98,2026.4,Yes,Region2_Suburban_Cohort
REG2-02690,Female,0,No,No,35,Yes,Yes,Fiber optic,No,Yes,No,No,No,Yes,Month-to-month,Yes,Credit card (automatic),104.53,3679.73,Yes,Region2_Suburban_Cohort
REG2-02691,Female,0,Yes,Yes,10,Yes,Yes,DSL,No,No,No,Yes,Yes,No,Month-to-month,Yes,Bank transfer (automatic),89.64,906.02,Yes,Region2_Suburban_Cohort
REG2-02692,Male,0,Yes,Yes,42,Yes,Yes,Fiber optic,No,Yes,No,No,Yes,Yes,One year,Yes,Mailed check,120.5,5041.84,No,Region2_Suburban_Cohort
REG2-02693,Male,1,No,No,5,Yes,Yes,DSL,Yes,No,Yes,Yes,No,Yes,Month-to-month,Yes,Mailed check,104.07,508.88,Yes,Region2_Suburban_Cohort
REG2-02694,Female,0,Yes,No,42,Yes,No,DSL,No,No,Yes,Yes,No,No,Two year,Yes,Electronic check,68.54,2744.05,No,Region2_Suburban_Cohort
REG2-02695,Female,0,No,No,30,Yes,Yes,Fiber optic,No,No,No,Yes,No,Yes,One year,No,Bank transfer (automatic),105.37,3212.35,No,Region2_Suburban_Cohort
REG2-02696,Female,0,Yes,No,32,Yes,No,DSL,No,Yes,No,No,Yes,Yes,One year,Yes,Electronic check,83.28,2763.68,Yes,Region2_Suburban_Cohort
REG2-02697,Male,1,No,No,18,Yes,Yes,DSL,No,Yes,No,No,No,No,Two year,Yes,Electronic check,77.1,1420.23,No,Region2_Suburban_Cohort
REG2-02698,Female,0,No,No,30,Yes,Yes,Fiber optic,No,Yes,No,No,No,No,Month-to-month,Yes,Electronic check,95.09,2964.82,Yes,Region2_Suburban_Cohort
REG2-02699,Female,0,No,No,2,No,No phone service,DSL,No,Yes,Yes,No,No,No,Month-to-month,Yes,Electronic check,59.66,124.44,No,Region2_Suburban_Cohort
REG2-02700,Female,0,No,No,53,Yes,No,No,No internet service,No internet service,No internet service,No internet service,No internet service,No internet service,One year,Yes,Bank transfer (automatic),29.66,1564.05,No,Region2_Suburban_Cohort
REG2-02701,Female,0,Yes,No,1,Yes,No,Fiber optic,Yes,No,No,No,No,Yes,Month-to-month,Yes,Credit card (automatic),97.62,99.55,Yes,Region2_Suburban_Cohort
REG2-02702,Male,1,No,No,4,Yes,No,DSL,No,No,No,Yes,No,No,Month-to-month,No,Credit card (automatic),60.15,238.13,Yes,Region2_Suburban_Cohort
REG2-02703,Male,0,No,No,24,Yes,Yes,Fiber optic,No,No,Yes,No,Yes,No,One year,No,Bank transfer (automatic),105.9,2648.23,Yes,Region2_Suburban_Cohort
REG2-02704,Female,0,Yes,No,37,Yes,No,Fiber optic,Yes,Yes,No,Yes,No,Yes,One year,Yes,Electronic check,107.05,3985.79,No,Region2_Suburban_Cohort
REG2-02705,Female,1,Yes,No,2,Yes,Yes,Fiber optic,No,No,No,Yes,Yes,Yes,Month-to-month,Yes,Electronic check,116.37,238.62,Yes,Region2_Suburban_Cohort
REG2-02706,Male,0,Yes,No,70,Yes,Yes,DSL,No,No,No,No,No,Yes,Two year,Yes,Electronic check,78.37,5219.57,Yes,Region2_Suburban_Cohort
REG2-02707,Male,0,Yes,No,72,Yes,Yes,Fiber optic,No,No,Yes,No,Yes,Yes,Month-to-month,Yes,Electronic check,121.71,8829.32,No,Region2_Suburban_Cohort
REG2-02708,Male,0,Yes,Yes,26,Yes,No,Fiber optic,No,No,No,No,Yes,Yes,Month-to-month,Yes,Bank transfer (automatic),100.6,2678.9,No,Region2_Suburban_Cohort
REG2-02709,Male,0,No,No,18,Yes,Yes,DSL,No,No,Yes,No,No,Yes,Month-to-month,No,Credit card (automatic),89.47,1571.33,Yes,Region2_Suburban_Cohort
REG2-02710,Female,0,Yes,No,37,Yes,No,Fiber optic,No,No,Yes,No,No,No,Two year,Yes,Bank transfer (automatic),84.66,2980.3,No,Region2_Suburban_Cohort
REG2-02711,Female,0,No,No,11,Yes,No,Fiber optic,No,Yes,Yes,No,No,Yes,Month-to-month,Yes,Credit card (automatic),100.6,1133.56,No,Region2_Suburban_Cohort
REG2-02712,Male,0,Yes,Yes,19,Yes,No,Fiber optic,Yes,No,No,Yes,No,Yes,Two year,Yes,Mailed check,107.24,2004.57,No,Region2_Suburban_Cohort
REG2-02713,Male,0,Yes,No,69,Yes,Yes,Fiber optic,Yes,Yes,No,No,No,Yes,One year,Yes,Mailed check,116.85,8005.24,Yes,Region2_Suburban_Cohort
REG2-02714,Male,0,Yes,Yes,72,Yes,Yes,DSL,No,Yes,No,No,Yes,Yes,One year,Yes,Credit card (automatic),103.49,7497.52,Yes,Region2_Suburban_Cohort
REG2-02715,Male,0,Yes,No,72,Yes,Yes,Fiber optic,No,No,Yes,No,Yes,Yes,Month-to-month,Yes,Bank transfer (automatic),123.18,8523.29,Yes,Region2_Suburban_Cohort
REG2-02716,Female,0,Yes,Yes,8,Yes,Yes,Fiber optic,No,No,Yes,Yes,No,No,Month-to-month,Yes,Mailed check,102.77,789.57,Yes,Region2_Suburban_Cohort
REG2-02717,Female,0,Yes,No,7,Yes,No,No,No internet service,No internet service,No internet service,No internet service,No internet service,No internet service,Two year,No,Electronic check,28.78,210.74,No,Region2_Suburban_Cohort
REG2-02718,Female,0,Yes,No,9,Yes,No,No,No internet service,No internet service,No internet service,No internet service,No internet service,No internet service,Month-to-month,No,Electronic check,24.41,216.15,No,Region2_Suburban_Cohort
REG2-02719,Male,0,No,No,16,No,No phone service,DSL,No,No,No,Yes,No,Yes,Month-to-month,No,Credit card (automatic),65.42,1021.13,Yes,Region2_Suburban_Cohort
REG2-02720,Female,0,No,No,10,Yes,No,No,No internet service,No internet service,No internet service,No internet service,No internet service,No internet service,Month-to-month,Yes,Electronic check,29.9,285.48,Yes,Region2_Suburban_Cohort
REG2-02721,Female,0,Yes,No,13,Yes,No,DSL,No,No,No,No,No,No,Month-to-month,Yes,Mailed check,53.4,671.56,Yes,Region2_Suburban_Cohort
REG2-02722,Female,0,No,No,27,Yes,No,DSL,No,No,No,Yes,No,Yes,One year,No,Bank transfer (automatic),73.75,1977.49,No,Region2_Suburban_Cohort
REG2-02723,Male,0,No,No,40,Yes,Yes,DSL,No,No,Yes,Yes,Yes,Yes,One year,Yes,Bank transfer (automatic),108.3,4263.59,No,Region2_Suburban_Cohort
REG2-02724,Male,0,Yes,Yes,37,Yes,No,DSL,No,No,No,No,Yes,No,Month-to-month,Yes,Electronic check,62.29,2287.35,No,Region2_Suburban_Cohort
REG2-02725,Male,0,No,No,47,Yes,Yes,DSL,No,No,Yes,Yes,Yes,No,Two year,No,Electronic check,98.2,4709.51,Yes,Region2_Suburban_Cohort
REG2-02726,Male,0,No,No,1,Yes,No,Fiber optic,No,No,No,No,No,No,Month-to-month,Yes,Bank transfer (automatic),77.19,78.28,Yes,Region2_Suburban_Cohort
REG2-02727,Male,1,Yes,No,1,Yes,No,DSL,No,No,Yes,Yes,No,No,Month-to-month,Yes,Mailed check,70.11,70.06,Yes,Region2_Suburban_Cohort
REG2-02728,Male,0,Yes,Yes,43,Yes,No,DSL,No,No,No,No,No,Yes,Two year,Yes,Electronic check,66.81,2963.27,No,Region2_Suburban_Cohort
REG2-02729,Male,0,Yes,Yes,21,No,No phone service,DSL,Yes,No,Yes,No,Yes,No,Month-to-month,No,Credit card (automatic),73.79,1604.96,No,Region2_Suburban_Cohort
REG2-02730,Female,0,Yes,Yes,24,Yes,Yes,Fiber optic,No,No,No,No,Yes,Yes,Month-to-month,No,Credit card (automatic),113.04,2737.6,Yes,Region2_Suburban_Cohort
REG2-02731,Male,1,No,No,1,Yes,No,Fiber optic,Yes,Yes,Yes,Yes,Yes,No,Month-to-month,No,Bank transfer (automatic),124.07,119.33,Yes,Region2_Suburban_Cohort
REG2-02732,Male,0,Yes,No,8,Yes,No,Fiber optic,No,No,No,Yes,No,No,One year,Yes,Bank transfer (automatic),81.68,647.31,Yes,Region2_Suburban_Cohort
REG2-02733,Female,0,No,No,28,Yes,No,DSL,Yes,Yes,No,No,No,Yes,One year,No,Electronic check,86.41,2452.01,No,Region2_Suburban_Cohort
REG2-02734,Female,0,No,No,54,Yes,No,Fiber optic,No,No,No,No,Yes,Yes,Month-to-month,No,Credit card (automatic),98.45,5083.9,Yes,Region2_Suburban_Cohort
REG2-02735,Female,1,No,No,69,Yes,Yes,Fiber optic,Yes,No,Yes,No,No,Yes,Two year,No,Credit card (automatic),114.01,7489.02,Yes,Region2_Suburban_Cohort
REG2-02736,Female,0,No,No,19,Yes,Yes,Fiber optic,No,No,No,No,No,Yes,One year,Yes,Bank transfer (automatic),98.36,1952.63,Yes,Region2_Suburban_Cohort
REG2-02737,Female,0,Yes,No,22,Yes,No,Fiber optic,No,No,No,No,Yes,Yes,Month-to-month,No,Bank transfer (automatic),101.71,2289.1,No,Region2_Suburban_Cohort
REG2-02738,Female,1,Yes,No,50,Yes,No,DSL,No,Yes,No,No,No,No,One year,Yes,Bank transfer (automatic),61.57,2971.71,Yes,Region2_Suburban_Cohort
REG2-02739,Male,1,No,No,21,Yes,No,No,No internet service,No internet service,No internet service,No internet service,No internet service,No internet service,One year,No,Bank transfer (automatic),30.27,632.18,No,Region2_Suburban_Cohort
REG2-02740,Male,1,Yes,Yes,20,Yes,Yes,Fiber optic,No,No,No,Yes,Yes,No,Month-to-month,No,Mailed check,105.72,2049.61,Yes,Region2_Suburban_Cohort
REG2-02741,Male,0,Yes,Yes,65,Yes,Yes,DSL,No,Yes,Yes,Yes,No,Yes,Two year,No,Mailed check,101.93,6300.99,No,Region2_Suburban_Cohort
REG2-02742,Male,0,No,No,43,No,No phone service,Fiber optic,Yes,Yes,No,No,Yes,Yes,Two year,No,Electronic check,108.38,4609.87,No,Region2_Suburban_Cohort
REG2-02743,Male,0,No,No,67,Yes,Yes,Fiber optic,No,Yes,Yes,No,No,No,Month-to-month,Yes,Mailed check,102.97,7001.36,No,Region2_Suburban_Cohort
REG2-02744,Female,0,Yes,No,6,Yes,No,DSL,No,Yes,No,Yes,Yes,Yes,One year,Yes,Mailed check,93.33,585.41,No,Region2_Suburban_Cohort
REG2-02745,Female,0,No,No,20,Yes,Yes,DSL,No,No,Yes,Yes,No,No,Month-to-month,Yes,Electronic check,81.91,1682.4,Yes,Region2_Suburban_Cohort
REG2-02746,Female,0,No,No,51,Yes,Yes,DSL,No,Yes,No,No,No,Yes,Two year,Yes,Credit card (automatic),87.7,4352.0,No,Region2_Suburban_Cohort
REG2-02747,Male,0,Yes,Yes,3,Yes,No,DSL,No,Yes,No,Yes,No,Yes,Month-to-month,No,Mailed check,82.87,244.54,Yes,Region2_Suburban_Cohort
REG2-02748,Female,0,Yes,No,44,Yes,No,No,No internet service,No internet service,No internet service,No internet service,No internet service,No internet service,Two year,Yes,Mailed check,30.01,1323.16,No,Region2_Suburban_Cohort
REG2-02749,Female,0,No,No,5,Yes,Yes,Fiber optic,No,No,No,No,Yes,Yes,Month-to-month,Yes,Electronic check,110.25,534.23,Yes,Region2_Suburban_Cohort
REG2-02750,Male,0,Yes,No,46,Yes,No,Fiber optic,No,No,Yes,No,Yes,No,One year,Yes,Mailed check,97.61,4639.55,Yes,Region2_Suburban_Cohort
REG2-02751,Female,0,Yes,Yes,26,Yes,No,Fiber optic,Yes,Yes,Yes,No,Yes,No,Month-to-month,Yes,Bank transfer (automatic),112.44,2826.37,Yes,Region2_Suburban_Cohort
REG2-02752,Male,0,Yes,Yes,6,Yes,Yes,DSL,No,Yes,No,No,No,No,Month-to-month,No,Mailed check,74.44,437.26,Yes,Region2_Suburban_Cohort
REG2-02753,Male,0,No,No,17,Yes,No,Fiber optic,Yes,Yes,Yes,No,No,Yes,One year,No,Mailed check,111.32,1907.13,No,Region2_Suburban_Cohort
REG2-02754,Female,0,Yes,Yes,32,Yes,No,Fiber optic,No,Yes,Yes,No,Yes,Yes,Month-to-month,No,Bank transfer (automatic),112.96,3478.53,Yes,Region2_Suburban_Cohort
REG2-02755,Male,0,Yes,Yes,28,Yes,Yes,DSL,Yes,No,No,No,No,Yes,Two year,Yes,Mailed check,86.82,2461.25,No,Region2_Suburban_Cohort
REG2-02756,Male,0,Yes,Yes,15,Yes,Yes,Fiber optic,Yes,No,Yes,No,No,Yes,One year,Yes,Mailed check,113.27,1774.53,No,Region2_Suburban_Cohort
REG2-02757,Female,0,No,No,64,No,No phone service,Fiber optic,Yes,No,Yes,No,Yes,No,One year,No,Electronic check,93.49,6097.96,Yes,Region2_Suburban_Cohort
REG2-02758,Female,1,Yes,Yes,20,Yes,Yes,Fiber optic,No,No,No,No,Yes,No,One year,Yes,Bank transfer (automatic),98.74,2036.57,Yes,Region2_Suburban_Cohort
REG2-02759,Male,0,No,No,19,Yes,No,Fiber optic,Yes,Yes,No,No,Yes,No,Month-to-month,No,Bank transfer (automatic),102.4,1933.63,Yes,Region2_Suburban_Cohort
REG2-02760,Male,0,No,No,1,Yes,Yes,DSL,Yes,No,No,No,Yes,Yes,One year,No,Bank transfer (automatic),99.36,98.02,Yes,Region2_Suburban_Cohort
REG2-02761,Male,1,Yes,Yes,71,Yes,Yes,DSL,Yes,Yes,No,No,No,No,One year,Yes,Electronic check,83.75,5844.33,No,Region2_Suburban_Cohort
REG2-02762,Female,0,No,No,5,Yes,No,Fiber optic,No,Yes,Yes,Yes,No,No,Month-to-month,Yes,Electronic check,101.73,516.81,Yes,Region2_Suburban_Cohort
REG2-02763,Male,1,No,No,21,No,No phone service,Fiber optic,No,Yes,No,No,Yes,No,Month-to-month,Yes,Electronic check,86.95,1829.33,Yes,Region2_Suburban_Cohort
REG2-02764,Male,1,No,No,45,Yes,Yes,DSL,No,No,No,No,Yes,Yes,Two year,No,Electronic check,93.38,4190.47,No,Region2_Suburban_Cohort
REG2-02765,Female,0,Yes,No,6,Yes,No,DSL,No,No,No,Yes,No,No,Month-to-month,Yes,Mailed check,62.12,357.84,No,Region2_Suburban_Cohort
REG2-02766,Female,1,No,No,20,Yes,Yes,DSL,Yes,Yes,No,No,No,Yes,Month-to-month,Yes,Electronic check,95.72,1947.59,Yes,Region2_Suburban_Cohort
REG2-02767,Male,0,No,No,7,Yes,No,Fiber optic,No,No,No,No,No,No,Month-to-month,Yes,Bank transfer (automatic),79.34,567.9,Yes,Region2_Suburban_Cohort
REG2-02768,Male,0,No,No,39,Yes,Yes,Fiber optic,No,No,No,No,No,Yes,One year,Yes,Credit card (automatic),98.76,3734.63,Yes,Region2_Suburban_Cohort
REG2-02769,Female,0,Yes,No,23,Yes,Yes,No,No internet service,No internet service,No internet service,No internet service,No internet service,No internet service,Month-to-month,No,Electronic check,42.32,998.64,Yes,Region2_Suburban_Cohort
REG2-02770,Male,0,No,No,54,Yes,Yes,DSL,No,No,Yes,No,Yes,No,Two year,Yes,Credit card (automatic),87.36,4896.42,No,Region2_Suburban_Cohort
REG2-02771,Male,1,Yes,Yes,62,Yes,No,Fiber optic,No,No,No,No,No,No,Month-to-month,Yes,Bank transfer (automatic),74.74,4483.1,Yes,Region2_Suburban_Cohort
REG2-02772,Female,0,Yes,Yes,29,Yes,Yes,Fiber optic,Yes,Yes,No,No,Yes,Yes,One year,Yes,Credit card (automatic),130.22,3758.27,Yes,Region2_Suburban_Cohort
REG2-02773,Male,0,Yes,No,36,No,No phone service,Fiber optic,Yes,No,No,Yes,Yes,No,One year,Yes,Electronic check,91.89,3432.48,Yes,Region2_Suburban_Cohort
REG2-02774,Female,0,No,No,22,Yes,No,Fiber optic,Yes,No,Yes,No,Yes,Yes,One year,Yes,Credit card (automatic),117.7,2586.11,No,Region2_Suburban_Cohort
REG2-02775,Male,0,Yes,Yes,13,Yes,No,No,No internet service,No internet service,No internet service,No internet service,No internet service,No internet service,Month-to-month,Yes,Credit card (automatic),31.92,428.04,Yes,Region2_Suburban_Cohort
REG2-02776,Male,0,No,No,29,Yes,No,No,No internet service,No internet service,No internet service,No internet service,No internet service,No internet service,One year,No,Credit card (automatic),29.85,841.04,Yes,Region2_Suburban_Cohort
REG2-02777,Male,0,No,No,66,Yes,Yes,Fiber optic,No,No,No,Yes,No,Yes,Month-to-month,Yes,Credit card (automatic),105.97,6689.03,No,Region2_Suburban_Cohort
REG2-02778,Male,1,Yes,Yes,15,Yes,No,Fiber optic,No,Yes,No,Yes,No,No,Month-to-month,Yes,Electronic check,90.92,1303.72,Yes,Region2_Suburban_Cohort
REG2-02779,Male,0,No,No,10,Yes,No,DSL,No,Yes,No,No,No,No,Month-to-month,Yes,Electronic check,65.9,690.13,Yes,Region2_Suburban_Cohort
REG2-02780,Male,1,Yes,No,13,Yes,Yes,Fiber optic,No,Yes,No,Yes,No,No,Month-to-month,Yes,Credit card (automatic),105.69,1327.9,Yes,Region2_Suburban_Cohort
REG2-02781,Female,0,Yes,Yes,16,Yes,No,DSL,No,No,Yes,No,No,Yes,Month-to-month,No,Electronic check,77.0,1276.95,Yes,Region2_Suburban_Cohort
REG2-02782,Female,0,No,No,2,Yes,No,DSL,No,No,Yes,No,No,No,Month-to-month,No,Mailed check,62.78,123.25,Yes,Region2_Suburban_Cohort
REG2-02783,Female,0,No,No,19,Yes,No,DSL,No,Yes,No,No,Yes,No,One year,Yes,Electronic check,75.11,1361.46,No,Region2_Suburban_Cohort
REG2-02784,Female,0,No,No,19,Yes,Yes,DSL,Yes,Yes,No,Yes,No,No,Month-to-month,Yes,Bank transfer (automatic),92.57,1713.27,Yes,Region2_Suburban_Cohort
REG2-02785,Male,0,No,No,24,Yes,No,DSL,Yes,Yes,Yes,Yes,Yes,No,Month-to-month,Yes,Bank transfer (automatic),98.41,2363.14,Yes,Region2_Suburban_Cohort
REG2-02786,Female,1,Yes,No,12,Yes,Yes,No,No internet service,No internet service,No internet service,No internet service,No internet service,No internet service,One year,Yes,Credit card (automatic),44.09,508.28,No,Region2_Suburban_Cohort
REG2-02787,Male,0,Yes,Yes,26,Yes,Yes,Fiber optic,No,Yes,No,Yes,No,Yes,Two year,No,Credit card (automatic),115.38,3126.52,No,Region2_Suburban_Cohort
REG2-02788,Female,1,Yes,Yes,58,Yes,Yes,No,No internet service,No internet service,No internet service,No internet service,No internet service,No internet service,Month-to-month,No,Mailed check,44.53,2686.02,No,Region2_Suburban_Cohort
REG2-02789,Female,0,Yes,Yes,72,Yes,Yes,Fiber optic,Yes,No,No,No,Yes,Yes,Month-to-month,Yes,Bank transfer (automatic),115.46,8021.45,No,Region2_Suburban_Cohort
REG2-02790,Female,0,Yes,No,24,Yes,No,Fiber optic,No,No,Yes,No,No,No,Month-to-month,No,Mailed check,81.48,2001.89,Yes,Region2_Suburban_Cohort
REG2-02791,Female,0,Yes,Yes,1,Yes,No,Fiber optic,No,No,No,No,No,No,Month-to-month,No,Electronic check,74.17,73.88,Yes,Region2_Suburban_Cohort
REG2-02792,Female,1,Yes,No,72,Yes,Yes,DSL,No,No,No,No,No,Yes,One year,No,Credit card (automatic),80.03,6039.97,No,Region2_Suburban_Cohort
REG2-02793,Male,0,Yes,Yes,34,Yes,Yes,Fiber optic,No,No,No,No,No,Yes,One year,Yes,Mailed check,98.06,3185.81,No,Region2_Suburban_Cohort
REG2-02794,Male,1,Yes,Yes,11,Yes,Yes,No,No internet service,No internet service,No internet service,No internet service,No internet service,No internet service,Month-to-month,Yes,Mailed check,47.45,520.44,Yes,Region2_Suburban_Cohort
REG2-02795,Female,1,No,No,4,Yes,No,DSL,No,Yes,No,Yes,No,No,Month-to-month,Yes,Electronic check,67.95,265.97,Yes,Region2_Suburban_Cohort
REG2-02796,Male,0,No,No,4,Yes,No,Fiber optic,No,No,No,No,Yes,Yes,One year,Yes,Bank transfer (automatic),101.55,415.4,Yes,Region2_Suburban_Cohort
REG2-02797,Female,0,No,No,5,Yes,Yes,DSL,Yes,Yes,No,Yes,No,Yes,Month-to-month,Yes,Mailed check,106.08,509.77,Yes,Region2_Suburban_Cohort
REG2-02798,Female,0,Yes,Yes,1,Yes,No,No,No internet service,No internet service,No internet service,No internet service,No internet service,No internet service,Month-to-month,No,Electronic check,31.25,31.65,No,Region2_Suburban_Cohort
REG2-02799,Male,0,No,No,65,Yes,Yes,DSL,No,Yes,No,No,No,Yes,One year,Yes,Credit card (automatic),86.21,5854.73,Yes,Region2_Suburban_Cohort
REG2-02800,Female,0,No,No,21,Yes,No,Fiber optic,No,No,Yes,Yes,No,Yes,Month-to-month,Yes,Electronic check,102.95,2151.98,Yes,Region2_Suburban_Cohort
REG2-02801,Female,0,Yes,Yes,33,Yes,No,No,No internet service,No internet service,No internet service,No internet service,No internet service,No internet service,One year,No,Mailed check,32.04,1052.48,No,Region2_Suburban_Cohort
REG2-02802,Female,0,Yes,No,49,Yes,Yes,DSL,No,Yes,No,No,No,Yes,One year,Yes,Credit card (automatic),83.0,4065.25,Yes,Region2_Suburban_Cohort
REG2-02803,Female,0,No,No,43,Yes,No,Fiber optic,No,No,No,No,No,No,Two year,Yes,Credit card (automatic),73.41,3130.02,No,Region2_Suburban_Cohort
REG2-02804,Female,0,No,No,59,Yes,Yes,Fiber optic,No,Yes,Yes,No,Yes,No,Two year,No,Credit card (automatic),113.66,6670.72,No,Region2_Suburban_Cohort
REG2-02805,Female,0,No,No,72,Yes,Yes,DSL,No,Yes,Yes,No,No,Yes,One year,No,Credit card (automatic),96.36,6912.42,No,Region2_Suburban_Cohort
REG2-02806,Female,0,No,No,16,Yes,No,No,No internet service,No internet service,No internet service,No internet service,No internet service,No internet service,One year,No,Electronic check,32.72,549.59,No,Region2_Suburban_Cohort
REG2-02807,Male,0,No,No,72,Yes,No,Fiber optic,Yes,No,Yes,No,No,Yes,One year,No,Credit card (automatic),107.95,7474.28,No,Region2_Suburban_Cohort
REG2-02808,Male,0,No,No,35,Yes,Yes,Fiber optic,Yes,No,Yes,No,No,No,Two year,No,Electronic check,98.34,3368.01,Yes,Region2_Suburban_Cohort
REG2-02809,Female,0,No,No,2,Yes,No,No,No internet service,No internet service,No internet service,No internet service,No internet service,No internet service,Month-to-month,No,Electronic check,27.43,53.27,Yes,Region2_Suburban_Cohort
REG2-02810,Male,0,Yes,Yes,32,Yes,No,Fiber optic,No,Yes,Yes,Yes,Yes,No,Month-to-month,Yes,Electronic check,110.14,3540.05,Yes,Region2_Suburban_Cohort
REG2-02811,Female,0,No,No,32,Yes,Yes,No,No internet service,No internet service,No internet service,No internet service,No internet service,No internet service,Two year,No,Credit card (automatic),43.39,1319.45,No,Region2_Suburban_Cohort
REG2-02812,Female,0,Yes,Yes,66,Yes,Yes,Fiber optic,Yes,No,No,No,No,Yes,One year,No,Mailed check,108.91,7490.75,No,Region2_Suburban_Cohort
REG2-02813,Male,0,No,No,13,No,No phone service,DSL,Yes,Yes,Yes,No,No,No,Month-to-month,Yes,Electronic check,66.05,861.32,Yes,Region2_Suburban_Cohort
REG2-02814,Female,0,No,No,24,Yes,No,Fiber optic,Yes,Yes,No,No,No,No,One year,Yes,Electronic check,91.94,2293.96,Yes,Region2_Suburban_Cohort
REG2-02815,Female,1,No,No,1,Yes,No,No,No internet service,No internet service,No internet service,No internet service,No internet service,No internet service,Month-to-month,Yes,Electronic check,23.6,23.23,Yes,Region2_Suburban_Cohort
REG2-02816,Male,0,No,No,11,Yes,Yes,DSL,No,No,No,No,No,Yes,Month-to-month,No,Bank transfer (automatic),79.73,846.33,Yes,Region2_Suburban_Cohort
REG2-02817,Male,0,Yes,No,1,Yes,No,No,No internet service,No internet service,No internet service,No internet service,No internet service,No internet service,One year,Yes,Electronic check,29.93,29.01,Yes,Region2_Suburban_Cohort
REG2-02818,Male,0,Yes,No,20,Yes,No,DSL,Yes,No,Yes,Yes,No,No,One year,No,Bank transfer (automatic),78.75,1570.39,No,Region2_Suburban_Cohort
REG2-02819,Male,0,Yes,No,47,No,No phone service,Fiber optic,No,No,Yes,Yes,No,No,One year,No,Bank transfer (automatic),80.02,3588.04,No,Region2_Suburban_Cohort
REG2-02820,Female,0,No,No,6,Yes,Yes,Fiber optic,No,No,No,Yes,Yes,No,Month-to-month,No,Bank transfer (automatic),106.78,658.73,Yes,Region2_Suburban_Cohort
REG2-02821,Male,0,No,No,20,Yes,No,DSL,No,Yes,Yes,No,Yes,No,One year,Yes,Credit card (automatic),83.8,1724.71,Yes,Region2_Suburban_Cohort
REG2-02822,Female,0,No,No,6,Yes,Yes,DSL,Yes,Yes,Yes,No,No,No,Month-to-month,No,Electronic check,95.15,582.43,Yes,Region2_Suburban_Cohort
REG2-02823,Male,0,Yes,Yes,3,Yes,No,No,No internet service,No internet service,No internet service,No internet service,No internet service,No internet service,Month-to-month,Yes,Electronic check,26.79,83.56,Yes,Region2_Suburban_Cohort
REG2-02824,Male,0,Yes,No,20,Yes,No,Fiber optic,No,No,No,No,No,No,Month-to-month,Yes,Bank transfer (automatic),74.32,1493.75,Yes,Region2_Suburban_Cohort
REG2-02825,Female,0,No,No,2,Yes,No,DSL,No,No,No,No,Yes,No,Month-to-month,Yes,Credit card (automatic),68.35,136.42,Yes,Region2_Suburban_Cohort
REG2-02826,Female,1,Yes,No,24,Yes,Yes,No,No internet service,No internet service,No internet service,No internet service,No internet service,No internet service,Month-to-month,Yes,Mailed check,41.85,1007.33,Yes,Region2_Suburban_Cohort
REG2-02827,Male,0,No,No,1,Yes,No,Fiber optic,Yes,No,No,No,No,Yes,Month-to-month,Yes,Credit card (automatic),95.31,92.28,Yes,Region2_Suburban_Cohort
REG2-02828,Male,0,No,No,3,Yes,No,No,No internet service,No internet service,No internet service,No internet service,No internet service,No internet service,Month-to-month,Yes,Mailed check,28.53,85.7,Yes,Region2_Suburban_Cohort
REG2-02829,Male,0,No,No,22,Yes,Yes,Fiber optic,No,Yes,Yes,No,No,Yes,Month-to-month,No,Electronic check,117.06,2586.07,Yes,Region2_Suburban_Cohort
REG2-02830,Male,0,Yes,Yes,25,Yes,Yes,DSL,Yes,Yes,No,No,Yes,No,Month-to-month,Yes,Mailed check,89.57,2298.5,Yes,Region2_Suburban_Cohort
REG2-02831,Female,0,No,No,1,Yes,No,Fiber optic,Yes,No,Yes,No,Yes,No,Month-to-month,No,Electronic check,100.52,98.99,Yes,Region2_Suburban_Cohort
REG2-02832,Male,0,Yes,No,23,Yes,No,Fiber optic,No,Yes,Yes,No,No,Yes,One year,Yes,Mailed check,107.89,2380.28,Yes,Region2_Suburban_Cohort
REG2-02833,Male,0,No,No,51,Yes,Yes,Fiber optic,No,No,Yes,Yes,No,Yes,One year,Yes,Electronic check,111.93,5764.07,Yes,Region2_Suburban_Cohort
REG2-02834,Male,0,Yes,Yes,35,Yes,Yes,No,No internet service,No internet service,No internet service,No internet service,No internet service,No internet service,Month-to-month,Yes,Electronic check,39.82,1433.83,Yes,Region2_Suburban_Cohort
REG2-02835,Female,0,Yes,No,3,Yes,Yes,DSL,Yes,No,Yes,No,Yes,No,Month-to-month,Yes,Credit card (automatic),93.03,292.19,No,Region2_Suburban_Cohort
REG2-02836,Female,0,No,No,25,Yes,Yes,Fiber optic,No,No,No,No,No,Yes,Month-to-month,Yes,Electronic check,97.65,2341.22,Yes,Region2_Suburban_Cohort
REG2-02837,Male,0,Yes,Yes,31,Yes,No,No,No internet service,No internet service,No internet service,No internet service,No internet service,No internet service,Month-to-month,Yes,Electronic check,29.95,951.32,No,Region2_Suburban_Cohort
REG2-02838,Female,0,No,No,1,Yes,Yes,DSL,No,Yes,No,Yes,No,No,Month-to-month,Yes,Credit card (automatic),85.7,86.52,Yes,Region2_Suburban_Cohort
REG2-02839,Male,0,No,No,54,No,No phone service,No,No internet service,No internet service,No internet service,No internet service,No internet service,No internet service,One year,Yes,Bank transfer (automatic),21.19,1088.8,No,Region2_Suburban_Cohort
REG2-02840,Male,0,No,No,66,No,No phone service,Fiber optic,Yes,Yes,No,No,No,Yes,One year,Yes,Bank transfer (automatic),92.41,6232.17,Yes,Region2_Suburban_Cohort
REG2-02841,Female,0,No,No,53,Yes,Yes,Fiber optic,Yes,No,No,No,Yes,No,Two year,Yes,Credit card (automatic),111.37,5622.95,Yes,Region2_Suburban_Cohort
REG2-02842,Female,0,Yes,Yes,48,Yes,No,DSL,Yes,Yes,No,No,Yes,No,One year,No,Mailed check,81.96,4046.3,No,Region2_Suburban_Cohort
REG2-02843,Female,1,No,No,38,Yes,Yes,Fiber optic,No,Yes,No,Yes,Yes,Yes,Two year,Yes,Electronic check,127.14,4938.25,No,Region2_Suburban_Cohort
REG2-02844,Female,0,Yes,No,28,Yes,No,DSL,No,Yes,No,No,Yes,No,Month-to-month,Yes,Mailed check,75.3,2148.02,Yes,Region2_Suburban_Cohort
REG2-02845,Male,0,Yes,Yes,31,Yes,No,Fiber optic,No,No,Yes,Yes,No,Yes,Month-to-month,Yes,Bank transfer (automatic),105.12,3134.89,Yes,Region2_Suburban_Cohort
REG2-02846,Female,0,No,No,45,Yes,No,Fiber optic,Yes,No,Yes,No,No,No,Two year,No,Credit card (automatic),88.12,4131.56,Yes,Region2_Suburban_Cohort
REG2-02847,Male,1,Yes,Yes,30,Yes,No,Fiber optic,No,No,No,No,Yes,No,Month-to-month,Yes,Electronic check,84.44,2634.25,Yes,Region2_Suburban_Cohort
REG2-02848,Female,0,No,No,11,No,No phone service,No,No internet service,No internet service,No internet service,No internet service,No internet service,No internet service,Month-to-month,Yes,Electronic check,22.36,255.8,Yes,Region2_Suburban_Cohort
REG2-02849,Male,0,Yes,No,13,Yes,Yes,Fiber optic,No,No,No,No,Yes,Yes,Month-to-month,No,Electronic check,115.46,1480.02,Yes,Region2_Suburban_Cohort
REG2-02850,Female,0,No,No,63,Yes,Yes,Fiber optic,Yes,Yes,No,No,Yes,No,One year,Yes,Bank transfer (automatic),114.09,7182.04,No,Region2_Suburban_Cohort
REG2-02851,Male,0,No,No,1,Yes,No,DSL,No,No,No,No,Yes,No,Month-to-month,Yes,Electronic check,63.85,61.39,Yes,Region2_Suburban_Cohort
REG2-02852,Male,0,Yes,No,33,Yes,No,DSL,No,No,No,Yes,Yes,Yes,One year,Yes,Credit card (automatic),84.02,2648.19,Yes,Region2_Suburban_Cohort
REG2-02853,Female,0,No,No,72,Yes,Yes,DSL,No,No,Yes,Yes,No,No,One year,No,Credit card (automatic),85.59,5890.58,No,Region2_Suburban_Cohort
REG2-02854,Male,1,No,No,34,No,No phone service,DSL,No,Yes,No,Yes,No,No,Month-to-month,Yes,Bank transfer (automatic),56.78,1943.8,Yes,Region2_Suburban_Cohort
REG2-02855,Male,1,Yes,No,72,Yes,Yes,Fiber optic,No,No,Yes,No,No,Yes,Two year,Yes,Credit card (automatic),107.16,7577.72,No,Region2_Suburban_Cohort
REG2-02856,Male,0,Yes,Yes,32,Yes,No,Fiber optic,Yes,No,No,Yes,No,No,Month-to-month,Yes,Electronic check,90.56,2920.97,Yes,Region2_Suburban_Cohort
REG2-02857,Male,0,No,No,1,Yes,Yes,DSL,Yes,No,No,No,No,No,Month-to-month,No,Credit card (automatic),73.31,73.99,Yes,Region2_Suburban_Cohort
REG2-02858,Male,1,Yes,No,49,Yes,Yes,No,No internet service,No internet service,No internet service,No internet service,No internet service,No internet service,Two year,Yes,Bank transfer (automatic),39.85,2032.14,No,Region2_Suburban_Cohort
REG2-02859,Male,0,Yes,Yes,9,Yes,Yes,DSL,No,Yes,No,No,No,No,Month-to-month,Yes,Electronic check,76.74,717.06,Yes,Region2_Suburban_Cohort
REG2-02860,Female,0,No,No,16,No,No phone service,Fiber optic,No,Yes,No,No,No,Yes,Month-to-month,Yes,Electronic check,86.94,1421.45,Yes,Region2_Suburban_Cohort
REG2-02861,Male,0,No,No,10,Yes,No,Fiber optic,Yes,No,No,No,Yes,No,Two year,Yes,Mailed check,97.92,1010.39,No,Region2_Suburban_Cohort
REG2-02862,Female,0,No,No,8,Yes,No,Fiber optic,No,No,No,No,Yes,No,Month-to-month,No,Credit card (automatic),88.21,670.62,No,Region2_Suburban_Cohort
REG2-02863,Female,0,No,No,15,No,No phone service,DSL,No,No,Yes,No,No,Yes,Month-to-month,Yes,Credit card (automatic),65.02,928.05,Yes,Region2_Suburban_Cohort
REG2-02864,Male,0,No,No,13,Yes,No,Fiber optic,Yes,No,No,No,No,No,One year,Yes,Bank transfer (automatic),83.41,1079.84,Yes,Region2_Suburban_Cohort
REG2-02865,Female,0,Yes,No,28,Yes,Yes,Fiber optic,No,Yes,Yes,No,No,No,Month-to-month,Yes,Bank transfer (automatic),105.48,2998.83,Yes,Region2_Suburban_Cohort
REG2-02866,Female,0,Yes,Yes,46,No,No phone service,Fiber optic,No,No,Yes,No,No,No,Two year,No,Electronic check,68.73,3254.56,No,Region2_Suburban_Cohort
REG2-02867,Female,0,Yes,No,9,Yes,Yes,DSL,No,No,Yes,No,Yes,No,Month-to-month,Yes,Bank transfer (automatic),88.11,788.81,Yes,Region2_Suburban_Cohort
REG2-02868,Male,0,No,No,6,Yes,Yes,Fiber optic,No,Yes,No,No,Yes,No,Month-to-month,No,Bank transfer (automatic),105.55,661.18,Yes,Region2_Suburban_Cohort
REG2-02869,Male,1,Yes,No,30,Yes,No,DSL,No,No,No,Yes,Yes,Yes,One year,Yes,Electronic check,87.94,2721.3,No,Region2_Suburban_Cohort
REG2-02870,Female,0,Yes,No,31,Yes,No,DSL,No,No,No,No,No,Yes,One year,Yes,Credit card (automatic),64.42,1917.69,No,Region2_Suburban_Cohort
REG2-02871,Female,0,Yes,Yes,64,Yes,No,Fiber optic,Yes,Yes,Yes,No,No,No,One year,Yes,Mailed check,101.13,6433.6,No,Region2_Suburban_Cohort
REG2-02872,Female,1,Yes,Yes,1,Yes,Yes,DSL,No,Yes,No,No,Yes,No,Two year,Yes,Credit card (automatic),88.47,92.85,Yes,Region2_Suburban_Cohort
REG2-02873,Male,1,Yes,No,53,Yes,No,Fiber optic,Yes,No,No,No,No,No,Two year,Yes,Mailed check,81.24,4266.94,No,Region2_Suburban_Cohort
REG2-02874,Female,0,No,No,20,Yes,No,Fiber optic,No,No,Yes,No,No,No,Month-to-month,Yes,Credit card (automatic),81.83,1617.99,Yes,Region2_Suburban_Cohort
REG2-02875,Male,0,Yes,No,27,Yes,Yes,DSL,Yes,Yes,No,Yes,Yes,Yes,One year,No,Electronic check,113.6,3004.04,No,Region2_Suburban_Cohort
REG2-02876,Male,0,Yes,No,2,Yes,Yes,DSL,Yes,Yes,No,No,No,No,Month-to-month,Yes,Mailed check,83.14,166.06,Yes,Region2_Suburban_Cohort
REG2-02877,Male,1,Yes,No,15,Yes,No,DSL,No,No,No,Yes,Yes,No,Month-to-month,No,Electronic check,80.07,1228.66,Yes,Region2_Suburban_Cohort
REG2-02878,Female,1,No,No,7,Yes,No,DSL,Yes,No,No,No,Yes,No,Month-to-month,Yes,Electronic check,70.46,470.9,Yes,Region2_Suburban_Cohort
REG2-02879,Male,1,No,No,8,Yes,Yes,DSL,Yes,No,Yes,No,Yes,No,Month-to-month,Yes,Electronic check,95.81,792.21,Yes,Region2_Suburban_Cohort
REG2-02880,Male,0,Yes,Yes,19,Yes,No,Fiber optic,Yes,No,No,Yes,No,Yes,Month-to-month,Yes,Mailed check,104.08,2060.1,Yes,Region2_Suburban_Cohort
REG2-02881,Female,0,No,No,46,Yes,No,DSL,No,No,No,Yes,Yes,Yes,Two year,Yes,Credit card (automatic),85.67,4051.59,No,Region2_Suburban_Cohort
REG2-02882,Male,0,Yes,No,38,Yes,Yes,DSL,No,No,No,No,No,Yes,One year,Yes,Mailed check,74.82,2961.33,Yes,Region2_Suburban_Cohort
REG2-02883,Male,0,No,No,25,Yes,Yes,Fiber optic,Yes,Yes,Yes,No,No,No,Two year,Yes,Bank transfer (automatic),110.5,2650.59,No,Region2_Suburban_Cohort
REG2-02884,Male,0,Yes,Yes,21,Yes,Yes,Fiber optic,Yes,No,No,No,No,Yes,Month-to-month,No,Credit card (automatic),103.96,2172.27,Yes,Region2_Suburban_Cohort
REG2-02885,Female,0,No,No,15,Yes,Yes,DSL,No,No,No,Yes,No,No,One year,Yes,Bank transfer (automatic),76.39,1096.7,No,Region2_Suburban_Cohort
REG2-02886,Male,0,No,No,72,No,No phone service,Fiber optic,No,Yes,No,Yes,Yes,No,Two year,Yes,Electronic check,89.55,6664.78,No,Region2_Suburban_Cohort
REG2-02887,Male,0,No,No,22,Yes,Yes,Fiber optic,No,Yes,Yes,No,No,No,Two year,No,Electronic check,102.87,2365.56,No,Region2_Suburban_Cohort
REG2-02888,Female,0,Yes,No,8,No,No phone service,DSL,No,No,No,No,Yes,Yes,Month-to-month,Yes,Electronic check,67.07,525.71,Yes,Region2_Suburban_Cohort
REG2-02889,Female,0,Yes,Yes,7,Yes,Yes,No,No internet service,No internet service,No internet service,No internet service,No internet service,No internet service,Month-to-month,No,Electronic check,44.79,314.64,Yes,Region2_Suburban_Cohort
REG2-02890,Male,0,No,No,26,Yes,No,No,No internet service,No internet service,No internet service,No internet service,No internet service,No internet service,Month-to-month,Yes,Electronic check,33.92,864.08,No,Region2_Suburban_Cohort
REG2-02891,Female,0,Yes,Yes,20,Yes,No,Fiber optic,Yes,Yes,Yes,No,Yes,Yes,One year,Yes,Bank transfer (automatic),122.1,2412.42,No,Region2_Suburban_Cohort
REG2-02892,Female,0,No,No,1,Yes,No,DSL,Yes,Yes,No,No,No,Yes,Month-to-month,No,Electronic check,80.37,80.18,Yes,Region2_Suburban_Cohort
REG2-02893,Female,0,No,No,49,Yes,Yes,Fiber optic,No,Yes,No,Yes,No,Yes,Month-to-month,Yes,Mailed check,119.18,6009.64,Yes,Region2_Suburban_Cohort
REG2-02894,Male,1,No,No,34,Yes,Yes,Fiber optic,No,Yes,Yes,No,No,No,One year,Yes,Mailed check,102.66,3367.23,No,Region2_Suburban_Cohort
REG2-02895,Female,0,Yes,Yes,30,Yes,Yes,DSL,No,No,No,No,No,Yes,Month-to-month,No,Bank transfer (automatic),79.79,2311.61,No,Region2_Suburban_Cohort
REG2-02896,Female,0,No,No,1,Yes,No,Fiber optic,No,No,No,No,No,No,Month-to-month,No,Credit card (automatic),74.7,72.47,Yes,Region2_Suburban_Cohort
REG2-02897,Male,0,No,No,12,Yes,Yes,Fiber optic,Yes,Yes,Yes,No,Yes,Yes,Month-to-month,No,Credit card (automatic),134.49,1541.76,Yes,Region2_Suburban_Cohort
REG2-02898,Male,0,No,No,72,Yes,Yes,No,No internet service,No internet service,No internet service,No internet service,No internet service,No internet service,Month-to-month,Yes,Bank transfer (automatic),40.77,2977.55,No,Region2_Suburban_Cohort
REG2-02899,Male,1,Yes,Yes,55,Yes,No,DSL,Yes,Yes,Yes,Yes,Yes,No,Month-to-month,No,Mailed check,94.28,5024.58,Yes,Region2_Suburban_Cohort
REG2-02900,Male,0,Yes,No,9,Yes,No,DSL,No,No,No,No,No,No,Month-to-month,Yes,Bank transfer (automatic),59.42,531.44,Yes,Region2_Suburban_Cohort
REG2-02901,Female,1,Yes,No,4,Yes,No,No,No internet service,No internet service,No internet service,No internet service,No internet service,No internet service,Month-to-month,No,Bank transfer (automatic),30.49,124.22,No,Region2_Suburban_Cohort
REG2-02902,Male,0,Yes,Yes,16,No,No phone service,DSL,Yes,No,Yes,No,Yes,No,One year,Yes,Mailed check,72.8,1158.85,No,Region2_Suburban_Cohort
REG2-02903,Male,1,No,No,12,Yes,Yes,Fiber optic,No,Yes,No,No,Yes,Yes,Month-to-month,Yes,Bank transfer (automatic),121.32,1514.95,Yes,Region2_Suburban_Cohort
REG2-02904,Female,0,No,No,32,Yes,Yes,DSL,No,Yes,Yes,No,No,Yes,Two year,No,Mailed check,93.6,3075.82,No,Region2_Suburban_Cohort
REG2-02905,Male,1,Yes,Yes,72,Yes,No,Fiber optic,No,Yes,No,No,Yes,Yes,Two year,No,Credit card (automatic),107.92,7593.87,Yes,Region2_Suburban_Cohort
REG2-02906,Female,0,No,No,12,Yes,No,Fiber optic,Yes,No,No,No,No,No,Month-to-month,No,Electronic check,81.08,937.0,Yes,Region2_Suburban_Cohort
REG2-02907,Male,0,Yes,No,1,Yes,Yes,DSL,Yes,No,Yes,No,No,Yes,Month-to-month,Yes,Mailed check,94.14,97.85,Yes,Region2_Suburban_Cohort
REG2-02908,Male,0,Yes,Yes,63,Yes,Yes,DSL,No,Yes,Yes,No,No,Yes,Month-to-month,Yes,Mailed check,96.46,6014.33,Yes,Region2_Suburban_Cohort
REG2-02909,Male,1,Yes,No,1,Yes,No,Fiber optic,Yes,Yes,No,No,No,No,One year,No,Bank transfer (automatic),91.69,90.61,Yes,Region2_Suburban_Cohort
REG2-02910,Male,0,Yes,Yes,72,Yes,No,Fiber optic,No,Yes,No,No,Yes,Yes,Two year,Yes,Electronic check,106.18,7881.96,No,Region2_Suburban_Cohort
REG2-02911,Male,0,No,No,30,Yes,No,Fiber optic,No,Yes,No,No,No,No,One year,No,Mailed check,84.83,2420.04,Yes,Region2_Suburban_Cohort
REG2-02912,Female,1,Yes,Yes,72,Yes,No,No,No internet service,No internet service,No internet service,No internet service,No internet service,No internet service,Two year,No,Bank transfer (automatic),28.06,2010.44,No,Region2_Suburban_Cohort
REG2-02913,Female,0,No,No,6,Yes,No,DSL,No,Yes,No,Yes,No,No,One year,No,Bank transfer (automatic),68.71,421.1,No,Region2_Suburban_Cohort
REG2-02914,Male,0,Yes,No,1,Yes,Yes,DSL,Yes,No,No,No,No,No,One year,No,Mailed check,73.87,76.45,Yes,Region2_Suburban_Cohort
REG2-02915,Female,0,No,No,18,Yes,Yes,DSL,No,Yes,Yes,Yes,Yes,Yes,One year,No,Mailed check,114.42,2138.9,Yes,Region2_Suburban_Cohort
REG2-02916,Female,0,Yes,Yes,16,Yes,No,DSL,No,No,No,Yes,No,No,Two year,Yes,Bank transfer (automatic),62.17,991.31,No,Region2_Suburban_Cohort
REG2-02917,Female,1,Yes,No,11,No,No phone service,DSL,No,No,No,Yes,No,No,One year,No,Bank transfer (automatic),51.93,591.09,No,Region2_Suburban_Cohort
REG2-02918,Male,0,Yes,No,72,Yes,No,DSL,No,No,No,No,No,No,One year,Yes,Credit card (automatic),57.26,3931.33,Yes,Region2_Suburban_Cohort
REG2-02919,Male,0,Yes,No,48,Yes,No,No,No internet service,No internet service,No internet service,No internet service,No internet service,No internet service,Two year,Yes,Bank transfer (automatic),33.76,1588.95,No,Region2_Suburban_Cohort
REG2-02920,Male,1,Yes,No,30,Yes,No,No,No internet service,No internet service,No internet service,No internet service,No internet service,No internet service,One year,Yes,Electronic check,29.67,846.53,Yes,Region2_Suburban_Cohort
REG2-02921,Female,0,No,No,4,Yes,No,No,No internet service,No internet service,No internet service,No internet service,No internet service,No internet service,Month-to-month,No,Bank transfer (automatic),31.48,121.71,Yes,Region2_Suburban_Cohort
REG2-02922,Female,0,No,No,37,Yes,No,DSL,No,No,Yes,No,Yes,No,One year,No,Electronic check,73.16,2767.75,No,Region2_Suburban_Cohort
REG2-02923,Male,0,No,No,36,Yes,Yes,No,No internet service,No internet service,No internet service,No internet service,No internet service,No internet service,Two year,Yes,Mailed check,41.76,1428.86,No,Region2_Suburban_Cohort
REG2-02924,Male,0,No,No,15,No,No phone service,Fiber optic,No,Yes,Yes,No,No,No,Month-to-month,No,Mailed check,82.16,1235.24,Yes,Region2_Suburban_Cohort
REG2-02925,Female,0,Yes,No,72,Yes,Yes,No,No internet service,No internet service,No internet service,No internet service,No internet service,No internet service,Two year,No,Credit card (automatic),39.9,2848.09,No,Region2_Suburban_Cohort
REG2-02926,Female,1,Yes,Yes,5,Yes,Yes,No,No internet service,No internet service,No internet service,No internet service,No internet service,No internet service,Month-to-month,Yes,Electronic check,43.87,211.08,No,Region2_Suburban_Cohort
REG2-02927,Female,0,No,No,8,Yes,No,No,No internet service,No internet service,No internet service,No internet service,No internet service,No internet service,One year,Yes,Bank transfer (automatic),28.18,229.62,No,Region2_Suburban_Cohort
REG2-02928,Female,0,No,No,1,Yes,Yes,DSL,No,No,No,No,No,No,Month-to-month,Yes,Electronic check,69.55,70.89,Yes,Region2_Suburban_Cohort
REG2-02929,Male,0,No,No,44,Yes,No,Fiber optic,No,No,Yes,Yes,Yes,Yes,Month-to-month,No,Credit card (automatic),117.12,5269.92,Yes,Region2_Suburban_Cohort
REG2-02930,Female,0,No,No,27,Yes,No,Fiber optic,No,No,No,No,No,No,Two year,No,Mailed check,77.79,2156.05,No,Region2_Suburban_Cohort
REG2-02931,Female,1,Yes,No,10,Yes,No,Fiber optic,No,No,No,Yes,Yes,Yes,Month-to-month,Yes,Bank transfer (automatic),109.56,1075.33,Yes,Region2_Suburban_Cohort
REG2-02932,Male,1,Yes,Yes,5,Yes,Yes,DSL,No,No,No,Yes,No,No,One year,Yes,Bank transfer (automatic),79.83,418.87,Yes,Region2_Suburban_Cohort
REG2-02933,Female,0,Yes,No,1,Yes,Yes,Fiber optic,No,Yes,No,No,No,Yes,Month-to-month,Yes,Electronic check,108.27,103.65,Yes,Region2_Suburban_Cohort
REG2-02934,Female,0,Yes,Yes,5,Yes,Yes,DSL,Yes,No,No,No,No,Yes,One year,Yes,Credit card (automatic),83.38,423.06,No,Region2_Suburban_Cohort
REG2-02935,Male,0,Yes,No,16,Yes,Yes,DSL,No,No,Yes,No,No,No,Month-to-month,Yes,Bank transfer (automatic),75.32,1261.85,No,Region2_Suburban_Cohort
REG2-02936,Female,0,Yes,Yes,7,Yes,Yes,DSL,Yes,No,No,No,No,No,Month-to-month,Yes,Mailed check,73.86,502.77,Yes,Region2_Suburban_Cohort
REG2-02937,Female,0,No,No,8,Yes,Yes,No,No internet service,No internet service,No internet service,No internet service,No internet service,No internet service,One year,No,Mailed check,38.59,301.87,Yes,Region2_Suburban_Cohort
REG2-02938,Female,0,No,No,58,Yes,No,DSL,No,No,No,Yes,No,Yes,Month-to-month,Yes,Credit card (automatic),78.2,4570.06,Yes,Region2_Suburban_Cohort
REG2-02939,Male,0,No,No,20,Yes,Yes,DSL,No,No,Yes,Yes,Yes,Yes,Two year,Yes,Electronic check,106.23,2184.36,No,Region2_Suburban_Cohort
REG2-02940,Male,0,No,No,36,Yes,Yes,DSL,No,No,Yes,Yes,No,Yes,Two year,Yes,Mailed check,91.27,3229.52,No,Region2_Suburban_Cohort
REG2-02941,Female,0,Yes,No,1,Yes,No,DSL,No,Yes,No,No,Yes,Yes,Month-to-month,Yes,Credit card (automatic),85.39,88.27,Yes,Region2_Suburban_Cohort
REG2-02942,Male,0,Yes,No,12,Yes,No,Fiber optic,No,Yes,No,Yes,No,No,Month-to-month,No,Electronic check,96.66,1129.88,Yes,Region2_Suburban_Cohort
REG2-02943,Female,0,No,No,18,Yes,No,Fiber optic,No,Yes,No,No,No,No,Month-to-month,Yes,Bank transfer (automatic),86.42,1613.79,Yes,Region2_Suburban_Cohort
REG2-02944,Female,0,Yes,Yes,5,Yes,No,No,No internet service,No internet service,No internet service,No internet service,No internet service,No internet service,Month-to-month,Yes,Mailed check,31.82,155.17,Yes,Region2_Suburban_Cohort
REG2-02945,Male,0,Yes,No,3,Yes,No,DSL,Yes,Yes,Yes,Yes,Yes,Yes,Month-to-month,Yes,Electronic check,112.58,341.71,Yes,Region2_Suburban_Cohort
REG2-02946,Female,1,Yes,Yes,57,Yes,No,DSL,Yes,Yes,Yes,Yes,Yes,No,Two year,Yes,Bank transfer (automatic),96.74,5435.76,No,Region2_Suburban_Cohort
REG2-02947,Male,0,Yes,No,72,Yes,No,DSL,Yes,Yes,Yes,No,No,Yes,Two year,Yes,Credit card (automatic),88.55,6262.0,No,Region2_Suburban_Cohort
REG2-02948,Male,0,Yes,No,2,Yes,Yes,Fiber optic,No,No,No,No,No,Yes,Month-to-month,Yes,Mailed check,100.4,197.87,Yes,Region2_Suburban_Cohort
REG2-02949,Female,0,Yes,Yes,12,No,No phone service,DSL,No,No,No,No,Yes,Yes,Month-to-month,Yes,Electronic check,72.97,875.57,Yes,Region2_Suburban_Cohort
REG2-02950,Female,1,Yes,No,72,Yes,No,Fiber optic,No,No,No,No,Yes,No,Two year,Yes,Electronic check,84.46,6290.95,No,Region2_Suburban_Cohort
REG2-02951,Female,1,No,No,2,No,No phone service,Fiber optic,No,No,No,No,Yes,Yes,Month-to-month,Yes,Credit card (automatic),88.76,182.12,Yes,Region2_Suburban_Cohort
REG2-02952,Female,0,Yes,No,28,Yes,Yes,Fiber optic,Yes,No,Yes,Yes,No,Yes,One year,No,Electronic check,123.59,3442.99,Yes,Region2_Suburban_Cohort
REG2-02953,Male,0,Yes,Yes,72,Yes,No,DSL,Yes,No,No,No,No,No,One year,Yes,Electronic check,61.8,4352.67,No,Region2_Suburban_Cohort
REG2-02954,Female,1,Yes,Yes,72,Yes,Yes,DSL,No,No,Yes,No,Yes,Yes,Two year,No,Credit card (automatic),98.56,7347.74,No,Region2_Suburban_Cohort
REG2-02955,Female,0,Yes,No,17,Yes,No,No,No internet service,No internet service,No internet service,No internet service,No internet service,No internet service,One year,Yes,Credit card (automatic),27.43,483.57,No,Region2_Suburban_Cohort
REG2-02956,Female,0,No,No,4,Yes,No,DSL,Yes,Yes,No,No,Yes,No,Month-to-month,Yes,Bank transfer (automatic),83.77,333.53,No,Region2_Suburban_Cohort
REG2-02957,Female,0,No,No,6,Yes,Yes,No,No internet service,No internet service,No internet service,No internet service,No internet service,No internet service,Month-to-month,Yes,Electronic check,42.43,259.57,No,Region2_Suburban_Cohort
REG2-02958,Male,0,No,No,61,Yes,No,DSL,No,No,No,Yes,No,No,Two year,Yes,Electronic check,64.54,3885.47,No,Region2_Suburban_Cohort
REG2-02959,Female,0,Yes,Yes,67,Yes,Yes,DSL,No,Yes,Yes,No,Yes,No,Two year,Yes,Electronic check,94.49,6108.68,No,Region2_Suburban_Cohort
REG2-02960,Male,0,No,No,26,Yes,Yes,Fiber optic,No,Yes,No,No,Yes,No,Month-to-month,Yes,Bank transfer (automatic),108.78,2777.79,Yes,Region2_Suburban_Cohort
REG2-02961,Male,0,No,No,40,Yes,Yes,Fiber optic,No,No,No,No,Yes,No,One year,No,Mailed check,99.85,4066.72,No,Region2_Suburban_Cohort
REG2-02962,Male,1,Yes,Yes,37,Yes,No,DSL,No,Yes,No,No,Yes,No,One year,No,Electronic check,78.09,2967.17,No,Region2_Suburban_Cohort
REG2-02963,Female,0,No,No,30,Yes,No,Fiber optic,Yes,No,No,Yes,No,No,Month-to-month,No,Electronic check,90.34,2805.51,Yes,Region2_Suburban_Cohort
REG2-02964,Female,0,Yes,No,49,No,No phone service,DSL,No,No,No,No,No,No,One year,Yes,Credit card (automatic),47.36,2208.72,No,Region2_Suburban_Cohort
REG2-02965,Female,0,No,No,32,Yes,No,DSL,Yes,Yes,No,No,No,No,One year,Yes,Credit card (automatic),70.44,2251.02,No,Region2_Suburban_Cohort
REG2-02966,Female,0,No,No,21,Yes,No,No,No internet service,No internet service,No internet service,No internet service,No internet service,No internet service,Month-to-month,Yes,Bank transfer (automatic),31.6,648.6,No,Region2_Suburban_Cohort
REG2-02967,Female,0,Yes,No,7,Yes,No,No,No internet service,No internet service,No internet service,No internet service,No internet service,No internet service,Month-to-month,Yes,Electronic check,33.32,237.53,No,Region2_Suburban_Cohort
REG2-02968,Female,1,No,No,38,Yes,No,Fiber optic,No,Yes,No,No,Yes,No,Month-to-month,Yes,Credit card (automatic),97.94,3626.94,Yes,Region2_Suburban_Cohort
REG2-02969,Male,0,Yes,Yes,17,Yes,Yes,Fiber optic,No,No,No,No,Yes,Yes,Month-to-month,No,Mailed check,110.49,1890.78,Yes,Region2_Suburban_Cohort
REG2-02970,Male,0,Yes,Yes,9,Yes,Yes,DSL,No,Yes,No,No,Yes,No,Month-to-month,Yes,Mailed check,85.69,787.56,Yes,Region2_Suburban_Cohort
REG2-02971,Male,1,No,No,45,Yes,Yes,Fiber optic,No,Yes,No,No,No,No,Two year,Yes,Credit card (automatic),97.43,4502.76,No,Region2_Suburban_Cohort
REG2-02972,Female,0,No,No,33,Yes,No,Fiber optic,No,Yes,Yes,No,Yes,No,Two year,No,Electronic check,101.87,3284.21,Yes,Region2_Suburban_Cohort
REG2-02973,Female,1,Yes,Yes,72,Yes,Yes,DSL,No,No,No,No,Yes,No,One year,Yes,Mailed check,81.47,5624.07,No,Region2_Suburban_Cohort
REG2-02974,Male,0,Yes,No,5,Yes,Yes,No,No internet service,No internet service,No internet service,No internet service,No internet service,No internet service,Month-to-month,No,Credit card (automatic),39.01,189.56,No,Region2_Suburban_Cohort
REG2-02975,Male,1,Yes,Yes,29,Yes,No,DSL,No,No,Yes,No,No,Yes,One year,No,Electronic check,76.18,2231.12,Yes,Region2_Suburban_Cohort
REG2-02976,Female,0,Yes,Yes,7,Yes,Yes,DSL,No,No,No,No,No,No,Month-to-month,Yes,Mailed check,66.08,441.3,Yes,Region2_Suburban_Cohort
REG2-02977,Male,0,No,No,65,Yes,No,Fiber optic,No,No,Yes,Yes,Yes,Yes,Month-to-month,Yes,Credit card (automatic),110.84,6958.82,No,Region2_Suburban_Cohort
REG2-02978,Female,0,No,No,2,Yes,Yes,DSL,No,Yes,No,No,Yes,Yes,Month-to-month,No,Electronic check,97.06,203.74,Yes,Region2_Suburban_Cohort
REG2-02979,Female,0,No,No,29,Yes,Yes,DSL,No,Yes,No,No,No,No,Month-to-month,No,Mailed check,74.03,2121.61,No,Region2_Suburban_Cohort
REG2-02980,Male,0,Yes,No,43,Yes,Yes,DSL,No,No,Yes,No,No,No,Two year,Yes,Bank transfer (automatic),79.81,3430.64,No,Region2_Suburban_Cohort
REG2-02981,Male,0,No,No,12,Yes,Yes,Fiber optic,No,No,No,Yes,Yes,Yes,Two year,Yes,Mailed check,111.51,1272.69,No,Region2_Suburban_Cohort
REG2-02982,Female,0,Yes,No,72,Yes,No,No,No internet service,No internet service,No internet service,No internet service,No internet service,No internet service,One year,No,Mailed check,29.17,2119.54,No,Region2_Suburban_Cohort
REG2-02983,Female,0,No,No,53,Yes,Yes,DSL,Yes,No,Yes,No,No,No,One year,Yes,Electronic check,82.13,4276.84,No,Region2_Suburban_Cohort
REG2-02984,Female,0,No,No,9,Yes,Yes,DSL,No,Yes,No,No,Yes,Yes,Month-to-month,Yes,Electronic check,96.57,871.75,Yes,Region2_Suburban_Cohort
REG2-02985,Female,0,No,No,1,Yes,No,No,No internet service,No internet service,No internet service,No internet service,No internet service,No internet service,Month-to-month,Yes,Credit card (automatic),29.03,29.11,Yes,Region2_Suburban_Cohort
REG2-02986,Male,1,Yes,No,9,Yes,No,Fiber optic,Yes,Yes,No,No,No,No,One year,Yes,Credit card (automatic),90.63,853.8,Yes,Region2_Suburban_Cohort
REG2-02987,Male,0,Yes,No,9,Yes,No,Fiber optic,Yes,No,No,Yes,Yes,No,Month-to-month,Yes,Electronic check,101.33,890.84,No,Region2_Suburban_Cohort
REG2-02988,Female,0,Yes,Yes,61,Yes,No,DSL,No,No,No,No,Yes,Yes,One year,Yes,Mailed check,79.89,4907.61,No,Region2_Suburban_Cohort
REG2-02989,Female,0,No,No,72,Yes,No,No,No internet service,No internet service,No internet service,No internet service,No internet service,No internet service,One year,Yes,Mailed check,33.95,2415.45,No,Region2_Suburban_Cohort
REG2-02990,Male,0,Yes,No,2,No,No phone service,DSL,No,Yes,No,No,Yes,No,Month-to-month,Yes,Mailed check,64.88,128.75,Yes,Region2_Suburban_Cohort
REG2-02991,Female,0,Yes,Yes,17,Yes,Yes,Fiber optic,No,Yes,No,No,Yes,Yes,One year,No,Bank transfer (automatic),117.28,1905.15,Yes,Region2_Suburban_Cohort
REG2-02992,Female,0,Yes,Yes,22,Yes,No,DSL,Yes,Yes,Yes,No,Yes,Yes,Month-to-month,Yes,Electronic check,102.73,2302.65,Yes,Region2_Suburban_Cohort
REG2-02993,Male,0,No,No,2,Yes,No,Fiber optic,Yes,No,No,No,No,No,Month-to-month,Yes,Credit card (automatic),82.13,159.25,Yes,Region2_Suburban_Cohort
REG2-02994,Male,1,Yes,No,13,Yes,Yes,DSL,No,Yes,Yes,Yes,No,Yes,One year,Yes,Electronic check,105.74,1370.29,Yes,Region2_Suburban_Cohort
REG2-02995,Female,0,No,No,10,No,No phone service,Fiber optic,Yes,No,Yes,No,Yes,No,Month-to-month,Yes,Credit card (automatic),91.84,912.36,Yes,Region2_Suburban_Cohort
REG2-02996,Male,0,No,No,21,Yes,Yes,No,No internet service,No internet service,No internet service,No internet service,No internet service,No internet service,Two year,No,Mailed check,43.22,904.73,Yes,Region2_Suburban_Cohort
REG2-02997,Male,0,No,No,30,Yes,Yes,Fiber optic,No,No,No,Yes,No,Yes,Two year,Yes,Bank transfer (automatic),107.72,3191.38,No,Region2_Suburban_Cohort
REG2-02998,Male,0,Yes,Yes,34,Yes,Yes,No,No internet service,No internet service,No internet service,No internet service,No internet service,No internet service,Month-to-month,Yes,Credit card (automatic),42.27,1400.16,Yes,Region2_Suburban_Cohort
REG2-02999,Female,0,Yes,No,4,Yes,Yes,Fiber optic,No,Yes,Yes,No,Yes,No,Month-to-month,No,Electronic check,112.16,446.34,Yes,Region2_Suburban_Cohort
REG2-03000,Female,0,Yes,Yes,46,Yes,Yes,Fiber optic,No,Yes,No,Yes,No,No,Two year,No,Bank transfer (automatic),101.46,4455.37,No,Region2_Suburban_Cohort
REG2-03001,Female,0,Yes,No,31,Yes,No,No,No internet service,No internet service,No internet service,No internet service,No internet service,No internet service,Month-to-month,Yes,Bank transfer (automatic),29.52,891.54,No,Region2_Suburban_Cohort
REG2-03002,Male,0,Yes,Yes,61,Yes,No,Fiber optic,No,No,Yes,No,Yes,No,Two year,No,Mailed check,92.02,5773.11,No,Region2_Suburban_Cohort
REG2-03003,Female,0,No,No,16,Yes,No,DSL,Yes,No,No,Yes,Yes,Yes,Month-to-month,No,Mailed check,92.55,1531.56,No,Region2_Suburban_Cohort
REG2-03004,Female,0,Yes,Yes,62,Yes,No,Fiber optic,No,Yes,Yes,No,Yes,Yes,Two year,No,Electronic check,113.8,7207.51,No,Region2_Suburban_Cohort
REG2-03005,Female,0,No,No,56,Yes,Yes,DSL,No,No,No,Yes,Yes,No,Month-to-month,Yes,Electronic check,87.85,4984.82,Yes,Region2_Suburban_Cohort
REG2-03006,Female,0,Yes,No,16,Yes,No,Fiber optic,Yes,No,Yes,No,Yes,No,One year,No,Mailed check,106.52,1757.37,Yes,Region2_Suburban_Cohort
REG2-03007,Male,1,No,No,13,Yes,No,Fiber optic,No,No,No,No,No,Yes,Month-to-month,Yes,Electronic check,87.67,1097.29,Yes,Region2_Suburban_Cohort
REG2-03008,Female,1,No,No,72,Yes,Yes,DSL,No,Yes,Yes,Yes,Yes,Yes,One year,No,Credit card (automatic),115.32,8324.01,No,Region2_Suburban_Cohort
REG2-03009,Male,0,No,No,35,Yes,Yes,Fiber optic,No,No,No,No,Yes,No,Month-to-month,Yes,Bank transfer (automatic),99.17,3337.78,Yes,Region2_Suburban_Cohort
REG2-03010,Female,0,No,No,72,Yes,Yes,Fiber optic,No,No,No,No,No,No,One year,Yes,Mailed check,86.15,6375.15,No,Region2_Suburban_Cohort
REG2-03011,Male,0,No,No,44,Yes,Yes,DSL,No,No,No,Yes,Yes,Yes,Two year,Yes,Electronic check,98.76,4354.37,Yes,Region2_Suburban_Cohort
REG2-03012,Male,1,No,No,26,No,No phone service,DSL,Yes,Yes,Yes,No,Yes,No,Month-to-month,Yes,Bank transfer (automatic),82.41,2209.09,Yes,Region2_Suburban_Cohort
REG2-03013,Male,0,Yes,No,3,Yes,Yes,Fiber optic,Yes,No,No,No,No,Yes,Month-to-month,Yes,Electronic check,109.37,337.92,Yes,Region2_Suburban_Cohort
REG2-03014,Female,0,Yes,Yes,9,Yes,Yes,DSL,No,No,Yes,Yes,Yes,No,Month-to-month,Yes,Bank transfer (automatic),88.9,797.4,Yes,Region2_Suburban_Cohort
REG2-03015,Male,0,Yes,No,72,Yes,Yes,No,No internet service,No internet service,No internet service,No internet service,No internet service,No internet service,Month-to-month,No,Electronic check,43.8,3152.61,Yes,Region2_Suburban_Cohort
REG2-03016,Female,1,Yes,No,10,Yes,Yes,Fiber optic,No,Yes,No,Yes,Yes,No,Month-to-month,No,Bank transfer (automatic),114.26,1088.7,Yes,Region2_Suburban_Cohort
REG2-03017,Male,0,Yes,No,2,Yes,No,DSL,No,Yes,No,No,Yes,Yes,Month-to-month,Yes,Mailed check,88.24,176.89,Yes,Region2_Suburban_Cohort
REG2-03018,Male,1,Yes,Yes,34,No,No phone service,DSL,No,No,Yes,No,No,No,One year,No,Bank transfer (automatic),53.9,1865.12,Yes,Region2_Suburban_Cohort
REG2-03019,Female,0,Yes,Yes,37,Yes,Yes,Fiber optic,No,Yes,Yes,No,Yes,Yes,Two year,Yes,Electronic check,126.67,4561.96,Yes,Region2_Suburban_Cohort
REG2-03020,Male,0,Yes,Yes,9,Yes,Yes,Fiber optic,Yes,No,Yes,Yes,Yes,No,One year,Yes,Electronic check,124.31,1173.22,No,Region2_Suburban_Cohort
REG2-03021,Male,0,Yes,Yes,9,Yes,No,DSL,No,Yes,No,No,No,Yes,Two year,No,Electronic check,75.71,713.74,No,Region2_Suburban_Cohort
REG2-03022,Female,0,No,No,17,Yes,No,DSL,No,No,Yes,Yes,Yes,No,One year,No,Mailed check,82.91,1378.86,No,Region2_Suburban_Cohort
REG2-03023,Male,0,Yes,No,1,Yes,Yes,Fiber optic,No,Yes,Yes,No,No,No,Two year,Yes,Electronic check,102.73,104.92,Yes,Region2_Suburban_Cohort
REG2-03024,Male,0,No,No,43,Yes,No,DSL,No,No,Yes,No,Yes,Yes,One year,Yes,Electronic check,84.53,3463.96,No,Region2_Suburban_Cohort
REG2-03025,Male,1,Yes,No,10,Yes,Yes,DSL,No,No,Yes,Yes,No,No,Month-to-month,Yes,Electronic check,83.04,844.16,Yes,Region2_Suburban_Cohort
REG2-03026,Female,0,No,No,53,No,No phone service,Fiber optic,No,No,Yes,No,No,No,One year,Yes,Bank transfer (automatic),68.02,3649.77,No,Region2_Suburban_Cohort
REG2-03027,Female,1,No,No,45,No,No phone service,DSL,No,Yes,Yes,No,No,No,Month-to-month,Yes,Bank transfer (automatic),61.72,2866.88,Yes,Region2_Suburban_Cohort
REG2-03028,Female,0,No,No,30,No,No phone service,No,No internet service,No internet service,No internet service,No internet service,No internet service,No internet service,One year,No,Credit card (automatic),21.87,643.26,No,Region2_Suburban_Cohort
REG2-03029,Female,1,No,No,11,Yes,Yes,Fiber optic,No,No,No,No,Yes,No,Month-to-month,Yes,Mailed check,95.38,1088.84,Yes,Region2_Suburban_Cohort
REG2-03030,Male,0,Yes,No,20,Yes,Yes,DSL,No,No,No,Yes,Yes,Yes,One year,No,Electronic check,98.31,2036.59,Yes,Region2_Suburban_Cohort
REG2-03031,Male,1,No,No,16,Yes,No,DSL,Yes,No,No,No,Yes,No,Month-to-month,No,Bank transfer (automatic),78.55,1278.12,Yes,Region2_Suburban_Cohort
REG2-03032,Female,1,No,No,11,Yes,Yes,Fiber optic,No,No,Yes,No,Yes,No,Month-to-month,No,Mailed check,112.46,1233.64,Yes,Region2_Suburban_Cohort
REG2-03033,Male,0,No,No,52,Yes,No,Fiber optic,No,No,Yes,Yes,No,Yes,One year,No,Bank transfer (automatic),102.76,5406.79,No,Region2_Suburban_Cohort
REG2-03034,Male,0,No,No,18,Yes,Yes,Fiber optic,Yes,No,Yes,Yes,Yes,Yes,Month-to-month,Yes,Credit card (automatic),135.16,2488.83,No,Region2_Suburban_Cohort
REG2-03035,Male,0,Yes,Yes,50,Yes,No,Fiber optic,No,No,No,No,Yes,No,Two year,No,Mailed check,86.82,4547.31,No,Region2_Suburban_Cohort
REG2-03036,Male,0,No,No,3,Yes,Yes,Fiber optic,No,No,No,No,No,No,Month-to-month,No,Mailed check,87.38,252.22,Yes,Region2_Suburban_Cohort
REG2-03037,Female,1,Yes,No,4,Yes,Yes,DSL,Yes,No,No,Yes,Yes,No,Month-to-month,No,Bank transfer (automatic),98.09,385.03,Yes,Region2_Suburban_Cohort
REG2-03038,Male,0,No,No,72,Yes,No,No,No internet service,No internet service,No internet service,No internet service,No internet service,No internet service,Month-to-month,No,Bank transfer (automatic),30.01,2221.37,No,Region2_Suburban_Cohort
REG2-03039,Female,0,Yes,Yes,24,Yes,No,Fiber optic,No,No,No,Yes,Yes,No,Month-to-month,Yes,Mailed check,91.57,2177.72,Yes,Region2_Suburban_Cohort
REG2-03040,Male,0,No,No,19,Yes,Yes,Fiber optic,No,No,No,No,Yes,Yes,Month-to-month,No,Electronic check,111.64,2157.75,Yes,Region2_Suburban_Cohort
REG2-03041,Female,0,Yes,No,20,Yes,No,Fiber optic,Yes,No,No,Yes,No,No,One year,Yes,Credit card (automatic),90.04,1734.73,No,Region2_Suburban_Cohort
REG2-03042,Male,1,Yes,Yes,6,No,No phone service,Fiber optic,No,Yes,Yes,No,No,No,Month-to-month,Yes,Mailed check,78.2,479.01,Yes,Region2_Suburban_Cohort
REG2-03043,Male,0,No,No,35,Yes,No,Fiber optic,No,Yes,Yes,No,Yes,No,One year,Yes,Electronic check,100.2,3568.04,No,Region2_Suburban_Cohort
REG2-03044,Female,0,No,No,2,Yes,Yes,Fiber optic,No,No,No,No,No,No,Month-to-month,Yes,Credit card (automatic),86.72,174.93,Yes,Region2_Suburban_Cohort
REG2-03045,Female,0,No,No,23,Yes,No,No,No internet service,No internet service,No internet service,No internet service,No internet service,No internet service,Month-to-month,Yes,Credit card (automatic),31.57,745.37,Yes,Region2_Suburban_Cohort
REG2-03046,Male,0,Yes,No,23,Yes,No,Fiber optic,No,Yes,No,Yes,No,Yes,One year,No,Electronic check,104.43,2493.19,No,Region2_Suburban_Cohort
REG2-03047,Male,0,Yes,No,68,Yes,Yes,DSL,No,Yes,No,No,Yes,Yes,Two year,Yes,Electronic check,102.01,7165.11,No,Region2_Suburban_Cohort
REG2-03048,Male,0,No,No,20,Yes,Yes,Fiber optic,No,Yes,No,Yes,Yes,No,Month-to-month,No,Bank transfer (automatic),113.11,2177.95,Yes,Region2_Suburban_Cohort
REG2-03049,Male,0,No,No,4,Yes,No,Fiber optic,No,No,Yes,Yes,Yes,Yes,Month-to-month,No,Electronic check,114.08,467.47,Yes,Region2_Suburban_Cohort
REG2-03050,Male,0,No,No,23,Yes,Yes,No,No internet service,No internet service,No internet service,No internet service,No internet service,No internet service,One year,No,Electronic check,43.59,997.53,No,Region2_Suburban_Cohort
REG2-03051,Male,0,Yes,No,2,Yes,Yes,Fiber optic,No,Yes,No,No,Yes,No,Month-to-month,No,Credit card (automatic),108.8,213.99,Yes,Region2_Suburban_Cohort
REG2-03052,Male,0,No,No,6,Yes,Yes,No,No internet service,No internet service,No internet service,No internet service,No internet service,No internet service,Month-to-month,Yes,Bank transfer (automatic),40.7,253.47,Yes,Region2_Suburban_Cohort
REG2-03053,Male,0,Yes,Yes,1,Yes,No,Fiber optic,No,Yes,No,No,No,No,Month-to-month,Yes,Bank transfer (automatic),81.28,81.76,Yes,Region2_Suburban_Cohort
REG2-03054,Female,0,No,No,20,Yes,Yes,DSL,No,No,Yes,Yes,No,No,Two year,No,Bank transfer (automatic),84.18,1683.81,No,Region2_Suburban_Cohort
REG2-03055,Female,0,Yes,Yes,2,Yes,No,No,No internet service,No internet service,No internet service,No internet service,No internet service,No internet service,Month-to-month,No,Bank transfer (automatic),32.2,66.23,Yes,Region2_Suburban_Cohort
REG2-03056,Female,0,Yes,Yes,17,Yes,Yes,Fiber optic,Yes,Yes,No,No,Yes,Yes,Month-to-month,No,Credit card (automatic),126.41,2160.43,Yes,Region2_Suburban_Cohort
REG2-03057,Male,0,No,No,72,Yes,Yes,Fiber optic,No,No,No,No,No,Yes,Month-to-month,No,Mailed check,100.15,7468.95,Yes,Region2_Suburban_Cohort
REG2-03058,Male,0,No,No,35,Yes,No,DSL,No,Yes,No,No,Yes,No,Month-to-month,No,Bank transfer (automatic),75.01,2521.1,No,Region2_Suburban_Cohort
REG2-03059,Female,1,Yes,No,2,Yes,No,Fiber optic,Yes,No,Yes,Yes,No,No,Month-to-month,Yes,Credit card (automatic),97.37,200.12,Yes,Region2_Suburban_Cohort
REG2-03060,Male,0,Yes,Yes,7,Yes,Yes,DSL,No,Yes,No,No,No,No,Month-to-month,Yes,Credit card (automatic),76.84,519.8,No,Region2_Suburban_Cohort
REG2-03061,Male,0,Yes,Yes,31,Yes,Yes,Fiber optic,No,No,No,No,Yes,No,Month-to-month,Yes,Bank transfer (automatic),98.43,2967.49,Yes,Region2_Suburban_Cohort
REG2-03062,Female,0,No,No,63,Yes,Yes,Fiber optic,Yes,Yes,No,No,No,No,Two year,Yes,Credit card (automatic),99.21,6049.88,No,Region2_Suburban_Cohort
REG2-03063,Female,0,Yes,No,1,Yes,No,Fiber optic,No,No,No,No,Yes,No,One year,No,Electronic check,85.35,83.12,Yes,Region2_Suburban_Cohort
REG2-03064,Female,0,Yes,Yes,46,Yes,Yes,No,No internet service,No internet service,No internet service,No internet service,No internet service,No internet service,One year,No,Electronic check,36.38,1712.28,No,Region2_Suburban_Cohort
REG2-03065,Male,0,No,No,23,Yes,No,Fiber optic,No,Yes,Yes,No,No,No,Two year,Yes,Electronic check,97.76,2283.41,No,Region2_Suburban_Cohort
REG2-03066,Male,0,No,No,22,Yes,No,Fiber optic,Yes,Yes,Yes,No,No,No,One year,Yes,Electronic check,102.25,2188.71,Yes,Region2_Suburban_Cohort
REG2-03067,Female,0,No,No,72,Yes,Yes,DSL,No,No,Yes,Yes,Yes,No,Two year,No,Electronic check,91.7,6450.66,No,Region2_Suburban_Cohort
REG2-03068,Male,0,Yes,No,38,Yes,Yes,Fiber optic,Yes,No,Yes,Yes,No,Yes,Month-to-month,Yes,Electronic check,121.53,4433.09,Yes,Region2_Suburban_Cohort
REG2-03069,Female,0,No,No,53,Yes,Yes,Fiber optic,No,No,Yes,No,No,No,Month-to-month,Yes,Credit card (automatic),95.56,5021.34,No,Region2_Suburban_Cohort
REG2-03070,Female,0,No,No,12,Yes,Yes,Fiber optic,Yes,No,Yes,Yes,Yes,No,Month-to-month,Yes,Electronic check,127.0,1505.5,No,Region2_Suburban_Cohort
REG2-03071,Female,0,No,No,22,Yes,No,DSL,No,No,No,No,No,Yes,Month-to-month,No,Mailed check,68.81,1460.2,Yes,Region2_Suburban_Cohort
REG2-03072,Male,0,No,No,26,Yes,No,DSL,No,No,No,No,No,Yes,One year,No,Credit card (automatic),67.55,1815.07,No,Region2_Suburban_Cohort
REG2-03073,Male,1,Yes,No,10,Yes,No,Fiber optic,No,Yes,Yes,No,No,Yes,Month-to-month,Yes,Electronic check,101.53,1051.1,Yes,Region2_Suburban_Cohort
REG2-03074,Female,0,No,No,23,No,No phone service,Fiber optic,No,No,Yes,No,Yes,No,Month-to-month,No,Electronic check,86.2,1905.09,Yes,Region2_Suburban_Cohort
REG2-03075,Female,0,Yes,No,7,Yes,Yes,DSL,Yes,No,No,No,No,Yes,One year,No,Electronic check,88.09,602.22,Yes,Region2_Suburban_Cohort
REG2-03076,Female,1,Yes,Yes,4,Yes,No,DSL,Yes,No,No,No,Yes,Yes,Month-to-month,Yes,Electronic check,87.09,356.58,Yes,Region2_Suburban_Cohort
REG2-03077,Male,0,Yes,No,13,Yes,Yes,Fiber optic,No,No,Yes,No,No,No,One year,Yes,Credit card (automatic),94.8,1277.99,Yes,Region2_Suburban_Cohort
REG2-03078,Male,0,Yes,No,37,Yes,Yes,Fiber optic,No,No,Yes,No,No,No,Month-to-month,No,Credit card (automatic),93.88,3324.78,No,Region2_Suburban_Cohort
REG2-03079,Female,0,No,No,69,Yes,No,Fiber optic,Yes,No,Yes,Yes,Yes,Yes,Two year,Yes,Credit card (automatic),126.22,9059.61,No,Region2_Suburban_Cohort
REG2-03080,Female,1,No,No,17,Yes,No,DSL,No,Yes,Yes,Yes,No,No,Month-to-month,Yes,Credit card (automatic),74.77,1215.37,Yes,Region2_Suburban_Cohort
REG2-03081,Female,1,No,No,28,Yes,Yes,No,No internet service,No internet service,No internet service,No internet service,No internet service,No internet service,One year,Yes,Electronic check,42.77,1213.58,No,Region2_Suburban_Cohort
REG2-03082,Male,0,No,No,3,Yes,No,Fiber optic,No,No,No,No,Yes,No,Month-to-month,Yes,Credit card (automatic),87.04,248.64,Yes,Region2_Suburban_Cohort
REG2-03083,Female,0,Yes,No,65,Yes,No,Fiber optic,Yes,No,No,Yes,No,No,One year,Yes,Bank transfer (automatic),86.08,5834.82,No,Region2_Suburban_Cohort
REG2-03084,Female,0,Yes,Yes,23,Yes,No,Fiber optic,No,No,Yes,No,No,Yes,Two year,No,Credit card (automatic),94.05,2131.5,Yes,Region2_Suburban_Cohort
REG2-03085,Female,0,No,No,42,Yes,Yes,Fiber optic,No,Yes,No,No,No,Yes,Month-to-month,Yes,Electronic check,104.45,4452.18,No,Region2_Suburban_Cohort
REG2-03086,Male,0,No,No,44,Yes,No,Fiber optic,No,No,No,Yes,Yes,No,Two year,Yes,Mailed check,92.42,3938.23,No,Region2_Suburban_Cohort
REG2-03087,Male,0,Yes,Yes,8,Yes,No,No,No internet service,No internet service,No internet service,No internet service,No internet service,No internet service,Month-to-month,No,Electronic check,28.04,220.31,No,Region2_Suburban_Cohort
REG2-03088,Female,0,No,No,21,Yes,No,Fiber optic,No,No,Yes,No,No,Yes,One year,Yes,Electronic check,98.11,2111.26,Yes,Region2_Suburban_Cohort
REG2-03089,Male,0,Yes,Yes,72,Yes,No,DSL,No,Yes,No,No,No,No,Two year,No,Bank transfer (automatic),62.85,4739.24,No,Region2_Suburban_Cohort
REG2-03090,Male,0,Yes,Yes,2,Yes,No,Fiber optic,No,No,No,No,Yes,No,Month-to-month,Yes,Electronic check,88.86,186.46,Yes,Region2_Suburban_Cohort
REG2-03091,Female,0,Yes,Yes,32,Yes,Yes,DSL,No,No,No,No,No,No,One year,No,Mailed check,63.99,2111.09,Yes,Region2_Suburban_Cohort
REG2-03092,Male,0,Yes,No,72,Yes,Yes,DSL,Yes,No,No,Yes,No,Yes,Month-to-month,Yes,Bank transfer (automatic),93.45,6962.01,No,Region2_Suburban_Cohort
REG2-03093,Female,1,No,No,10,Yes,Yes,Fiber optic,No,Yes,No,No,No,Yes,Month-to-month,Yes,Electronic check,105.94,1109.13,Yes,Region2_Suburban_Cohort
REG2-03094,Male,0,No,No,55,Yes,Yes,No,No internet service,No internet service,No internet service,No internet service,No internet service,No internet service,Two year,Yes,Electronic check,42.4,2224.8,No,Region2_Suburban_Cohort
REG2-03095,Female,0,Yes,Yes,72,Yes,Yes,Fiber optic,No,No,No,Yes,No,No,Two year,Yes,Credit card (automatic),96.33,6706.98,No,Region2_Suburban_Cohort
REG2-03096,Female,0,No,No,38,Yes,No,DSL,Yes,Yes,No,No,No,Yes,Two year,Yes,Credit card (automatic),83.68,3037.6,No,Region2_Suburban_Cohort
REG2-03097,Male,0,No,No,7,Yes,Yes,No,No internet service,No internet service,No internet service,No internet service,No internet service,No internet service,Month-to-month,No,Bank transfer (automatic),39.98,279.89,Yes,Region2_Suburban_Cohort
REG2-03098,Male,1,Yes,Yes,11,No,No phone service,Fiber optic,No,No,Yes,Yes,Yes,Yes,Month-to-month,Yes,Credit card (automatic),106.85,1229.24,No,Region2_Suburban_Cohort
REG2-03099,Male,0,Yes,No,1,No,No phone service,DSL,Yes,Yes,No,No,Yes,No,One year,No,Electronic check,71.48,72.07,Yes,Region2_Suburban_Cohort
REG2-03100,Male,0,No,No,49,Yes,No,DSL,Yes,No,Yes,No,No,No,Two year,No,Electronic check,71.67,3531.29,No,Region2_Suburban_Cohort
REG2-03101,Female,0,No,No,53,Yes,No,No,No internet service,No internet service,No internet service,No internet service,No internet service,No internet service,One year,No,Electronic check,26.56,1453.67,Yes,Region2_Suburban_Cohort
REG2-03102,Female,0,No,No,28,No,No phone service,DSL,No,No,No,Yes,Yes,No,Month-to-month,Yes,Mailed check,64.36,1879.38,Yes,Region2_Suburban_Cohort
REG2-03103,Male,0,Yes,No,12,Yes,Yes,Fiber optic,No,Yes,Yes,No,Yes,No,Month-to-month,Yes,Bank transfer (automatic),116.29,1423.19,Yes,Region2_Suburban_Cohort
REG2-03104,Male,0,No,No,2,Yes,No,DSL,Yes,Yes,No,No,Yes,No,Month-to-month,No,Electronic check,83.26,173.1,Yes,Region2_Suburban_Cohort
REG2-03105,Male,0,Yes,Yes,39,Yes,Yes,DSL,Yes,No,Yes,No,No,Yes,Two year,Yes,Electronic check,92.96,3507.69,No,Region2_Suburban_Cohort
REG2-03106,Female,0,Yes,Yes,36,Yes,No,DSL,Yes,No,No,No,Yes,No,One year,Yes,Credit card (automatic),76.36,2749.9,No,Region2_Suburban_Cohort
REG2-03107,Male,0,Yes,No,68,Yes,No,No,No internet service,No internet service,No internet service,No internet service,No internet service,No internet service,Month-to-month,No,Mailed check,28.06,1882.25,Yes,Region2_Suburban_Cohort
REG2-03108,Female,1,Yes,Yes,36,Yes,Yes,Fiber optic,No,Yes,No,No,No,Yes,Two year,Yes,Credit card (automatic),102.63,3632.8,No,Region2_Suburban_Cohort
REG2-03109,Female,0,Yes,Yes,49,Yes,Yes,Fiber optic,No,Yes,No,No,No,Yes,Two year,Yes,Electronic check,109.58,5215.99,No,Region2_Suburban_Cohort
REG2-03110,Female,1,Yes,No,38,Yes,Yes,DSL,No,No,No,No,Yes,No,One year,Yes,Bank transfer (automatic),76.49,3021.14,Yes,Region2_Suburban_Cohort
REG2-03111,Male,0,Yes,No,27,Yes,No,No,No internet service,No internet service,No internet service,No internet service,No internet service,No internet service,Two year,No,Credit card (automatic),31.97,858.91,No,Region2_Suburban_Cohort
REG2-03112,Female,0,No,No,15,Yes,No,DSL,No,Yes,Yes,Yes,No,No,Month-to-month,No,Credit card (automatic),78.41,1179.71,Yes,Region2_Suburban_Cohort
REG2-03113,Male,0,Yes,Yes,65,Yes,Yes,No,No internet service,No internet service,No internet service,No internet service,No internet service,No internet service,Two year,No,Electronic check,43.61,2771.24,No,Region2_Suburban_Cohort
REG2-03114,Male,0,Yes,No,29,Yes,No,No,No internet service,No internet service,No internet service,No internet service,No internet service,No internet service,One year,No,Electronic check,28.04,850.8,No,Region2_Suburban_Cohort
REG2-03115,Female,0,Yes,No,14,Yes,Yes,No,No internet service,No internet service,No internet service,No internet service,No internet service,No internet service,Two year,Yes,Electronic check,44.14,624.83,No,Region2_Suburban_Cohort
REG2-03116,Female,0,Yes,Yes,2,Yes,Yes,No,No internet service,No internet service,No internet service,No internet service,No internet service,No internet service,Month-to-month,Yes,Bank transfer (automatic),40.64,77.22,Yes,Region2_Suburban_Cohort
REG2-03117,Male,0,No,No,9,No,No phone service,No,No internet service,No internet service,No internet service,No internet service,No internet service,No internet service,Month-to-month,Yes,Mailed check,19.32,169.84,Yes,Region2_Suburban_Cohort
REG2-03118,Male,0,Yes,Yes,21,Yes,No,DSL,No,Yes,No,Yes,No,No,Two year,Yes,Bank transfer (automatic),65.61,1446.61,No,Region2_Suburban_Cohort
REG2-03119,Male,0,No,No,9,Yes,Yes,DSL,Yes,No,Yes,Yes,No,Yes,Month-to-month,Yes,Electronic check,98.95,932.83,Yes,Region2_Suburban_Cohort
REG2-03120,Male,0,Yes,No,7,Yes,No,Fiber optic,No,Yes,No,Yes,No,Yes,Month-to-month,Yes,Mailed check,104.9,737.58,Yes,Region2_Suburban_Cohort
REG2-03121,Male,0,Yes,Yes,20,Yes,No,Fiber optic,No,No,No,No,Yes,Yes,Month-to-month,Yes,Electronic check,97.33,1959.08,Yes,Region2_Suburban_Cohort
REG2-03122,Male,0,No,No,5,Yes,No,Fiber optic,Yes,No,No,Yes,No,No,Month-to-month,Yes,Credit card (automatic),86.1,447.79,Yes,Region2_Suburban_Cohort
REG2-03123,Male,0,No,No,45,Yes,Yes,Fiber optic,Yes,No,No,No,No,Yes,Two year,Yes,Bank transfer (automatic),105.44,4843.76,No,Region2_Suburban_Cohort
REG2-03124,Female,0,Yes,No,18,Yes,Yes,Fiber optic,No,No,No,No,No,Yes,One year,No,Mailed check,100.35,1884.37,No,Region2_Suburban_Cohort
REG2-03125,Female,0,No,No,23,Yes,Yes,No,No internet service,No internet service,No internet service,No internet service,No internet service,No internet service,One year,Yes,Bank transfer (automatic),39.01,895.36,No,Region2_Suburban_Cohort
REG2-03126,Female,0,Yes,No,4,No,No phone service,DSL,No,No,Yes,No,Yes,Yes,Month-to-month,Yes,Electronic check,79.59,333.51,Yes,Region2_Suburban_Cohort
REG2-03127,Male,0,No,No,10,No,No phone service,Fiber optic,No,Yes,Yes,No,Yes,Yes,Month-to-month,Yes,Bank transfer (automatic),103.62,1040.3,Yes,Region2_Suburban_Cohort
REG2-03128,Female,0,No,No,14,No,No phone service,DSL,No,No,Yes,No,Yes,Yes,Month-to-month,No,Electronic check,76.04,1079.98,Yes,Region2_Suburban_Cohort
REG2-03129,Female,0,No,No,46,No,No phone service,DSL,No,Yes,No,No,Yes,Yes,One year,Yes,Bank transfer (automatic),75.06,3308.63,No,Region2_Suburban_Cohort
REG2-03130,Female,0,No,No,41,Yes,No,Fiber optic,Yes,Yes,No,No,Yes,No,Two year,Yes,Bank transfer (automatic),98.3,4075.29,No,Region2_Suburban_Cohort
REG2-03131,Female,0,Yes,Yes,7,Yes,No,No,No internet service,No internet service,No internet service,No internet service,No internet service,No internet service,One year,Yes,Electronic check,29.22,210.02,No,Region2_Suburban_Cohort
REG2-03132,Female,0,No,No,26,Yes,Yes,Fiber optic,Yes,Yes,Yes,No,Yes,Yes,Month-to-month,Yes,Mailed check,134.76,3482.49,Yes,Region2_Suburban_Cohort
REG2-03133,Female,0,Yes,No,7,Yes,No,DSL,Yes,No,Yes,Yes,No,No,Month-to-month,Yes,Electronic check,79.9,559.44,No,Region2_Suburban_Cohort
REG2-03134,Male,0,Yes,No,72,Yes,Yes,Fiber optic,Yes,No,No,No,No,No,One year,Yes,Electronic check,93.04,6627.42,Yes,Region2_Suburban_Cohort
REG2-03135,Female,0,Yes,No,72,Yes,Yes,DSL,No,Yes,No,No,No,Yes,Month-to-month,Yes,Credit card (automatic),82.86,6245.75,No,Region2_Suburban_Cohort
REG2-03136,Female,1,Yes,No,23,No,No phone service,DSL,No,No,No,No,No,No,Two year,No,Mailed check,49.23,1129.64,No,Region2_Suburban_Cohort
REG2-03137,Female,0,No,No,33,Yes,Yes,Fiber optic,No,Yes,Yes,Yes,Yes,Yes,Month-to-month,Yes,Mailed check,135.4,4301.18,Yes,Region2_Suburban_Cohort
REG2-03138,Female,0,No,No,45,Yes,Yes,No,No internet service,No internet service,No internet service,No internet service,No internet service,No internet service,One year,No,Bank transfer (automatic),41.75,1790.24,No,Region2_Suburban_Cohort
REG2-03139,Male,0,No,No,35,Yes,Yes,Fiber optic,No,No,No,No,No,Yes,One year,Yes,Mailed check,101.57,3651.81,No,Region2_Suburban_Cohort
REG2-03140,Male,0,Yes,No,33,Yes,Yes,DSL,No,Yes,No,No,Yes,Yes,Month-to-month,Yes,Mailed check,96.5,3199.68,No,Region2_Suburban_Cohort
REG2-03141,Female,0,Yes,No,72,Yes,No,No,No internet service,No internet service,No internet service,No internet service,No internet service,No internet service,One year,Yes,Electronic check,27.09,1853.5,Yes,Region2_Suburban_Cohort
REG2-03142,Female,0,No,No,25,Yes,No,No,No internet service,No internet service,No internet service,No internet service,No internet service,No internet service,Month-to-month,No,Bank transfer (automatic),31.52,778.74,No,Region2_Suburban_Cohort
REG2-03143,Female,1,Yes,No,28,Yes,Yes,Fiber optic,Yes,Yes,Yes,No,Yes,No,Month-to-month,Yes,Bank transfer (automatic),127.43,3715.77,Yes,Region2_Suburban_Cohort
REG2-03144,Male,0,No,No,52,Yes,No,Fiber optic,No,No,Yes,Yes,Yes,No,Month-to-month,Yes,Credit card (automatic),99.4,5400.24,Yes,Region2_Suburban_Cohort
REG2-03145,Male,0,No,No,31,Yes,No,DSL,No,No,Yes,Yes,No,No,Two year,Yes,Electronic check,70.84,2098.0,No,Region2_Suburban_Cohort
REG2-03146,Female,1,No,No,36,Yes,Yes,Fiber optic,No,No,No,Yes,Yes,Yes,Two year,Yes,Electronic check,119.76,4149.0,No,Region2_Suburban_Cohort
REG2-03147,Female,1,Yes,No,7,Yes,No,DSL,No,Yes,No,No,No,No,One year,Yes,Credit card (automatic),64.01,425.88,Yes,Region2_Suburban_Cohort
REG2-03148,Female,0,No,No,12,Yes,No,DSL,Yes,Yes,No,No,No,Yes,One year,Yes,Bank transfer (automatic),82.11,1021.65,No,Region2_Suburban_Cohort
REG2-03149,Male,1,Yes,No,4,Yes,No,DSL,Yes,No,No,Yes,Yes,No,Month-to-month,No,Credit card (automatic),80.58,308.49,Yes,Region2_Suburban_Cohort
REG2-03150,Female,0,No,No,19,Yes,No,Fiber optic,No,No,No,Yes,No,Yes,Month-to-month,No,Mailed check,89.69,1637.29,Yes,Region2_Suburban_Cohort
REG2-03151,Male,1,Yes,Yes,17,Yes,No,DSL,Yes,Yes,No,No,No,No,One year,Yes,Mailed check,75.9,1255.16,Yes,Region2_Suburban_Cohort
REG2-03152,Female,0,Yes,Yes,72,Yes,Yes,No,No internet service,No internet service,No internet service,No internet service,No internet service,No internet service,Month-to-month,Yes,Mailed check,45.86,3439.69,No,Region2_Suburban_Cohort
REG2-03153,Male,0,Yes,No,26,Yes,No,DSL,No,Yes,No,No,No,Yes,Month-to-month,Yes,Electronic check,73.2,1939.02,Yes,Region2_Suburban_Cohort
REG2-03154,Male,0,No,No,43,Yes,Yes,DSL,No,Yes,Yes,No,Yes,No,Two year,No,Mailed check,94.89,4127.96,Yes,Region2_Suburban_Cohort
REG2-03155,Female,0,Yes,No,11,Yes,No,Fiber optic,No,Yes,No,No,Yes,No,Month-to-month,No,Electronic check,93.32,1055.74,Yes,Region2_Suburban_Cohort
REG2-03156,Female,0,Yes,Yes,49,Yes,Yes,Fiber optic,No,No,No,Yes,No,No,Month-to-month,Yes,Mailed check,94.09,4699.52,No,Region2_Suburban_Cohort
REG2-03157,Male,0,Yes,Yes,26,Yes,Yes,Fiber optic,Yes,Yes,Yes,Yes,Yes,Yes,Month-to-month,No,Credit card (automatic),142.48,3795.58,Yes,Region2_Suburban_Cohort
REG2-03158,Female,0,No,No,33,Yes,No,DSL,Yes,Yes,No,No,No,Yes,Month-to-month,Yes,Electronic check,79.8,2521.13,No,Region2_Suburban_Cohort
REG2-03159,Male,0,No,No,9,Yes,Yes,Fiber optic,No,No,No,No,No,Yes,Month-to-month,Yes,Electronic check,98.66,895.91,Yes,Region2_Suburban_Cohort
REG2-03160,Male,0,No,No,22,Yes,No,DSL,Yes,No,Yes,No,Yes,No,Two year,No,Credit card (automatic),83.12,1874.94,No,Region2_Suburban_Cohort
REG2-03161,Male,0,No,No,28,Yes,Yes,DSL,No,No,Yes,Yes,No,No,One year,Yes,Electronic check,78.74,2219.2,No,Region2_Suburban_Cohort
REG2-03162,Male,0,Yes,No,24,Yes,No,DSL,No,Yes,Yes,Yes,Yes,No,One year,Yes,Mailed check,89.04,2032.63,Yes,Region2_Suburban_Cohort
REG2-03163,Male,0,Yes,No,69,Yes,Yes,Fiber optic,Yes,No,No,No,No,No,One year,Yes,Credit card (automatic),91.33,6119.72,No,Region2_Suburban_Cohort
REG2-03164,Male,1,No,No,63,No,No phone service,DSL,No,No,Yes,No,No,No,Month-to-month,No,Electronic check,50.22,3310.32,No,Region2_Suburban_Cohort
REG2-03165,Male,0,Yes,No,72,Yes,Yes,DSL,No,No,No,No,No,Yes,Two year,Yes,Credit card (automatic),78.25,5749.32,Yes,Region2_Suburban_Cohort
REG2-03166,Female,0,Yes,Yes,30,Yes,Yes,Fiber optic,No,Yes,No,No,Yes,Yes,Month-to-month,Yes,Mailed check,118.45,3620.49,Yes,Region2_Suburban_Cohort
REG2-03167,Male,0,Yes,Yes,72,Yes,No,Fiber optic,No,Yes,Yes,No,No,Yes,One year,Yes,Electronic check,102.47,7496.07,Yes,Region2_Suburban_Cohort
REG2-03168,Female,0,Yes,No,50,Yes,No,DSL,Yes,No,Yes,Yes,Yes,No,Two year,Yes,Credit card (automatic),96.08,4625.2,No,Region2_Suburban_Cohort
REG2-03169,Male,0,Yes,No,8,Yes,No,Fiber optic,Yes,Yes,No,Yes,No,Yes,One year,No,Bank transfer (automatic),111.63,848.75,Yes,Region2_Suburban_Cohort
REG2-03170,Female,0,Yes,Yes,15,Yes,No,Fiber optic,No,No,No,No,No,No,One year,Yes,Bank transfer (automatic),75.82,1130.55,No,Region2_Suburban_Cohort
REG2-03171,Male,0,Yes,Yes,7,Yes,No,Fiber optic,No,No,No,No,Yes,No,Two year,No,Mailed check,87.16,606.72,No,Region2_Suburban_Cohort
REG2-03172,Male,0,Yes,Yes,1,Yes,No,Fiber optic,No,Yes,No,Yes,Yes,No,Month-to-month,No,Electronic check,99.26,102.35,Yes,Region2_Suburban_Cohort
REG2-03173,Male,0,Yes,Yes,5,Yes,Yes,No,No internet service,No internet service,No internet service,No internet service,No internet service,No internet service,Month-to-month,Yes,Electronic check,41.56,201.18,Yes,Region2_Suburban_Cohort
REG2-03174,Male,0,Yes,No,1,Yes,Yes,DSL,Yes,No,Yes,No,No,No,Month-to-month,Yes,Electronic check,82.88,81.02,Yes,Region2_Suburban_Cohort
REG2-03175,Male,1,Yes,No,35,Yes,Yes,DSL,No,Yes,Yes,No,No,No,Two year,No,Electronic check,84.71,2839.81,No,Region2_Suburban_Cohort
REG2-03176,Female,0,No,No,15,Yes,Yes,No,No internet service,No internet service,No internet service,No internet service,No internet service,No internet service,One year,Yes,Electronic check,39.1,580.63,No,Region2_Suburban_Cohort
REG2-03177,Female,0,Yes,No,10,Yes,No,DSL,No,No,No,No,Yes,No,Month-to-month,No,Electronic check,65.45,638.53,Yes,Region2_Suburban_Cohort
REG2-03178,Female,0,No,No,40,Yes,No,DSL,Yes,No,Yes,No,Yes,Yes,One year,No,Electronic check,92.15,3598.6,No,Region2_Suburban_Cohort
REG2-03179,Female,0,No,No,50,Yes,No,Fiber optic,No,No,No,No,Yes,Yes,One year,No,Electronic check,97.2,4740.47,Yes,Region2_Suburban_Cohort
REG2-03180,Male,0,No,No,72,Yes,No,DSL,No,No,No,Yes,No,Yes,One year,No,Bank transfer (automatic),74.13,5194.06,No,Region2_Suburban_Cohort
REG2-03181,Male,0,Yes,No,28,Yes,No,Fiber optic,Yes,No,Yes,No,Yes,No,Month-to-month,Yes,Electronic check,99.88,2746.24,Yes,Region2_Suburban_Cohort
REG2-03182,Male,1,Yes,No,17,Yes,No,Fiber optic,No,Yes,Yes,Yes,Yes,No,Month-to-month,Yes,Mailed check,112.94,1927.02,Yes,Region2_Suburban_Cohort
REG2-03183,Male,0,Yes,No,10,Yes,Yes,Fiber optic,No,Yes,No,No,No,Yes,Month-to-month,Yes,Mailed check,104.41,1037.6,Yes,Region2_Suburban_Cohort
REG2-03184,Female,0,No,No,7,Yes,Yes,Fiber optic,No,No,No,Yes,No,No,Month-to-month,Yes,Credit card (automatic),96.6,646.68,Yes,Region2_Suburban_Cohort
REG2-03185,Female,0,Yes,Yes,6,Yes,Yes,Fiber optic,No,Yes,No,No,Yes,No,One year,Yes,Bank transfer (automatic),105.76,629.86,No,Region2_Suburban_Cohort
REG2-03186,Male,0,No,No,14,Yes,Yes,Fiber optic,Yes,No,No,Yes,Yes,Yes,Month-to-month,Yes,Credit card (automatic),125.7,1820.74,Yes,Region2_Suburban_Cohort
REG2-03187,Male,0,No,No,72,Yes,No,No,No internet service,No internet service,No internet service,No internet service,No internet service,No internet service,Two year,Yes,Bank transfer (automatic),32.02,2213.38,No,Region2_Suburban_Cohort
REG2-03188,Female,0,Yes,Yes,1,Yes,No,Fiber optic,Yes,Yes,No,No,No,No,Month-to-month,Yes,Electronic check,92.48,96.59,Yes,Region2_Suburban_Cohort
REG2-03189,Female,0,Yes,No,6,Yes,Yes,DSL,Yes,Yes,No,No,Yes,Yes,Month-to-month,Yes,Mailed check,108.05,635.89,Yes,Region2_Suburban_Cohort
REG2-03190,Male,0,No,No,5,Yes,No,DSL,No,No,No,Yes,No,Yes,Month-to-month,Yes,Bank transfer (automatic),70.59,335.82,Yes,Region2_Suburban_Cohort
REG2-03191,Female,0,Yes,Yes,35,No,No phone service,DSL,No,Yes,No,No,No,No,Month-to-month,Yes,Mailed check,55.97,1910.59,No,Region2_Suburban_Cohort
REG2-03192,Female,0,Yes,No,12,Yes,No,Fiber optic,No,Yes,No,No,No,Yes,Two year,No,Mailed check,98.59,1132.17,No,Region2_Suburban_Cohort
REG2-03193,Male,0,No,No,17,No,No phone service,No,No internet service,No internet service,No internet service,No internet service,No internet service,No internet service,Two year,Yes,Bank transfer (automatic),19.26,329.59,No,Region2_Suburban_Cohort
REG2-03194,Male,0,Yes,No,4,Yes,Yes,Fiber optic,Yes,No,No,Yes,Yes,No,Month-to-month,No,Electronic check,112.51,441.77,Yes,Region2_Suburban_Cohort
REG2-03195,Male,0,No,No,14,Yes,Yes,DSL,Yes,No,No,Yes,No,Yes,One year,No,Credit card (automatic),91.89,1325.94,No,Region2_Suburban_Cohort
REG2-03196,Female,0,No,No,3,Yes,No,DSL,No,No,No,No,No,No,Month-to-month,No,Mailed check,54.16,166.26,Yes,Region2_Suburban_Cohort
REG2-03197,Female,0,No,No,21,Yes,No,Fiber optic,No,No,No,Yes,No,No,Month-to-month,Yes,Bank transfer (automatic),80.18,1678.49,No,Region2_Suburban_Cohort
REG2-03198,Male,0,Yes,Yes,2,No,No phone service,Fiber optic,No,No,No,Yes,No,No,One year,No,Credit card (automatic),72.36,145.6,Yes,Region2_Suburban_Cohort
REG2-03199,Male,0,Yes,Yes,43,Yes,Yes,Fiber optic,No,No,No,No,Yes,No,Two year,Yes,Credit card (automatic),97.52,4238.97,No,Region2_Suburban_Cohort
REG2-03200,Female,0,No,No,23,Yes,Yes,No,No internet service,No internet service,No internet service,No internet service,No internet service,No internet service,Month-to-month,No,Mailed check,38.57,866.77,No,Region2_Suburban_Cohort
REG2-03201,Male,0,Yes,No,36,Yes,Yes,DSL,No,Yes,No,Yes,No,No,Two year,Yes,Credit card (automatic),81.23,2818.82,No,Region2_Suburban_Cohort
REG2-03202,Male,0,Yes,No,15,Yes,Yes,No,No internet service,No internet service,No internet service,No internet service,No internet service,No internet service,One year,No,Bank transfer (automatic),42.13,624.15,No,Region2_Suburban_Cohort
REG2-03203,Female,0,Yes,No,13,Yes,No,Fiber optic,Yes,No,Yes,No,No,No,Two year,No,Mailed check,88.63,1105.51,Yes,Region2_Suburban_Cohort
REG2-03204,Female,0,Yes,No,2,Yes,Yes,Fiber optic,No,No,Yes,No,No,Yes,Month-to-month,Yes,Credit card (automatic),106.03,208.13,Yes,Region2_Suburban_Cohort
REG2-03205,Female,0,Yes,Yes,20,No,No phone service,Fiber optic,Yes,Yes,Yes,No,No,No,One year,No,Electronic check,91.15,1832.59,No,Region2_Suburban_Cohort
REG2-03206,Female,1,No,No,20,Yes,Yes,No,No internet service,No internet service,No internet service,No internet service,No internet service,No internet service,Two year,Yes,Mailed check,40.03,803.81,No,Region2_Suburban_Cohort
REG2-03207,Female,0,Yes,Yes,17,Yes,Yes,Fiber optic,No,No,No,No,Yes,No,One year,Yes,Mailed check,96.59,1579.73,Yes,Region2_Suburban_Cohort
REG2-03208,Male,0,Yes,No,37,Yes,No,Fiber optic,No,No,No,No,No,Yes,One year,Yes,Bank transfer (automatic),87.22,3068.47,Yes,Region2_Suburban_Cohort
REG2-03209,Female,1,No,No,50,Yes,Yes,No,No internet service,No internet service,No internet service,No internet service,No internet service,No internet service,Month-to-month,Yes,Electronic check,44.82,2148.88,No,Region2_Suburban_Cohort
REG2-03210,Male,0,No,No,38,Yes,Yes,DSL,Yes,Yes,No,No,No,Yes,One year,Yes,Bank transfer (automatic),96.0,3478.79,No,Region2_Suburban_Cohort
REG2-03211,Female,0,Yes,Yes,4,Yes,No,DSL,Yes,Yes,Yes,Yes,Yes,Yes,Month-to-month,Yes,Mailed check,109.24,432.61,Yes,Region2_Suburban_Cohort
REG2-03212,Male,0,Yes,No,27,Yes,Yes,Fiber optic,No,No,Yes,No,No,No,Two year,Yes,Electronic check,93.23,2489.46,No,Region2_Suburban_Cohort
REG2-03213,Female,1,No,No,2,Yes,Yes,DSL,No,No,No,Yes,Yes,No,Month-to-month,No,Credit card (automatic),85.7,166.97,Yes,Region2_Suburban_Cohort
REG2-03214,Male,1,No,No,33,Yes,Yes,No,No internet service,No internet service,No internet service,No internet service,No internet service,No internet service,One year,Yes,Electronic check,41.09,1317.39,Yes,Region2_Suburban_Cohort
REG2-03215,Male,0,No,No,13,Yes,No,DSL,No,No,No,Yes,Yes,Yes,One year,Yes,Mailed check,93.16,1198.54,No,Region2_Suburban_Cohort
REG2-03216,Male,0,No,No,3,Yes,No,Fiber optic,Yes,Yes,No,No,Yes,Yes,Month-to-month,Yes,Electronic check,115.23,331.4,Yes,Region2_Suburban_Cohort
REG2-03217,Male,0,Yes,No,55,Yes,Yes,Fiber optic,Yes,Yes,Yes,Yes,No,Yes,Two year,Yes,Bank transfer (automatic),135.47,7237.99,No,Region2_Suburban_Cohort
REG2-03218,Female,0,No,No,26,Yes,Yes,Fiber optic,Yes,No,Yes,Yes,Yes,Yes,Month-to-month,No,Credit card (automatic),137.05,3529.7,Yes,Region2_Suburban_Cohort
REG2-03219,Female,0,Yes,Yes,12,Yes,Yes,DSL,No,No,No,No,Yes,Yes,Month-to-month,Yes,Credit card (automatic),84.67,974.87,Yes,Region2_Suburban_Cohort
REG2-03220,Female,0,No,No,1,Yes,No,Fiber optic,No,No,Yes,No,No,No,Month-to-month,Yes,Electronic check,81.72,84.51,Yes,Region2_Suburban_Cohort
REG2-03221,Male,0,No,No,21,Yes,No,DSL,Yes,Yes,Yes,No,No,No,Month-to-month,No,Mailed check,78.82,1684.35,Yes,Region2_Suburban_Cohort
REG2-03222,Male,1,No,No,71,No,No phone service,DSL,No,No,Yes,No,No,Yes,Month-to-month,Yes,Bank transfer (automatic),65.41,4589.83,No,Region2_Suburban_Cohort
REG2-03223,Male,0,Yes,Yes,25,Yes,No,DSL,Yes,No,Yes,No,No,No,One year,Yes,Bank transfer (automatic),71.16,1716.81,No,Region2_Suburban_Cohort
REG2-03224,Male,0,Yes,No,72,Yes,No,Fiber optic,No,No,Yes,No,No,No,Month-to-month,No,Bank transfer (automatic),78.69,5492.42,No,Region2_Suburban_Cohort
REG2-03225,Female,0,No,No,4,Yes,No,DSL,No,No,No,No,Yes,Yes,Month-to-month,Yes,Bank transfer (automatic),74.59,287.02,Yes,Region2_Suburban_Cohort
REG2-03226,Male,0,No,No,23,Yes,No,DSL,No,Yes,No,Yes,No,No,Two year,Yes,Electronic check,70.88,1574.83,No,Region2_Suburban_Cohort
REG2-03227,Male,0,No,No,44,Yes,No,Fiber optic,No,No,Yes,No,No,No,Two year,Yes,Electronic check,81.98,3579.17,No,Region2_Suburban_Cohort
REG2-03228,Male,1,Yes,Yes,20,No,No phone service,No,No internet service,No internet service,No internet service,No internet service,No internet service,No internet service,One year,Yes,Bank transfer (automatic),23.18,451.81,No,Region2_Suburban_Cohort
REG2-03229,Male,0,Yes,Yes,2,Yes,Yes,Fiber optic,Yes,No,Yes,No,No,No,Month-to-month,Yes,Mailed check,103.01,213.94,Yes,Region2_Suburban_Cohort
REG2-03230,Female,0,Yes,Yes,24,No,No phone service,DSL,No,Yes,Yes,No,No,No,One year,Yes,Mailed check,62.92,1579.68,Yes,Region2_Suburban_Cohort
REG2-03231,Female,0,Yes,Yes,26,Yes,Yes,Fiber optic,No,No,No,No,Yes,No,One year,No,Mailed check,100.62,2666.18,No,Region2_Suburban_Cohort
REG2-03232,Male,1,No,No,36,Yes,No,DSL,No,No,No,No,Yes,No,Two year,Yes,Mailed check,66.82,2479.79,No,Region2_Suburban_Cohort
REG2-03233,Male,0,Yes,No,40,Yes,No,DSL,No,Yes,Yes,No,No,Yes,One year,No,Bank transfer (automatic),85.75,3346.01,Yes,Region2_Suburban_Cohort
REG2-03234,Male,0,No,No,41,Yes,No,Fiber optic,No,No,Yes,No,No,Yes,One year,Yes,Electronic check,93.83,3910.52,Yes,Region2_Suburban_Cohort
REG2-03235,Male,0,No,No,30,Yes,Yes,DSL,Yes,Yes,Yes,No,No,No,Two year,Yes,Bank transfer (automatic),90.86,2605.32,No,Region2_Suburban_Cohort
REG2-03236,Male,1,No,No,6,Yes,No,DSL,No,No,Yes,No,No,Yes,Month-to-month,No,Electronic check,75.17,471.78,Yes,Region2_Suburban_Cohort
REG2-03237,Female,0,Yes,No,14,Yes,Yes,DSL,No,No,No,No,Yes,No,Month-to-month,Yes,Bank transfer (automatic),76.88,1094.64,Yes,Region2_Suburban_Cohort
REG2-03238,Female,0,No,No,41,Yes,No,Fiber optic,Yes,No,No,Yes,Yes,Yes,One year,Yes,Credit card (automatic),112.1,4511.92,No,Region2_Suburban_Cohort
REG2-03239,Female,1,Yes,No,72,Yes,Yes,Fiber optic,Yes,No,No,No,No,No,One year,Yes,Bank transfer (automatic),91.77,6787.85,No,Region2_Suburban_Cohort
REG2-03240,Male,0,No,No,2,Yes,Yes,DSL,Yes,No,No,No,No,Yes,Month-to-month,Yes,Mailed check,84.38,160.59,Yes,Region2_Suburban_Cohort
REG2-03241,Male,0,Yes,Yes,21,Yes,Yes,Fiber optic,No,No,Yes,No,Yes,Yes,One year,Yes,Electronic check,118.66,2461.02,No,Region2_Suburban_Cohort
REG2-03242,Female,0,Yes,No,10,Yes,No,DSL,Yes,No,No,Yes,No,Yes,Month-to-month,No,Electronic check,83.76,870.74,No,Region2_Suburban_Cohort
REG2-03243,Female,1,Yes,No,7,No,No phone service,Fiber optic,Yes,Yes,No,No,No,Yes,Month-to-month,No,Electronic check,89.85,614.06,Yes,Region2_Suburban_Cohort
REG2-03244,Female,0,Yes,Yes,19,Yes,No,Fiber optic,No,No,No,No,No,Yes,One year,No,Electronic check,87.13,1683.27,Yes,Region2_Suburban_Cohort
REG2-03245,Male,1,No,No,26,No,No phone service,No,No internet service,No internet service,No internet service,No internet service,No internet service,No internet service,One year,No,Bank transfer (automatic),19.36,496.32,No,Region2_Suburban_Cohort
REG2-03246,Male,0,Yes,No,1,Yes,Yes,DSL,No,No,No,Yes,Yes,No,Two year,No,Credit card (automatic),89.32,88.36,No,Region2_Suburban_Cohort
REG2-03247,Male,0,No,No,42,Yes,Yes,DSL,No,No,Yes,Yes,No,Yes,Month-to-month,Yes,Electronic check,93.74,4033.91,No,Region2_Suburban_Cohort
REG2-03248,Female,1,No,No,47,Yes,No,No,No internet service,No internet service,No internet service,No internet service,No internet service,No internet service,One year,Yes,Electronic check,33.96,1661.59,Yes,Region2_Suburban_Cohort
REG2-03249,Female,0,Yes,Yes,72,Yes,Yes,DSL,No,No,No,No,Yes,No,Month-to-month,No,Credit card (automatic),80.9,5630.67,No,Region2_Suburban_Cohort
REG2-03250,Female,0,No,No,5,Yes,No,DSL,No,No,Yes,Yes,No,No,One year,Yes,Bank transfer (automatic),70.17,343.02,No,Region2_Suburban_Cohort
REG2-03251,Male,0,Yes,Yes,25,Yes,No,No,No internet service,No internet service,No internet service,No internet service,No internet service,No internet service,One year,Yes,Mailed check,28.63,714.88,No,Region2_Suburban_Cohort
REG2-03252,Female,0,Yes,Yes,15,Yes,Yes,DSL,No,No,No,Yes,Yes,No,Two year,Yes,Credit card (automatic),89.21,1353.38,No,Region2_Suburban_Cohort
REG2-03253,Male,0,Yes,Yes,11,Yes,No,DSL,No,No,No,No,Yes,No,Two year,No,Bank transfer (automatic),66.16,725.42,No,Region2_Suburban_Cohort
REG2-03254,Male,0,No,No,23,Yes,Yes,Fiber optic,Yes,Yes,No,No,No,No,One year,No,Bank transfer (automatic),103.1,2443.75,No,Region2_Suburban_Cohort
REG2-03255,Male,0,Yes,No,42,Yes,No,No,No internet service,No internet service,No internet service,No internet service,No internet service,No internet service,Month-to-month,No,Bank transfer (automatic),28.72,1238.58,No,Region2_Suburban_Cohort
REG2-03256,Female,1,No,No,1,Yes,Yes,Fiber optic,Yes,No,Yes,Yes,Yes,Yes,Month-to-month,Yes,Electronic check,133.61,132.34,Yes,Region2_Suburban_Cohort
REG2-03257,Male,0,Yes,No,72,Yes,No,Fiber optic,No,Yes,No,No,No,No,Month-to-month,Yes,Mailed check,79.94,5491.27,Yes,Region2_Suburban_Cohort
REG2-03258,Male,1,No,No,46,Yes,No,Fiber optic,No,No,No,No,Yes,No,Two year,Yes,Electronic check,90.42,4032.25,Yes,Region2_Suburban_Cohort
REG2-03259,Female,0,Yes,No,38,Yes,No,Fiber optic,No,Yes,No,No,No,Yes,Month-to-month,No,Mailed check,94.01,3567.72,Yes,Region2_Suburban_Cohort
REG2-03260,Male,0,No,No,40,Yes,Yes,Fiber optic,No,No,No,No,No,Yes,Two year,No,Electronic check,99.34,4143.48,Yes,Region2_Suburban_Cohort
REG2-03261,Male,0,No,No,13,Yes,Yes,DSL,No,Yes,No,Yes,No,Yes,Month-to-month,No,Mailed check,96.23,1259.44,Yes,Region2_Suburban_Cohort
REG2-03262,Male,0,No,No,38,Yes,No,DSL,No,Yes,Yes,No,No,No,Month-to-month,Yes,Mailed check,74.39,2835.41,No,Region2_Suburban_Cohort
REG2-03263,Male,0,No,No,13,Yes,No,Fiber optic,No,No,Yes,Yes,No,No,Month-to-month,Yes,Electronic check,89.6,1190.89,Yes,Region2_Suburban_Cohort
REG2-03264,Female,0,No,No,64,Yes,Yes,DSL,No,No,Yes,No,No,No,Two year,Yes,Electronic check,69.24,4277.28,No,Region2_Suburban_Cohort
REG2-03265,Male,1,Yes,No,5,Yes,Yes,DSL,No,Yes,Yes,Yes,No,Yes,Month-to-month,Yes,Bank transfer (automatic),103.23,497.93,No,Region2_Suburban_Cohort
REG2-03266,Male,1,Yes,Yes,9,No,No phone service,DSL,No,No,Yes,No,No,No,Month-to-month,Yes,Mailed check,54.25,480.7,Yes,Region2_Suburban_Cohort
REG2-03267,Female,0,Yes,No,22,Yes,Yes,Fiber optic,No,No,No,Yes,Yes,Yes,One year,Yes,Credit card (automatic),117.65,2716.38,Yes,Region2_Suburban_Cohort
REG2-03268,Female,1,Yes,No,10,Yes,No,No,No internet service,No internet service,No internet service,No internet service,No internet service,No internet service,Two year,No,Credit card (automatic),31.37,325.49,No,Region2_Suburban_Cohort
REG2-03269,Female,0,Yes,Yes,15,Yes,Yes,Fiber optic,No,Yes,No,No,No,No,Two year,No,Electronic check,95.0,1450.67,No,Region2_Suburban_Cohort
REG2-03270,Male,0,Yes,No,18,Yes,Yes,Fiber optic,Yes,No,No,Yes,Yes,Yes,One year,Yes,Mailed check,126.12,2245.45,No,Region2_Suburban_Cohort
REG2-03271,Male,1,Yes,No,54,Yes,Yes,Fiber optic,No,Yes,No,No,Yes,No,Two year,Yes,Bank transfer (automatic),110.32,5989.85,No,Region2_Suburban_Cohort
REG2-03272,Female,0,No,No,20,Yes,Yes,DSL,Yes,Yes,Yes,No,No,Yes,Month-to-month,Yes,Mailed check,102.2,2003.85,Yes,Region2_Suburban_Cohort
REG2-03273,Female,0,Yes,No,12,Yes,Yes,DSL,Yes,No,No,Yes,No,No,One year,Yes,Credit card (automatic),87.14,1063.91,No,Region2_Suburban_Cohort
REG2-03274,Female,0,No,No,7,Yes,No,Fiber optic,Yes,Yes,Yes,No,Yes,No,Month-to-month,Yes,Bank transfer (automatic),111.08,771.25,Yes,Region2_Suburban_Cohort
REG2-03275,Female,0,Yes,No,14,No,No phone service,Fiber optic,No,No,Yes,No,No,No,Month-to-month,No,Bank transfer (automatic),70.92,955.17,Yes,Region2_Suburban_Cohort
REG2-03276,Female,0,No,No,20,Yes,Yes,DSL,No,No,No,No,Yes,No,One year,Yes,Credit card (automatic),74.24,1442.5,No,Region2_Suburban_Cohort
REG2-03277,Male,0,No,No,38,Yes,No,DSL,No,Yes,No,No,Yes,No,One year,Yes,Electronic check,77.98,2995.45,Yes,Region2_Suburban_Cohort
REG2-03278,Male,1,Yes,No,3,Yes,Yes,Fiber optic,Yes,No,Yes,No,Yes,Yes,Month-to-month,Yes,Bank transfer (automatic),129.39,395.72,Yes,Region2_Suburban_Cohort
REG2-03279,Female,0,Yes,No,7,No,No phone service,No,No internet service,No internet service,No internet service,No internet service,No internet service,No internet service,Month-to-month,No,Electronic check,21.99,147.71,Yes,Region2_Suburban_Cohort
REG2-03280,Male,0,Yes,No,13,Yes,Yes,No,No internet service,No internet service,No internet service,No internet service,No internet service,No internet service,Two year,No,Electronic check,45.21,605.85,Yes,Region2_Suburban_Cohort
REG2-03281,Male,0,Yes,Yes,12,Yes,Yes,Fiber optic,Yes,No,Yes,No,Yes,No,Month-to-month,No,Electronic check,119.49,1480.39,Yes,Region2_Suburban_Cohort
REG2-03282,Female,0,No,No,13,Yes,No,DSL,No,Yes,Yes,No,No,No,Month-to-month,Yes,Bank transfer (automatic),65.65,872.49,Yes,Region2_Suburban_Cohort
REG2-03283,Female,0,No,No,44,Yes,No,Fiber optic,Yes,No,Yes,Yes,No,Yes,Two year,Yes,Credit card (automatic),106.58,4775.61,No,Region2_Suburban_Cohort
REG2-03284,Male,0,Yes,Yes,10,Yes,Yes,DSL,No,No,Yes,No,No,Yes,Month-to-month,No,Electronic check,86.3,839.86,Yes,Region2_Suburban_Cohort
REG2-03285,Male,1,Yes,Yes,19,Yes,Yes,Fiber optic,No,Yes,No,No,No,No,Two year,Yes,Bank transfer (automatic),97.45,1929.25,No,Region2_Suburban_Cohort
REG2-03286,Male,1,Yes,No,27,Yes,No,Fiber optic,No,Yes,No,Yes,Yes,No,Two year,Yes,Electronic check,103.72,2735.63,No,Region2_Suburban_Cohort
REG2-03287,Female,0,Yes,Yes,7,Yes,No,DSL,No,No,Yes,No,No,No,Month-to-month,Yes,Electronic check,63.73,431.95,Yes,Region2_Suburban_Cohort
REG2-03288,Female,1,No,No,35,Yes,Yes,DSL,No,Yes,No,No,No,Yes,One year,Yes,Credit card (automatic),85.89,3047.8,Yes,Region2_Suburban_Cohort
REG2-03289,Male,0,Yes,No,22,Yes,No,Fiber optic,Yes,No,Yes,Yes,Yes,Yes,Two year,Yes,Electronic check,120.88,2623.22,Yes,Region2_Suburban_Cohort
REG2-03290,Male,1,No,No,16,Yes,Yes,Fiber optic,Yes,Yes,No,Yes,No,No,One year,No,Electronic check,110.76,1848.9,Yes,Region2_Suburban_Cohort
REG2-03291,Female,0,Yes,Yes,46,Yes,Yes,Fiber optic,No,Yes,No,No,Yes,Yes,Month-to-month,Yes,Electronic check,118.36,5422.92,Yes,Region2_Suburban_Cohort
REG2-03292,Male,0,Yes,No,7,Yes,Yes,DSL,Yes,Yes,No,No,No,No,One year,No,Electronic check,81.88,553.89,Yes,Region2_Suburban_Cohort
REG2-03293,Female,0,No,No,60,Yes,Yes,DSL,No,Yes,No,No,Yes,No,Month-to-month,No,Mailed check,88.57,5557.34,Yes,Region2_Suburban_Cohort
REG2-03294,Female,0,Yes,No,23,Yes,No,DSL,No,No,Yes,No,No,Yes,Month-to-month,Yes,Electronic check,74.98,1727.2,Yes,Region2_Suburban_Cohort
REG2-03295,Male,0,No,No,26,Yes,Yes,DSL,Yes,No,No,Yes,No,No,Two year,Yes,Mailed check,84.11,2190.92,No,Region2_Suburban_Cohort
REG2-03296,Female,1,No,No,58,No,No phone service,DSL,No,No,No,No,No,No,One year,Yes,Mailed check,44.72,2564.14,No,Region2_Suburban_Cohort
REG2-03297,Male,0,Yes,No,47,Yes,No,DSL,Yes,No,No,Yes,Yes,No,Two year,No,Bank transfer (automatic),84.72,4115.63,No,Region2_Suburban_Cohort
REG2-03298,Male,0,Yes,No,25,Yes,No,DSL,No,Yes,No,Yes,No,Yes,Month-to-month,Yes,Credit card (automatic),80.24,1963.4,Yes,Region2_Suburban_Cohort
REG2-03299,Female,0,No,No,39,Yes,Yes,DSL,Yes,No,No,No,Yes,No,Two year,No,Electronic check,83.46,3096.66,No,Region2_Suburban_Cohort
REG2-03300,Male,0,No,No,15,Yes,Yes,No,No internet service,No internet service,No internet service,No internet service,No internet service,No internet service,Month-to-month,No,Mailed check,41.16,617.23,No,Region2_Suburban_Cohort
REG2-03301,Female,0,No,No,22,Yes,No,Fiber optic,Yes,Yes,Yes,Yes,No,Yes,Month-to-month,No,Mailed check,120.91,2773.31,Yes,Region2_Suburban_Cohort
REG2-03302,Female,0,Yes,No,1,Yes,Yes,Fiber optic,No,No,Yes,No,Yes,No,Month-to-month,No,Electronic check,106.09,103.68,Yes,Region2_Suburban_Cohort
REG2-03303,Male,0,No,No,2,Yes,Yes,Fiber optic,No,No,No,Yes,Yes,No,Month-to-month,Yes,Credit card (automatic),112.08,218.92,Yes,Region2_Suburban_Cohort
REG2-03304,Male,0,Yes,No,49,Yes,Yes,DSL,No,No,No,Yes,Yes,Yes,One year,Yes,Bank transfer (automatic),96.45,4838.58,Yes,Region2_Suburban_Cohort
REG2-03305,Male,0,No,No,1,Yes,Yes,Fiber optic,No,Yes,No,No,Yes,No,Month-to-month,Yes,Electronic check,106.52,109.45,Yes,Region2_Suburban_Cohort
REG2-03306,Male,0,No,No,5,Yes,No,Fiber optic,No,No,No,Yes,Yes,No,One year,Yes,Electronic check,90.41,449.14,Yes,Region2_Suburban_Cohort
REG2-03307,Male,0,Yes,Yes,44,Yes,No,No,No internet service,No internet service,No internet service,No internet service,No internet service,No internet service,One year,No,Electronic check,33.69,1531.82,No,Region2_Suburban_Cohort
REG2-03308,Male,0,No,No,1,Yes,Yes,No,No internet service,No internet service,No internet service,No internet service,No internet service,No internet service,Month-to-month,No,Credit card (automatic),41.7,40.33,Yes,Region2_Suburban_Cohort
REG2-03309,Male,0,Yes,Yes,9,Yes,No,No,No internet service,No internet service,No internet service,No internet service,No internet service,No internet service,Month-to-month,No,Bank transfer (automatic),24.11,214.1,Yes,Region2_Suburban_Cohort
REG2-03310,Female,0,No,No,24,Yes,No,Fiber optic,No,No,No,No,Yes,No,Two year,Yes,Mailed check,86.21,2049.23,Yes,Region2_Suburban_Cohort
REG2-03311,Female,0,Yes,Yes,25,Yes,Yes,No,No internet service,No internet service,No internet service,No internet service,No internet service,No internet service,One year,Yes,Electronic check,35.57,872.6,No,Region2_Suburban_Cohort
REG2-03312,Female,0,No,No,42,Yes,Yes,Fiber optic,No,No,No,No,No,Yes,Two year,Yes,Mailed check,102.05,4165.12,No,Region2_Suburban_Cohort
REG2-03313,Male,0,Yes,Yes,19,Yes,No,Fiber optic,Yes,Yes,Yes,No,No,Yes,Month-to-month,Yes,Credit card (automatic),108.72,2032.25,No,Region2_Suburban_Cohort
REG2-03314,Male,0,No,No,19,Yes,No,Fiber optic,No,No,Yes,Yes,No,Yes,One year,Yes,Mailed check,103.1,1864.48,Yes,Region2_Suburban_Cohort
REG2-03315,Female,0,No,No,36,Yes,Yes,DSL,No,No,No,Yes,No,No,Month-to-month,No,Electronic check,73.15,2686.95,Yes,Region2_Suburban_Cohort
REG2-03316,Male,0,Yes,Yes,19,Yes,Yes,Fiber optic,Yes,Yes,No,No,No,No,One year,No,Electronic check,102.5,1983.33,Yes,Region2_Suburban_Cohort
REG2-03317,Male,1,Yes,No,26,Yes,Yes,DSL,No,Yes,No,Yes,Yes,No,Month-to-month,No,Electronic check,97.01,2509.7,Yes,Region2_Suburban_Cohort
REG2-03318,Female,1,No,No,63,Yes,Yes,DSL,No,No,Yes,No,No,Yes,Two year,Yes,Electronic check,85.99,5321.44,Yes,Region2_Suburban_Cohort
REG2-03319,Female,0,Yes,Yes,14,Yes,No,Fiber optic,Yes,No,No,No,No,No,Month-to-month,Yes,Bank transfer (automatic),84.39,1173.67,Yes,Region2_Suburban_Cohort
REG2-03320,Female,0,No,No,13,No,No phone service,Fiber optic,No,Yes,No,Yes,Yes,No,Month-to-month,No,Electronic check,85.97,1166.4,Yes,Region2_Suburban_Cohort
REG2-03321,Male,0,Yes,Yes,1,Yes,Yes,Fiber optic,Yes,Yes,Yes,Yes,No,Yes,Month-to-month,Yes,Credit card (automatic),127.82,129.14,Yes,Region2_Suburban_Cohort
REG2-03322,Female,1,No,No,26,Yes,Yes,No,No internet service,No internet service,No internet service,No internet service,No internet service,No internet service,Month-to-month,No,Bank transfer (automatic),42.13,1120.72,No,Region2_Suburban_Cohort
REG2-03323,Female,1,Yes,Yes,1,Yes,No,Fiber optic,No,No,Yes,Yes,Yes,No,Month-to-month,Yes,Mailed check,101.2,98.46,Yes,Region2_Suburban_Cohort
REG2-03324,Female,0,Yes,No,19,Yes,No,Fiber optic,No,No,No,Yes,Yes,No,Month-to-month,No,Bank transfer (automatic),97.93,1785.27,No,Region2_Suburban_Cohort
REG2-03325,Female,0,Yes,Yes,45,Yes,Yes,Fiber optic,No,Yes,No,No,No,No,One year,No,Electronic check,97.09,4186.94,No,Region2_Suburban_Cohort
REG2-03326,Female,0,Yes,No,22,No,No phone service,No,No internet service,No internet service,No internet service,No internet service,No internet service,No internet service,One year,Yes,Electronic check,23.41,513.58,No,Region2_Suburban_Cohort
REG2-03327,Female,0,Yes,Yes,8,Yes,Yes,Fiber optic,No,Yes,Yes,Yes,Yes,No,Month-to-month,No,Credit card (automatic),123.25,1007.37,Yes,Region2_Suburban_Cohort
REG2-03328,Male,0,Yes,Yes,43,Yes,No,Fiber optic,Yes,No,No,No,No,No,One year,Yes,Bank transfer (automatic),81.14,3584.66,Yes,Region2_Suburban_Cohort
REG2-03329,Female,0,No,No,8,No,No phone service,Fiber optic,No,No,Yes,Yes,No,Yes,Month-to-month,Yes,Electronic check,94.53,772.91,Yes,Region2_Suburban_Cohort
REG2-03330,Female,1,No,No,36,Yes,No,No,No internet service,No internet service,No internet service,No internet service,No internet service,No internet service,One year,No,Electronic check,27.36,1025.62,Yes,Region2_Suburban_Cohort
REG2-03331,Female,0,No,No,26,Yes,Yes,Fiber optic,No,No,No,No,Yes,Yes,Month-to-month,No,Electronic check,110.27,2738.58,Yes,Region2_Suburban_Cohort
REG2-03332,Male,0,Yes,No,5,No,No phone service,DSL,No,No,No,No,No,No,Month-to-month,No,Electronic check,46.02,238.28,Yes,Region2_Suburban_Cohort
REG2-03333,Male,1,No,No,65,Yes,Yes,Fiber optic,Yes,No,No,Yes,No,No,One year,Yes,Electronic check,101.24,6686.33,No,Region2_Suburban_Cohort
REG2-03334,Female,1,Yes,Yes,6,Yes,Yes,No,No internet service,No internet service,No internet service,No internet service,No internet service,No internet service,Month-to-month,Yes,Electronic check,47.97,278.48,Yes,Region2_Suburban_Cohort
REG2-03335,Female,0,No,No,72,Yes,No,DSL,Yes,No,Yes,No,No,No,Two year,No,Bank transfer (automatic),72.8,5337.2,No,Region2_Suburban_Cohort
REG2-03336,Female,0,Yes,No,1,Yes,Yes,DSL,Yes,Yes,No,No,Yes,Yes,Month-to-month,Yes,Credit card (automatic),104.7,104.82,Yes,Region2_Suburban_Cohort
REG2-03337,Female,0,Yes,No,8,Yes,Yes,Fiber optic,No,Yes,No,No,No,No,Month-to-month,No,Mailed check,97.4,768.22,No,Region2_Suburban_Cohort
REG2-03338,Female,0,Yes,No,6,Yes,Yes,Fiber optic,Yes,No,Yes,No,No,Yes,Month-to-month,Yes,Mailed check,119.08,696.47,Yes,Region2_Suburban_Cohort
REG2-03339,Female,1,No,No,1,Yes,Yes,Fiber optic,Yes,Yes,No,No,No,Yes,Month-to-month,No,Electronic check,111.23,110.83,Yes,Region2_Suburban_Cohort
REG2-03340,Female,1,Yes,Yes,36,Yes,No,DSL,No,No,No,No,Yes,No,One year,No,Electronic check,70.2,2461.27,Yes,Region2_Suburban_Cohort
REG2-03341,Female,0,No,No,33,Yes,Yes,No,No internet service,No internet service,No internet service,No internet service,No internet service,No internet service,Month-to-month,No,Mailed check,38.84,1228.25,No,Region2_Suburban_Cohort
REG2-03342,Female,0,Yes,Yes,44,Yes,Yes,Fiber optic,Yes,No,No,Yes,Yes,No,One year,No,Credit card (automatic),114.98,5234.23,No,Region2_Suburban_Cohort
REG2-03343,Male,0,No,No,8,No,No phone service,No,No internet service,No internet service,No internet service,No internet service,No internet service,No internet service,Month-to-month,Yes,Electronic check,20.44,165.04,Yes,Region2_Suburban_Cohort
REG2-03344,Male,1,No,No,16,No,No phone service,Fiber optic,No,Yes,No,No,No,No,Month-to-month,Yes,Mailed check,71.35,1126.04,Yes,Region2_Suburban_Cohort
REG2-03345,Female,0,Yes,Yes,30,No,No phone service,No,No internet service,No internet service,No internet service,No internet service,No internet service,No internet service,One year,Yes,Credit card (automatic),18.34,547.27,No,Region2_Suburban_Cohort
REG2-03346,Male,0,Yes,No,16,Yes,No,Fiber optic,No,No,No,No,No,No,One year,Yes,Bank transfer (automatic),72.86,1208.29,No,Region2_Suburban_Cohort
REG2-03347,Male,0,No,No,33,Yes,No,Fiber optic,No,No,No,Yes,No,No,One year,Yes,Electronic check,81.65,2645.91,No,Region2_Suburban_Cohort
REG2-03348,Male,0,No,No,28,Yes,Yes,DSL,Yes,No,Yes,Yes,Yes,Yes,Two year,No,Electronic check,112.51,3112.53,No,Region2_Suburban_Cohort
REG2-03349,Male,0,Yes,Yes,3,Yes,No,DSL,Yes,No,No,No,No,No,Month-to-month,Yes,Credit card (automatic),65.78,202.59,Yes,Region2_Suburban_Cohort
REG2-03350,Male,0,No,No,42,Yes,Yes,DSL,No,No,Yes,No,Yes,No,Month-to-month,No,Electronic check,83.32,3394.64,No,Region2_Suburban_Cohort
REG2-03351,Male,1,No,No,35,Yes,No,DSL,Yes,No,Yes,No,Yes,Yes,One year,No,Mailed check,99.49,3537.61,No,Region2_Suburban_Cohort
REG2-03352,Female,1,Yes,No,29,Yes,No,DSL,Yes,Yes,No,Yes,No,No,Month-to-month,Yes,Mailed check,78.67,2266.45,Yes,Region2_Suburban_Cohort
REG2-03353,Male,0,No,No,4,No,No phone service,Fiber optic,Yes,Yes,No,No,Yes,No,Two year,Yes,Mailed check,87.76,351.05,Yes,Region2_Suburban_Cohort
REG2-03354,Male,0,Yes,Yes,8,Yes,No,Fiber optic,No,Yes,No,Yes,Yes,Yes,Month-to-month,Yes,Electronic check,116.93,962.28,Yes,Region2_Suburban_Cohort
REG2-03355,Male,0,Yes,No,13,Yes,No,Fiber optic,No,No,No,No,No,Yes,Month-to-month,Yes,Bank transfer (automatic),86.03,1173.54,Yes,Region2_Suburban_Cohort
REG2-03356,Female,0,No,No,9,Yes,Yes,DSL,No,Yes,No,Yes,No,No,Month-to-month,Yes,Electronic check,80.02,744.05,Yes,Region2_Suburban_Cohort
REG2-03357,Male,0,Yes,No,7,Yes,No,DSL,No,No,Yes,No,Yes,Yes,Month-to-month,No,Bank transfer (automatic),86.15,582.58,Yes,Region2_Suburban_Cohort
REG2-03358,Female,1,Yes,No,45,Yes,Yes,DSL,No,Yes,Yes,Yes,No,No,One year,Yes,Mailed check,89.06,3897.31,No,Region2_Suburban_Cohort
REG2-03359,Female,0,No,No,28,Yes,Yes,DSL,Yes,No,No,No,No,No,Two year,Yes,Electronic check,78.22,2170.43,No,Region2_Suburban_Cohort
REG2-03360,Female,0,No,No,23,Yes,No,Fiber optic,No,No,Yes,Yes,No,No,Month-to-month,Yes,Bank transfer (automatic),89.05,2093.05,Yes,Region2_Suburban_Cohort
REG2-03361,Male,1,No,No,7,Yes,No,DSL,No,No,No,No,Yes,No,Month-to-month,Yes,Credit card (automatic),63.69,446.25,Yes,Region2_Suburban_Cohort
REG2-03362,Female,1,No,No,70,Yes,No,Fiber optic,No,No,No,Yes,No,Yes,One year,No,Credit card (automatic),93.23,6788.32,Yes,Region2_Suburban_Cohort
REG2-03363,Male,0,No,No,5,No,No phone service,DSL,No,No,Yes,No,No,No,Month-to-month,No,Electronic check,50.52,241.2,Yes,Region2_Suburban_Cohort
REG2-03364,Female,0,Yes,No,44,Yes,Yes,Fiber optic,Yes,No,No,No,Yes,No,One year,No,Mailed check,109.69,4709.81,No,Region2_Suburban_Cohort
REG2-03365,Female,0,Yes,No,72,Yes,Yes,DSL,No,No,Yes,Yes,No,No,Month-to-month,Yes,Bank transfer (automatic),83.5,5843.23,Yes,Region2_Suburban_Cohort
REG2-03366,Male,0,No,No,36,Yes,Yes,DSL,No,Yes,Yes,No,Yes,No,Month-to-month,No,Bank transfer (automatic),91.33,3368.16,Yes,Region2_Suburban_Cohort
REG2-03367,Male,0,Yes,Yes,72,Yes,No,Fiber optic,No,No,No,Yes,No,No,Two year,Yes,Bank transfer (automatic),80.36,5765.54,No,Region2_Suburban_Cohort
REG2-03368,Male,0,No,No,29,Yes,Yes,DSL,No,No,Yes,No,Yes,No,One year,Yes,Credit card (automatic),85.89,2370.01,No,Region2_Suburban_Cohort
REG2-03369,Female,1,No,No,6,Yes,Yes,Fiber optic,No,No,Yes,Yes,Yes,Yes,Month-to-month,Yes,Mailed check,122.39,754.42,Yes,Region2_Suburban_Cohort
REG2-03370,Male,0,Yes,No,6,Yes,Yes,Fiber optic,No,No,Yes,Yes,Yes,No,Month-to-month,Yes,Bank transfer (automatic),112.23,664.07,Yes,Region2_Suburban_Cohort
REG2-03371,Female,0,No,No,10,Yes,No,DSL,No,Yes,No,No,Yes,No,Month-to-month,Yes,Electronic check,75.81,739.94,Yes,Region2_Suburban_Cohort
REG2-03372,Male,0,Yes,No,1,Yes,Yes,No,No internet service,No internet service,No internet service,No internet service,No internet service,No internet service,Month-to-month,Yes,Credit card (automatic),46.54,45.06,Yes,Region2_Suburban_Cohort
REG2-03373,Female,0,Yes,No,32,Yes,No,Fiber optic,No,No,No,Yes,No,Yes,One year,No,Bank transfer (automatic),90.41,3022.16,No,Region2_Suburban_Cohort
REG2-03374,Female,1,No,No,8,Yes,Yes,Fiber optic,No,Yes,No,No,No,Yes,Month-to-month,No,Mailed check,113.82,950.81,Yes,Region2_Suburban_Cohort
REG2-03375,Female,0,Yes,Yes,47,Yes,Yes,DSL,No,No,No,Yes,Yes,No,One year,Yes,Credit card (automatic),87.94,3958.16,No,Region2_Suburban_Cohort
REG2-03376,Female,0,Yes,No,12,No,No phone service,DSL,Yes,No,Yes,No,No,Yes,Month-to-month,No,Bank transfer (automatic),70.16,819.42,No,Region2_Suburban_Cohort
REG2-03377,Male,0,Yes,Yes,18,Yes,Yes,Fiber optic,No,No,No,Yes,Yes,No,Month-to-month,No,Mailed check,110.82,2023.91,Yes,Region2_Suburban_Cohort
REG2-03378,Male,0,No,No,72,No,No phone service,No,No internet service,No internet service,No internet service,No internet service,No internet service,No internet service,Two year,No,Credit card (automatic),21.05,1541.43,No,Region2_Suburban_Cohort
REG2-03379,Female,0,No,No,7,Yes,No,DSL,No,No,No,No,No,No,Month-to-month,No,Electronic check,57.11,396.48,Yes,Region2_Suburban_Cohort
REG2-03380,Male,0,No,No,35,Yes,Yes,Fiber optic,No,No,Yes,No,No,No,Month-to-month,Yes,Credit card (automatic),97.06,3420.37,No,Region2_Suburban_Cohort
REG2-03381,Male,0,No,No,39,Yes,Yes,Fiber optic,No,No,Yes,No,No,No,Two year,Yes,Electronic check,97.69,3887.11,Yes,Region2_Suburban_Cohort
REG2-03382,Male,0,Yes,No,6,Yes,No,Fiber optic,No,Yes,No,Yes,Yes,Yes,Month-to-month,Yes,Mailed check,111.87,701.46,Yes,Region2_Suburban_Cohort
REG2-03383,Male,0,No,No,19,Yes,Yes,DSL,Yes,No,Yes,Yes,Yes,No,One year,No,Electronic check,105.02,2040.3,Yes,Region2_Suburban_Cohort
REG2-03384,Male,1,No,No,12,Yes,No,Fiber optic,Yes,No,Yes,No,Yes,Yes,Two year,No,Electronic check,115.13,1327.72,Yes,Region2_Suburban_Cohort
REG2-03385,Female,1,Yes,No,41,Yes,Yes,No,No internet service,No internet service,No internet service,No internet service,No internet service,No internet service,Month-to-month,Yes,Bank transfer (automatic),43.45,1820.26,No,Region2_Suburban_Cohort
REG2-03386,Male,0,Yes,No,27,No,No phone service,Fiber optic,No,No,Yes,Yes,No,Yes,One year,Yes,Electronic check,91.31,2358.8,Yes,Region2_Suburban_Cohort
REG2-03387,Female,0,No,No,18,Yes,Yes,DSL,Yes,No,No,No,No,No,Month-to-month,Yes,Credit card (automatic),73.38,1321.17,No,Region2_Suburban_Cohort
REG2-03388,Male,0,No,No,42,Yes,Yes,Fiber optic,Yes,No,No,No,No,Yes,Month-to-month,No,Electronic check,105.55,4445.02,Yes,Region2_Suburban_Cohort
REG2-03389,Female,0,No,No,7,Yes,Yes,No,No internet service,No internet service,No internet service,No internet service,No internet service,No internet service,Month-to-month,Yes,Electronic check,43.83,315.35,No,Region2_Suburban_Cohort
REG2-03390,Male,0,No,No,39,Yes,No,DSL,No,No,Yes,No,No,No,Two year,No,Credit card (automatic),62.79,2329.2,No,Region2_Suburban_Cohort
REG2-03391,Female,1,No,No,56,Yes,No,Fiber optic,No,No,Yes,No,Yes,Yes,Two year,Yes,Bank transfer (automatic),105.65,6138.12,No,Region2_Suburban_Cohort
REG2-03392,Female,1,No,No,59,Yes,No,No,No internet service,No internet service,No internet service,No internet service,No internet service,No internet service,Two year,Yes,Bank transfer (automatic),29.16,1748.64,No,Region2_Suburban_Cohort
REG2-03393,Male,0,No,No,42,Yes,No,Fiber optic,No,No,No,No,Yes,Yes,One year,No,Electronic check,102.13,4088.37,Yes,Region2_Suburban_Cohort
REG2-03394,Female,0,Yes,No,14,Yes,Yes,DSL,No,No,Yes,Yes,Yes,No,One year,Yes,Bank transfer (automatic),96.24,1301.55,No,Region2_Suburban_Cohort
REG2-03395,Female,1,No,No,72,Yes,Yes,DSL,No,Yes,Yes,Yes,Yes,Yes,Two year,No,Mailed check,116.15,7977.71,No,Region2_Suburban_Cohort
REG2-03396,Female,0,Yes,No,13,Yes,No,DSL,Yes,No,Yes,No,Yes,No,Month-to-month,Yes,Credit card (automatic),83.67,1116.64,Yes,Region2_Suburban_Cohort
REG2-03397,Female,0,No,No,28,Yes,No,No,No internet service,No internet service,No internet service,No internet service,No internet service,No internet service,Two year,No,Bank transfer (automatic),32.68,884.93,No,Region2_Suburban_Cohort
REG2-03398,Male,0,Yes,No,4,Yes,Yes,No,No internet service,No internet service,No internet service,No internet service,No internet service,No internet service,Month-to-month,No,Credit card (automatic),39.36,150.29,Yes,Region2_Suburban_Cohort
REG2-03399,Female,0,Yes,Yes,72,Yes,No,No,No internet service,No internet service,No internet service,No internet service,No internet service,No internet service,Two year,Yes,Bank transfer (automatic),32.21,2235.17,No,Region2_Suburban_Cohort
REG2-03400,Male,0,Yes,Yes,34,Yes,Yes,Fiber optic,No,No,Yes,Yes,Yes,Yes,One year,No,Bank transfer (automatic),127.19,4350.22,Yes,Region2_Suburban_Cohort
REG2-03401,Male,0,Yes,No,39,Yes,No,Fiber optic,No,No,Yes,No,Yes,Yes,One year,Yes,Bank transfer (automatic),104.67,4080.29,No,Region2_Suburban_Cohort
REG2-03402,Female,0,Yes,No,1,Yes,No,DSL,No,Yes,No,No,No,Yes,Month-to-month,No,Bank transfer (automatic),74.95,73.05,Yes,Region2_Suburban_Cohort
REG2-03403,Male,0,Yes,No,40,Yes,No,DSL,No,No,No,No,Yes,No,One year,Yes,Electronic check,66.31,2769.88,Yes,Region2_Suburban_Cohort
REG2-03404,Female,0,No,No,41,Yes,Yes,DSL,Yes,Yes,Yes,Yes,No,Yes,One year,Yes,Mailed check,111.85,4748.56,No,Region2_Suburban_Cohort
REG2-03405,Female,0,Yes,Yes,31,No,No phone service,Fiber optic,No,No,No,No,No,No,One year,No,Electronic check,67.25,2046.07,No,Region2_Suburban_Cohort
REG2-03406,Female,0,Yes,No,9,Yes,No,No,No internet service,No internet service,No internet service,No internet service,No internet service,No internet service,Month-to-month,Yes,Bank transfer (automatic),27.18,244.0,No,Region2_Suburban_Cohort
REG2-03407,Female,0,No,No,18,Yes,No,No,No internet service,No internet service,No internet service,No internet service,No internet service,No internet service,One year,Yes,Bank transfer (automatic),34.29,618.26,No,Region2_Suburban_Cohort
REG2-03408,Male,1,No,No,3,Yes,Yes,Fiber optic,No,Yes,No,No,No,No,Month-to-month,Yes,Bank transfer (automatic),90.8,279.38,Yes,Region2_Suburban_Cohort
REG2-03409,Male,0,Yes,Yes,17,Yes,Yes,Fiber optic,Yes,Yes,No,Yes,Yes,Yes,Month-to-month,No,Credit card (automatic),133.15,2247.24,Yes,Region2_Suburban_Cohort
REG2-03410,Male,0,No,No,7,Yes,No,Fiber optic,No,No,Yes,Yes,Yes,No,Month-to-month,Yes,Mailed check,107.93,759.02,Yes,Region2_Suburban_Cohort
REG2-03411,Male,1,No,No,12,No,No phone service,Fiber optic,No,Yes,No,Yes,No,No,One year,Yes,Electronic check,77.29,919.37,No,Region2_Suburban_Cohort
REG2-03412,Male,0,Yes,No,4,Yes,Yes,DSL,No,Yes,No,Yes,No,Yes,Month-to-month,Yes,Electronic check,93.52,383.91,Yes,Region2_Suburban_Cohort
REG2-03413,Male,0,Yes,No,7,Yes,Yes,No,No internet service,No internet service,No internet service,No internet service,No internet service,No internet service,Month-to-month,Yes,Electronic check,40.05,281.92,No,Region2_Suburban_Cohort
REG2-03414,Female,0,No,No,2,Yes,Yes,Fiber optic,No,No,No,No,No,Yes,Month-to-month,No,Electronic check,92.95,191.99,Yes,Region2_Suburban_Cohort
REG2-03415,Female,0,No,No,70,Yes,No,DSL,No,No,No,No,No,No,Two year,No,Electronic check,54.72,3659.46,No,Region2_Suburban_Cohort
REG2-03416,Male,0,No,No,21,Yes,No,DSL,No,Yes,No,Yes,No,Yes,Month-to-month,No,Bank transfer (automatic),84.11,1837.72,Yes,Region2_Suburban_Cohort
REG2-03417,Female,1,Yes,No,14,Yes,No,Fiber optic,Yes,Yes,Yes,Yes,No,Yes,One year,Yes,Electronic check,120.1,1735.1,Yes,Region2_Suburban_Cohort
REG2-03418,Male,0,Yes,No,21,Yes,Yes,DSL,No,Yes,Yes,No,No,No,One year,Yes,Electronic check,81.51,1766.23,Yes,Region2_Suburban_Cohort
REG2-03419,Male,0,No,No,27,Yes,No,DSL,No,Yes,Yes,No,No,No,Month-to-month,Yes,Credit card (automatic),66.04,1718.94,Yes,Region2_Suburban_Cohort
REG2-03420,Female,1,Yes,Yes,71,No,No phone service,DSL,Yes,Yes,Yes,No,Yes,No,Two year,No,Credit card (automatic),79.24,5492.97,No,Region2_Suburban_Cohort
REG2-03421,Female,0,Yes,Yes,5,Yes,No,Fiber optic,No,No,Yes,Yes,No,No,Two year,Yes,Bank transfer (automatic),88.73,464.96,Yes,Region2_Suburban_Cohort
REG2-03422,Female,0,No,No,9,Yes,No,DSL,No,Yes,No,No,No,Yes,One year,Yes,Electronic check,75.62,711.22,Yes,Region2_Suburban_Cohort
REG2-03423,Male,0,Yes,Yes,72,Yes,Yes,Fiber optic,Yes,Yes,No,Yes,Yes,Yes,Two year,No,Credit card (automatic),133.55,9352.66,No,Region2_Suburban_Cohort
REG2-03424,Female,0,No,No,12,No,No phone service,Fiber optic,No,No,No,No,No,Yes,One year,Yes,Mailed check,77.97,929.36,No,Region2_Suburban_Cohort
REG2-03425,Female,0,No,No,1,Yes,No,Fiber optic,No,No,No,Yes,Yes,Yes,Month-to-month,No,Electronic check,102.13,98.62,Yes,Region2_Suburban_Cohort
REG2-03426,Female,0,Yes,Yes,4,Yes,Yes,Fiber optic,Yes,No,Yes,Yes,No,No,Month-to-month,No,Bank transfer (automatic),112.52,439.4,Yes,Region2_Suburban_Cohort
REG2-03427,Female,0,No,No,1,Yes,Yes,Fiber optic,No,No,No,No,No,Yes,Month-to-month,No,Electronic check,100.21,97.05,Yes,Region2_Suburban_Cohort
REG2-03428,Female,0,Yes,No,72,Yes,No,Fiber optic,Yes,Yes,No,No,No,Yes,Two year,Yes,Credit card (automatic),100.17,6910.0,No,Region2_Suburban_Cohort
REG2-03429,Female,0,No,No,9,Yes,No,DSL,Yes,No,No,No,Yes,No,Month-to-month,Yes,Credit card (automatic),73.12,663.31,No,Region2_Suburban_Cohort
REG2-03430,Female,0,Yes,Yes,71,Yes,Yes,DSL,No,No,Yes,No,Yes,No,One year,Yes,Electronic check,86.11,5955.33,No,Region2_Suburban_Cohort
REG2-03431,Female,0,Yes,No,72,Yes,No,Fiber optic,No,Yes,No,No,No,Yes,One year,Yes,Mailed check,97.62,7374.62,Yes,Region2_Suburban_Cohort
REG2-03432,Female,0,No,No,25,Yes,Yes,Fiber optic,Yes,No,No,No,No,Yes,Month-to-month,Yes,Mailed check,106.18,2658.6,Yes,Region2_Suburban_Cohort
REG2-03433,Male,0,Yes,No,1,Yes,No,DSL,No,No,No,No,No,No,Month-to-month,No,Credit card (automatic),55.75,54.96,Yes,Region2_Suburban_Cohort
REG2-03434,Female,1,No,No,2,Yes,Yes,Fiber optic,Yes,Yes,No,Yes,No,Yes,Month-to-month,Yes,Mailed check,122.91,255.98,No,Region2_Suburban_Cohort
REG2-03435,Male,0,Yes,Yes,18,Yes,Yes,Fiber optic,Yes,No,No,No,Yes,No,One year,Yes,Electronic check,109.19,1989.15,Yes,Region2_Suburban_Cohort
REG2-03436,Male,0,Yes,No,14,Yes,No,DSL,No,No,No,Yes,No,No,One year,Yes,Electronic check,63.34,853.69,No,Region2_Suburban_Cohort
REG2-03437,Female,0,Yes,No,26,Yes,No,Fiber optic,No,Yes,No,No,No,Yes,One year,No,Electronic check,91.82,2386.8,Yes,Region2_Suburban_Cohort
REG2-03438,Female,0,Yes,Yes,16,Yes,No,Fiber optic,No,No,No,No,Yes,Yes,Month-to-month,No,Credit card (automatic),98.27,1563.06,Yes,Region2_Suburban_Cohort
REG2-03439,Female,0,Yes,No,72,Yes,No,Fiber optic,No,Yes,No,No,No,Yes,Two year,No,Credit card (automatic),97.43,7200.95,No,Region2_Suburban_Cohort
REG2-03440,Male,0,No,No,21,Yes,No,Fiber optic,No,No,No,No,Yes,No,One year,Yes,Electronic check,87.74,1878.24,No,Region2_Suburban_Cohort
REG2-03441,Female,1,No,No,33,Yes,No,No,No internet service,No internet service,No internet service,No internet service,No internet service,No internet service,Month-to-month,Yes,Electronic check,26.87,875.25,Yes,Region2_Suburban_Cohort
REG2-03442,Male,0,No,No,63,Yes,Yes,Fiber optic,No,Yes,No,No,Yes,No,Month-to-month,Yes,Mailed check,111.38,6995.52,No,Region2_Suburban_Cohort
REG2-03443,Female,0,No,No,4,Yes,Yes,DSL,No,No,Yes,No,No,Yes,Month-to-month,No,Credit card (automatic),85.42,342.32,Yes,Region2_Suburban_Cohort
REG2-03444,Female,0,Yes,Yes,7,Yes,Yes,DSL,No,No,No,No,No,Yes,Month-to-month,Yes,Electronic check,81.26,564.41,Yes,Region2_Suburban_Cohort
REG2-03445,Female,0,No,No,3,Yes,Yes,Fiber optic,No,No,Yes,Yes,No,No,Month-to-month,No,Mailed check,106.48,306.91,Yes,Region2_Suburban_Cohort
REG2-03446,Female,0,Yes,Yes,4,No,No phone service,Fiber optic,No,No,Yes,No,Yes,No,Month-to-month,Yes,Electronic check,87.6,364.61,Yes,Region2_Suburban_Cohort
REG2-03447,Female,0,No,No,20,Yes,No,DSL,Yes,No,No,No,Yes,Yes,One year,Yes,Electronic check,84.75,1724.25,No,Region2_Suburban_Cohort
REG2-03448,Female,1,Yes,No,10,Yes,Yes,No,No internet service,No internet service,No internet service,No internet service,No internet service,No internet service,Month-to-month,No,Bank transfer (automatic),44.69,445.55,Yes,Region2_Suburban_Cohort
REG2-03449,Male,0,No,No,15,Yes,Yes,Fiber optic,No,Yes,No,Yes,No,No,Two year,No,Mailed check,103.57,1564.36,Yes,Region2_Suburban_Cohort
REG2-03450,Male,0,No,No,72,No,No phone service,Fiber optic,Yes,No,No,No,No,Yes,One year,Yes,Mailed check,81.67,5711.57,No,Region2_Suburban_Cohort
REG2-03451,Female,0,No,No,4,No,No phone service,DSL,Yes,Yes,No,No,No,No,Month-to-month,Yes,Credit card (automatic),60.77,243.82,Yes,Region2_Suburban_Cohort
REG2-03452,Female,0,No,No,21,Yes,Yes,Fiber optic,Yes,No,No,No,No,Yes,One year,Yes,Bank transfer (automatic),104.49,2248.28,No,Region2_Suburban_Cohort
REG2-03453,Male,0,No,No,2,Yes,No,Fiber optic,Yes,No,Yes,No,Yes,No,Month-to-month,Yes,Electronic check,103.97,208.64,Yes,Region2_Suburban_Cohort
REG2-03454,Female,0,No,No,10,Yes,Yes,Fiber optic,No,No,No,No,No,No,Month-to-month,No,Mailed check,88.96,887.88,Yes,Region2_Suburban_Cohort
REG2-03455,Male,0,Yes,No,20,No,No phone service,Fiber optic,No,No,Yes,No,No,No,Month-to-month,No,Credit card (automatic),75.81,1510.5,Yes,Region2_Suburban_Cohort
REG2-03456,Male,0,Yes,Yes,72,Yes,Yes,Fiber optic,Yes,No,No,No,No,Yes,One year,Yes,Mailed check,106.8,7890.78,No,Region2_Suburban_Cohort
REG2-03457,Female,0,Yes,Yes,13,No,No phone service,DSL,No,No,Yes,No,Yes,Yes,One year,No,Bank transfer (automatic),74.7,995.7,Yes,Region2_Suburban_Cohort
REG2-03458,Female,0,Yes,No,1,Yes,No,DSL,No,No,No,Yes,Yes,No,Month-to-month,Yes,Electronic check,71.98,73.78,Yes,Region2_Suburban_Cohort
REG2-03459,Female,1,No,No,13,Yes,No,DSL,No,No,Yes,Yes,No,Yes,Month-to-month,Yes,Electronic check,84.69,1073.02,Yes,Region2_Suburban_Cohort
REG2-03460,Male,0,Yes,Yes,4,Yes,Yes,Fiber optic,No,No,Yes,Yes,Yes,No,Month-to-month,Yes,Electronic check,117.43,475.26,Yes,Region2_Suburban_Cohort
REG2-03461,Male,0,No,No,7,Yes,No,Fiber optic,No,No,Yes,No,Yes,Yes,Month-to-month,Yes,Mailed check,108.36,779.68,Yes,Region2_Suburban_Cohort
REG2-03462,Female,1,No,No,26,No,No phone service,DSL,No,No,No,No,No,No,Two year,No,Mailed check,42.86,1121.26,No,Region2_Suburban_Cohort
REG2-03463,Female,0,No,No,1,Yes,Yes,Fiber optic,No,No,Yes,Yes,No,No,One year,Yes,Credit card (automatic),101.39,104.22,No,Region2_Suburban_Cohort
REG2-03464,Male,0,Yes,No,17,No,No phone service,Fiber optic,No,Yes,No,No,No,Yes,Month-to-month,Yes,Mailed check,83.56,1470.86,Yes,Region2_Suburban_Cohort
REG2-03465,Female,0,Yes,No,26,Yes,No,Fiber optic,No,No,No,No,No,Yes,Two year,Yes,Bank transfer (automatic),83.24,2093.66,No,Region2_Suburban_Cohort
REG2-03466,Male,1,Yes,No,15,Yes,Yes,Fiber optic,Yes,Yes,No,No,Yes,No,Month-to-month,No,Bank transfer (automatic),116.25,1709.98,Yes,Region2_Suburban_Cohort
REG2-03467,Female,0,Yes,No,1,Yes,No,No,No internet service,No internet service,No internet service,No internet service,No internet service,No internet service,Month-to-month,No,Mailed check,29.64,29.94,Yes,Region2_Suburban_Cohort
REG2-03468,Female,0,No,No,72,Yes,No,DSL,No,No,Yes,No,No,Yes,Month-to-month,No,Bank transfer (automatic),78.57,5538.06,Yes,Region2_Suburban_Cohort
REG2-03469,Male,0,No,No,12,Yes,No,Fiber optic,No,Yes,No,No,No,No,Month-to-month,Yes,Credit card (automatic),80.56,1009.39,Yes,Region2_Suburban_Cohort
REG2-03470,Male,0,No,No,42,No,No phone service,DSL,Yes,Yes,Yes,No,Yes,No,Two year,Yes,Mailed check,80.63,3282.88,No,Region2_Suburban_Cohort
REG2-03471,Female,0,No,No,11,Yes,Yes,Fiber optic,No,No,No,No,Yes,No,Month-to-month,Yes,Electronic check,95.88,1039.59,Yes,Region2_Suburban_Cohort
REG2-03472,Female,0,No,No,18,Yes,No,Fiber optic,No,No,No,Yes,No,No,One year,Yes,Credit card (automatic),82.04,1549.72,No,Region2_Suburban_Cohort
REG2-03473,Female,0,Yes,No,13,Yes,Yes,Fiber optic,Yes,No,Yes,No,No,No,Two year,Yes,Bank transfer (automatic),104.97,1322.2,No,Region2_Suburban_Cohort
REG2-03474,Female,0,No,No,11,Yes,No,DSL,Yes,Yes,No,No,Yes,No,Month-to-month,Yes,Bank transfer (automatic),83.14,909.86,Yes,Region2_Suburban_Cohort
REG2-03475,Female,0,Yes,Yes,1,Yes,No,Fiber optic,Yes,No,Yes,No,Yes,No,Month-to-month,Yes,Bank transfer (automatic),100.58,98.71,No,Region2_Suburban_Cohort
REG2-03476,Female,0,Yes,No,12,Yes,No,Fiber optic,No,No,No,Yes,Yes,No,One year,No,Bank transfer (automatic),91.25,1128.92,No,Region2_Suburban_Cohort
REG2-03477,Female,1,Yes,Yes,61,Yes,No,Fiber optic,No,No,No,Yes,No,Yes,Two year,Yes,Mailed check,94.16,5631.27,No,Region2_Suburban_Cohort
REG2-03478,Male,0,Yes,Yes,32,Yes,No,Fiber optic,Yes,Yes,No,No,Yes,Yes,Two year,No,Credit card (automatic),115.51,3571.17,No,Region2_Suburban_Cohort
REG2-03479,Male,0,Yes,Yes,4,Yes,No,DSL,Yes,No,No,No,No,No,Month-to-month,Yes,Bank transfer (automatic),65.05,271.47,Yes,Region2_Suburban_Cohort
REG2-03480,Male,0,Yes,Yes,25,No,No phone service,DSL,Yes,Yes,No,No,No,Yes,One year,Yes,Credit card (automatic),71.13,1745.78,No,Region2_Suburban_Cohort
REG2-03481,Female,0,No,No,62,Yes,Yes,DSL,No,Yes,Yes,No,Yes,Yes,Two year,Yes,Mailed check,105.07,6671.82,No,Region2_Suburban_Cohort
REG2-03482,Male,1,No,No,33,Yes,Yes,DSL,Yes,Yes,Yes,Yes,No,Yes,Month-to-month,No,Credit card (automatic),116.31,3757.85,No,Region2_Suburban_Cohort
REG2-03483,Female,1,Yes,Yes,4,Yes,No,No,No internet service,No internet service,No internet service,No internet service,No internet service,No internet service,Month-to-month,Yes,Bank transfer (automatic),29.94,115.91,Yes,Region2_Suburban_Cohort
REG2-03484,Female,1,Yes,No,56,Yes,No,Fiber optic,No,No,Yes,Yes,No,No,Month-to-month,Yes,Bank transfer (automatic),93.38,5387.42,Yes,Region2_Suburban_Cohort
REG2-03485,Female,0,No,No,10,Yes,No,Fiber optic,Yes,No,No,Yes,No,Yes,Month-to-month,Yes,Electronic check,99.84,954.03,Yes,Region2_Suburban_Cohort
REG2-03486,Male,0,Yes,Yes,16,Yes,No,Fiber optic,No,Yes,Yes,No,Yes,Yes,Two year,Yes,Bank transfer (automatic),115.8,1821.67,Yes,Region2_Suburban_Cohort
REG2-03487,Male,0,No,No,20,Yes,No,Fiber optic,No,Yes,No,No,No,Yes,One year,Yes,Electronic check,96.85,1991.25,Yes,Region2_Suburban_Cohort
REG2-03488,Male,0,No,No,53,Yes,No,Fiber optic,No,Yes,No,Yes,Yes,Yes,Two year,No,Bank transfer (automatic),115.14,6109.83,No,Region2_Suburban_Cohort
REG2-03489,Male,0,Yes,Yes,72,Yes,Yes,Fiber optic,Yes,Yes,No,Yes,Yes,No,Two year,Yes,Bank transfer (automatic),118.65,8704.75,No,Region2_Suburban_Cohort
REG2-03490,Male,1,Yes,Yes,72,Yes,No,Fiber optic,No,No,No,Yes,No,Yes,Month-to-month,Yes,Electronic check,92.73,6387.34,Yes,Region2_Suburban_Cohort
REG2-03491,Female,0,Yes,No,1,Yes,Yes,DSL,No,No,No,No,No,No,Month-to-month,Yes,Mailed check,67.92,69.62,Yes,Region2_Suburban_Cohort
REG2-03492,Female,0,Yes,Yes,71,Yes,Yes,No,No internet service,No internet service,No internet service,No internet service,No internet service,No internet service,One year,Yes,Mailed check,38.0,2609.49,No,Region2_Suburban_Cohort
REG2-03493,Female,0,Yes,Yes,1,Yes,Yes,Fiber optic,No,Yes,No,Yes,No,No,Month-to-month,Yes,Bank transfer (automatic),109.33,112.71,Yes,Region2_Suburban_Cohort
REG2-03494,Female,1,No,No,8,Yes,No,Fiber optic,No,No,No,No,Yes,No,One year,Yes,Mailed check,89.85,723.41,Yes,Region2_Suburban_Cohort
REG2-03495,Male,0,Yes,Yes,20,Yes,Yes,DSL,No,No,No,No,Yes,No,One year,No,Mailed check,75.23,1540.58,Yes,Region2_Suburban_Cohort
REG2-03496,Female,0,No,No,18,Yes,No,Fiber optic,No,No,No,No,No,Yes,Two year,Yes,Bank transfer (automatic),87.66,1532.57,Yes,Region2_Suburban_Cohort
REG2-03497,Female,1,No,No,25,Yes,No,Fiber optic,Yes,No,Yes,Yes,No,No,One year,Yes,Bank transfer (automatic),99.19,2453.82,Yes,Region2_Suburban_Cohort
REG2-03498,Male,0,Yes,Yes,18,Yes,No,Fiber optic,No,No,Yes,Yes,No,No,One year,Yes,Credit card (automatic),93.72,1737.92,No,Region2_Suburban_Cohort
REG2-03499,Female,0,Yes,No,72,Yes,No,DSL,No,Yes,No,No,Yes,Yes,Two year,Yes,Mailed check,80.76,6053.59,No,Region2_Suburban_Cohort
